timestamp,machine_id,temperature_c,vibration_mm_s,rpm,pressure_psi,flow_rate_l_min,material_hardness,power_draw_kw,phase_imbalance_pct,sensor_drift_factor,variation_score,wear_and_tear_index,production_quantity,defect_rate_pct,days_until_failure,status
2023-01-01 00:00:00,M-101,65.99,4.86,1506,123.05,49.77,198.83,46.58,1.15,0.0077,0.1,16.94,998,2.45,118,Normal
2023-01-01 01:00:00,M-103,63.15,2.39,1509,121.63,48.48,197.86,44.26,0.86,-0.0007,0.0,25.43,987,4.11,149,Normal
2023-01-01 02:00:00,M-102,63.91,5.11,1488,120.75,49.4,198.54,44.4,1.37,0.0099,0.02,11.36,976,1.63,162,Normal
2023-01-01 03:00:00,M-105,65.78,3.73,1510,125.56,51.19,201.09,45.88,0.8,0.0021,0.08,21.87,1006,3.17,119,Normal
2023-01-01 04:00:00,M-104,65.69,3.24,1503,119.23,49.32,203.06,46.03,1.19,0.0058,0.07,36.92,985,4.92,98,Normal
2023-01-01 05:00:00,M-101,67.2,4.82,1495,122.36,49.1,204.17,45.3,0.79,0.0096,0.22,30.14,993,5.36,74,Normal
2023-01-01 06:00:00,M-105,64.93,6.56,1473,121.64,50.09,198.5,45.09,0.6,0.0089,0.31,27.01,969,4.28,64,Normal
2023-01-01 07:00:00,M-105,66.49,4.79,1495,121.0,51.16,201.29,45.31,1.27,0.0109,0.15,15.53,975,2.96,105,Normal
2023-01-01 08:00:00,M-105,64.22,3.54,1502,120.52,50.01,198.83,43.58,0.92,0.0083,0.0,38.29,983,5.85,123,Normal
2023-01-01 09:00:00,M-104,60.96,4.06,1514,119.96,48.33,194.64,44.01,1.02,0.0078,0.0,18.36,986,2.76,163,Normal
2023-01-01 10:00:00,M-101,64.62,5.3,1499,117.66,51.14,203.76,45.79,0.82,0.017,0.06,29.91,964,4.17,112,Normal
2023-01-01 11:00:00,M-102,65.15,4.51,1509,123.41,50.87,200.05,44.63,1.13,0.0039,0.02,21.83,1008,2.85,147,Normal
2023-01-01 12:00:00,M-103,63.43,4.68,1508,117.54,50.23,206.54,43.39,1.04,0.0113,0.0,20.17,1015,3.68,159,Normal
2023-01-01 13:00:00,M-102,80.66,25.09,1360,146.81,39.24,172.62,63.92,9.1,0.2163,5.58,100.0,344,25.69,0,Failure
2023-01-01 14:00:00,M-103,67.32,4.18,1509,120.83,50.82,209.48,44.75,0.85,0.0056,0.23,42.67,955,7.3,59,Normal
2023-01-01 15:00:00,M-104,64.52,6.21,1505,125.47,50.09,192.97,44.97,0.81,0.0149,0.24,18.94,971,3.26,82,Normal
2023-01-01 16:00:00,M-103,64.55,5.71,1504,119.85,49.15,192.43,44.55,1.17,0.0111,0.14,40.23,957,6.63,76,Normal
2023-01-01 17:00:00,M-101,68.53,5.23,1491,122.11,50.05,204.36,46.07,0.81,0.0169,0.4,40.29,970,6.54,46,Normal
2023-01-01 18:00:00,M-105,66.03,8.85,1505,122.27,50.95,203.26,44.68,1.15,0.0061,0.87,40.45,890,7.8,26,Normal
2023-01-01 19:00:00,M-104,63.93,3.21,1503,119.17,50.08,195.53,44.67,1.31,0.0106,0.0,12.56,1010,1.25,174,Normal
2023-01-01 20:00:00,M-103,75.18,10.05,1514,133.17,38.92,191.49,53.01,3.85,0.0341,2.03,41.17,754,9.84,12,Warning
2023-01-01 21:00:00,M-105,81.65,11.0,1440,131.59,40.16,197.56,58.8,3.38,0.083,2.86,60.39,629,15.71,6,Warning
2023-01-01 22:00:00,M-103,67.53,4.29,1504,121.55,49.07,199.7,41.76,0.8,0.0087,0.25,25.76,944,5.14,73,Normal
2023-01-01 23:00:00,M-101,67.65,4.87,1495,120.12,52.35,202.02,45.91,0.96,0.0103,0.26,31.23,981,5.28,66,Normal
2023-01-02 00:00:00,M-102,68.17,3.76,1521,116.1,49.85,202.94,45.28,0.88,0.009,0.32,40.1,952,6.34,52,Normal
2023-01-02 01:00:00,M-101,73.58,14.86,1493,131.81,46.74,184.96,57.63,3.55,0.0358,2.83,75.73,624,16.41,3,Warning
2023-01-02 02:00:00,M-101,66.09,4.8,1497,122.2,50.83,204.07,46.31,1.0,0.0134,0.11,23.32,980,3.58,106,Normal
2023-01-02 03:00:00,M-104,63.77,6.91,1510,116.42,49.55,206.02,43.8,1.15,0.0133,0.38,32.22,940,5.59,53,Normal
2023-01-02 04:00:00,M-103,66.95,4.85,1491,119.36,50.41,197.18,44.18,1.05,0.0112,0.2,15.11,966,2.94,95,Normal
2023-01-02 05:00:00,M-103,66.75,6.15,1495,118.67,51.36,189.81,46.57,0.94,0.01,0.41,19.65,937,3.73,61,Normal
2023-01-02 06:00:00,M-103,65.65,4.17,1505,123.07,49.89,202.01,45.69,0.92,0.0111,0.06,13.18,992,2.34,138,Normal
2023-01-02 07:00:00,M-101,65.11,7.28,1504,119.14,51.86,206.0,46.82,0.98,0.0149,0.47,22.63,915,4.72,54,Normal
2023-01-02 08:00:00,M-102,60.75,4.47,1492,120.3,50.34,209.38,45.95,0.88,0.0055,0.0,37.33,1009,5.97,125,Normal
2023-01-02 09:00:00,M-102,67.95,5.7,1498,119.85,49.72,201.48,43.9,1.07,0.0096,0.44,30.59,953,5.6,50,Normal
2023-01-02 10:00:00,M-104,61.81,4.4,1500,120.09,49.55,203.11,43.93,0.97,0.0106,0.0,16.86,1010,3.06,166,Normal
2023-01-02 11:00:00,M-105,68.08,4.17,1496,120.48,52.05,200.57,46.55,1.03,0.0158,0.31,26.73,983,4.71,65,Normal
2023-01-02 12:00:00,M-103,77.58,16.11,1421,133.43,48.18,175.93,51.45,0.96,0.0446,3.48,77.61,596,18.36,3,Warning
2023-01-02 13:00:00,M-101,67.67,5.98,1503,119.97,50.8,198.59,43.34,1.0,0.012,0.46,24.15,966,3.83,53,Normal
2023-01-02 14:00:00,M-101,76.47,9.18,1434,124.7,44.81,197.64,52.04,3.5,0.0394,1.98,45.05,746,10.01,12,Warning
2023-01-02 15:00:00,M-104,64.62,5.06,1477,119.8,50.04,202.57,46.2,1.17,0.0069,0.01,16.45,983,2.78,159,Normal
2023-01-02 16:00:00,M-102,73.9,5.09,1404,136.83,49.93,188.01,56.73,3.31,0.1116,0.91,26.85,913,6.61,31,Warning
2023-01-02 17:00:00,M-105,65.17,9.57,1422,129.07,44.86,181.51,53.04,2.23,0.043,0.93,44.34,892,8.97,23,Warning
2023-01-02 18:00:00,M-103,64.98,6.48,1500,118.28,51.52,202.69,43.96,0.96,0.0056,0.3,33.82,936,4.71,60,Normal
2023-01-02 19:00:00,M-104,66.88,5.03,1501,119.28,49.76,197.71,44.37,0.92,0.0079,0.19,39.81,960,6.09,67,Normal
2023-01-02 20:00:00,M-104,65.1,4.17,1502,119.9,49.76,195.46,44.42,1.15,0.0125,0.01,38.03,979,6.75,119,Normal
2023-01-02 21:00:00,M-102,68.24,5.93,1492,118.87,49.0,201.4,42.26,0.91,0.0085,0.51,35.1,908,6.68,42,Normal
2023-01-02 22:00:00,M-105,64.87,3.79,1493,120.09,49.14,198.08,46.01,0.88,0.0142,0.0,32.81,977,4.56,134,Normal
2023-01-02 23:00:00,M-105,69.87,3.23,1489,120.34,50.09,202.44,46.58,0.98,0.0106,0.49,22.21,929,4.6,52,Normal
2023-01-03 00:00:00,M-105,65.79,4.58,1502,124.15,50.87,198.37,46.2,0.92,-0.0002,0.08,25.06,970,4.44,113,Normal
2023-01-03 01:00:00,M-102,80.78,14.1,1300,143.09,39.12,183.39,70.48,5.23,0.1643,3.4,100.0,595,17.73,0,Failure
2023-01-03 02:00:00,M-102,65.68,4.58,1506,124.54,50.18,201.24,44.54,0.83,0.0142,0.07,12.02,974,2.69,138,Normal
2023-01-03 03:00:00,M-101,65.8,4.65,1508,122.57,49.56,197.86,44.45,1.19,0.0149,0.08,27.49,1018,4.79,109,Normal
2023-01-03 04:00:00,M-101,63.45,3.76,1482,122.99,50.65,199.72,45.28,0.77,0.0222,0.0,10.54,1002,2.47,178,Normal
2023-01-03 05:00:00,M-102,66.18,5.22,1504,120.5,48.86,193.29,46.89,1.04,0.0105,0.16,15.82,978,3.09,102,Normal
2023-01-03 06:00:00,M-104,65.11,6.09,1483,123.06,49.84,197.87,43.99,0.67,0.0141,0.23,23.84,973,4.67,79,Normal
2023-01-03 07:00:00,M-104,63.36,3.5,1497,117.75,49.85,199.97,43.68,1.16,0.0092,0.0,28.97,1021,3.42,142,Normal
2023-01-03 08:00:00,M-104,64.46,3.89,1525,120.12,50.01,199.88,45.2,0.97,0.0071,0.0,11.1,989,2.95,177,Normal
2023-01-03 09:00:00,M-105,70.57,16.17,1370,119.61,41.28,180.58,55.61,3.29,0.0449,2.79,59.98,662,14.84,6,Warning
2023-01-03 10:00:00,M-101,62.78,6.75,1509,122.54,50.72,194.35,44.48,1.1,0.0039,0.35,18.24,972,3.84,68,Normal
2023-01-03 11:00:00,M-101,63.12,5.23,1502,123.29,48.99,196.71,44.06,0.67,0.0188,0.05,22.09,969,3.0,131,Normal
2023-01-03 12:00:00,M-105,61.89,5.61,1487,123.51,47.92,208.48,45.21,0.98,0.0073,0.12,37.87,993,6.41,83,Normal
2023-01-03 13:00:00,M-103,64.94,4.66,1513,124.31,50.67,196.89,44.58,0.74,0.0105,0.0,26.63,967,4.27,146,Normal
2023-01-03 14:00:00,M-104,67.06,5.47,1502,121.97,51.67,205.07,43.16,0.74,0.0069,0.3,19.49,964,3.35,73,Normal
2023-01-03 15:00:00,M-101,85.99,14.83,1329,132.81,31.01,190.12,65.58,8.15,0.0623,4.06,100.0,553,22.84,0,Failure
2023-01-03 16:00:00,M-103,80.71,25.5,1271,145.98,47.8,168.56,75.75,5.59,0.1483,5.67,100.0,354,25.56,0,Failure
2023-01-03 17:00:00,M-102,64.2,5.5,1505,117.82,50.93,191.19,46.14,0.74,0.0089,0.1,33.47,1009,5.28,95,Normal
2023-01-03 18:00:00,M-101,77.24,15.24,1475,132.3,44.79,176.71,56.29,3.21,0.0554,3.27,86.55,581,19.75,1,Warning
2023-01-03 19:00:00,M-103,74.15,15.39,1447,127.67,47.66,178.76,56.5,1.96,0.0756,2.99,64.34,635,15.7,5,Warning
2023-01-03 20:00:00,M-105,67.89,5.2,1510,117.03,50.27,204.45,45.08,1.21,0.0074,0.33,29.33,988,5.52,61,Normal
2023-01-03 21:00:00,M-102,65.63,3.32,1482,118.25,50.79,198.5,44.2,0.8,0.0047,0.06,31.33,953,4.22,109,Normal
2023-01-03 22:00:00,M-102,66.97,4.79,1499,121.35,48.88,201.91,45.17,1.1,0.0114,0.2,19.87,1025,3.12,89,Normal
2023-01-03 23:00:00,M-105,72.6,13.67,1431,127.52,44.5,187.01,51.48,3.8,0.071,2.49,54.14,707,12.92,8,Warning
2023-01-04 00:00:00,M-105,65.41,3.48,1515,123.59,49.39,198.06,45.29,1.07,0.0133,0.04,13.22,1035,1.19,149,Normal
2023-01-04 01:00:00,M-101,62.49,5.88,1490,118.32,49.99,203.47,43.94,0.3,0.0056,0.18,23.09,1002,3.99,90,Normal
2023-01-04 02:00:00,M-103,77.73,17.54,1467,128.2,46.77,198.87,57.46,3.51,0.0713,3.78,85.27,569,20.03,1,Warning
2023-01-04 03:00:00,M-103,65.96,4.63,1491,118.62,50.49,202.09,45.4,0.95,0.01,0.1,40.88,1004,5.58,85,Normal
2023-01-04 04:00:00,M-102,69.56,14.24,1469,140.82,44.08,191.75,55.75,4.58,0.0481,2.3,63.54,729,14.23,7,Warning
2023-01-04 05:00:00,M-101,65.82,4.81,1495,119.27,50.17,190.95,45.97,0.9,0.0106,0.08,11.96,997,1.69,132,Normal
2023-01-04 06:00:00,M-104,81.26,11.8,1433,139.41,40.66,172.41,56.32,2.5,0.0296,2.99,57.27,655,15.13,6,Warning
2023-01-04 07:00:00,M-105,67.62,4.78,1488,119.77,50.63,193.86,46.66,1.18,0.009,0.26,14.87,954,2.42,83,Normal
2023-01-04 08:00:00,M-102,62.5,6.44,1499,122.23,50.34,202.28,45.57,1.09,0.0132,0.29,18.27,991,3.94,75,Normal
2023-01-04 09:00:00,M-105,65.98,3.97,1499,120.75,49.24,193.21,44.68,0.85,0.0099,0.1,35.4,956,5.79,92,Normal
2023-01-04 10:00:00,M-105,73.22,6.33,1436,117.88,40.25,196.08,57.36,3.43,0.0307,1.09,33.58,868,8.41,24,Warning
2023-01-04 11:00:00,M-104,84.89,24.62,1389,137.99,35.19,165.96,69.57,6.64,0.1134,5.91,100.0,294,26.3,0,Failure
2023-01-04 12:00:00,M-105,63.86,5.57,1513,121.85,50.06,196.77,45.7,1.08,0.0145,0.11,21.9,998,3.57,107,Normal
2023-01-04 13:00:00,M-102,66.9,4.8,1513,120.8,52.18,198.15,45.2,0.79,0.0074,0.19,27.8,989,5.11,82,Normal
2023-01-04 14:00:00,M-104,93.64,24.18,1301,145.96,38.07,154.66,68.71,3.66,0.17,6.7,100.0,208,27.47,0,Failure
2023-01-04 15:00:00,M-103,63.2,3.44,1520,119.79,51.78,191.84,44.43,1.16,0.0109,0.0,28.95,1010,3.72,142,Normal
2023-01-04 16:00:00,M-105,63.75,5.4,1504,120.52,49.45,196.64,44.97,1.23,0.0127,0.08,24.55,983,2.72,114,Normal
2023-01-04 17:00:00,M-102,65.47,3.84,1503,120.75,49.91,204.04,43.75,1.22,0.0065,0.05,12.91,963,1.89,146,Normal
2023-01-04 18:00:00,M-103,65.15,3.72,1509,119.01,48.44,197.86,46.5,1.17,0.0083,0.02,11.33,991,2.15,167,Normal
2023-01-04 19:00:00,M-105,67.45,6.21,1499,120.73,51.3,198.48,45.38,0.93,0.0072,0.49,45.41,942,7.44,37,Normal
2023-01-04 20:00:00,M-102,66.47,4.92,1500,116.0,50.92,201.73,46.0,0.42,0.0204,0.15,16.39,979,2.28,105,Normal
2023-01-04 21:00:00,M-101,66.29,5.28,1493,122.15,49.84,202.74,44.08,0.99,0.02,0.18,29.88,997,5.0,80,Normal
2023-01-04 22:00:00,M-101,79.42,15.56,1469,124.28,49.9,180.83,55.91,2.25,0.0487,3.55,89.44,580,20.7,1,Warning
2023-01-04 23:00:00,M-101,67.87,5.56,1503,116.63,49.07,205.23,45.57,1.14,0.0132,0.4,19.61,977,3.61,61,Normal
2023-01-05 00:00:00,M-103,64.65,5.02,1489,117.12,51.59,195.77,44.01,0.57,0.0068,0.0,16.86,973,2.62,164,Normal
2023-01-05 01:00:00,M-102,63.6,6.09,1515,115.5,49.32,200.3,46.13,0.91,0.0099,0.22,25.23,950,3.45,79,Normal
2023-01-05 02:00:00,M-105,67.05,7.44,1513,121.13,50.59,204.27,45.76,1.06,0.0105,0.69,22.19,915,4.62,41,Normal
2023-01-05 03:00:00,M-102,66.11,4.97,1490,118.26,49.02,204.85,44.38,0.62,0.012,0.11,19.84,1017,3.58,111,Normal
2023-01-05 04:00:00,M-104,63.04,4.78,1505,118.06,50.11,193.33,44.4,1.06,0.002,0.0,38.89,1008,6.53,122,Normal
2023-01-05 05:00:00,M-101,64.85,4.42,1500,120.94,50.14,206.03,45.38,0.94,0.012,0.0,22.33,1009,2.7,155,Normal
2023-01-05 06:00:00,M-103,62.51,4.31,1492,121.79,49.71,206.24,44.33,1.06,0.0058,0.0,27.6,1042,4.4,144,Normal
2023-01-05 07:00:00,M-104,72.06,10.94,1463,136.12,49.87,177.7,55.8,4.46,0.0163,1.89,42.5,779,10.16,13,Warning
2023-01-05 08:00:00,M-101,63.39,6.64,1516,118.89,50.57,208.14,44.62,0.96,0.0071,0.33,21.72,940,3.62,67,Normal
2023-01-05 09:00:00,M-101,64.6,4.24,1500,118.76,50.7,205.16,45.11,1.09,0.0206,0.0,30.08,976,3.9,139,Normal
2023-01-05 10:00:00,M-103,81.69,13.26,1428,129.72,46.67,190.61,56.62,2.08,0.0534,3.32,62.71,573,16.84,5,Warning
2023-01-05 11:00:00,M-101,64.39,6.31,1487,118.93,48.59,200.36,45.78,1.02,0.0161,0.26,36.6,953,6.13,61,Normal
2023-01-05 12:00:00,M-102,65.27,4.85,1507,121.91,49.21,193.34,43.16,1.1,0.0045,0.03,28.42,953,4.73,129,Normal
2023-01-05 13:00:00,M-102,65.06,5.25,1499,119.23,50.46,197.81,46.17,1.11,0.013,0.06,22.94,983,3.44,125,Normal
2023-01-05 14:00:00,M-103,66.07,4.1,1500,119.98,51.09,202.37,44.97,1.16,0.017,0.11,16.85,998,1.48,116,Normal
2023-01-05 15:00:00,M-101,65.13,4.63,1490,121.02,50.05,190.99,44.35,0.42,0.0115,0.01,16.67,1004,2.13,158,Normal
2023-01-05 16:00:00,M-105,68.06,6.22,1497,122.98,50.15,198.31,44.39,0.94,0.0081,0.55,33.53,937,5.36,41,Normal
2023-01-05 17:00:00,M-105,78.65,13.5,1518,124.78,44.37,188.97,57.97,2.49,0.0266,3.06,77.98,656,17.67,3,Warning
2023-01-05 18:00:00,M-101,72.69,4.23,1433,131.96,40.56,191.47,54.95,3.58,0.0524,0.77,35.17,888,6.22,31,Warning
2023-01-05 19:00:00,M-102,64.92,6.17,1491,115.39,49.56,195.63,42.72,1.06,0.011,0.23,26.63,994,3.9,75,Normal
2023-01-05 20:00:00,M-104,66.36,4.51,1521,118.79,50.74,201.5,46.3,1.31,0.0102,0.14,16.54,968,2.8,108,Normal
2023-01-05 21:00:00,M-104,81.89,11.31,1452,131.18,43.64,183.58,58.9,2.02,0.0234,2.95,59.83,659,15.46,6,Warning
2023-01-05 22:00:00,M-102,67.37,5.72,1509,118.49,48.58,207.51,44.68,0.95,0.0166,0.38,35.03,965,5.72,51,Normal
2023-01-05 23:00:00,M-104,65.08,6.46,1517,121.49,50.59,195.73,45.36,1.11,0.0089,0.3,27.44,952,4.07,66,Normal
2023-01-06 00:00:00,M-104,69.11,3.9,1497,119.45,50.31,204.08,45.86,0.88,0.0092,0.41,38.82,956,7.25,46,Normal
2023-01-06 01:00:00,M-105,64.72,5.89,1507,117.92,50.5,201.63,45.03,0.98,0.0096,0.18,19.07,994,3.51,94,Normal
2023-01-06 02:00:00,M-104,67.48,5.02,1503,123.4,50.24,213.01,45.57,0.65,0.0138,0.25,32.87,977,5.12,66,Normal
2023-01-06 03:00:00,M-103,65.96,4.75,1499,121.66,49.07,206.44,44.58,1.05,0.003,0.1,17.08,1002,3.48,119,Normal
2023-01-06 04:00:00,M-101,67.39,4.39,1498,120.03,49.22,203.24,44.88,1.08,0.0056,0.24,22.76,962,3.48,78,Normal
2023-01-06 05:00:00,M-105,60.81,5.59,1503,116.6,51.46,208.41,44.25,1.23,0.0071,0.12,26.2,989,3.75,100,Normal
2023-01-06 06:00:00,M-103,63.87,5.18,1515,124.01,52.06,206.04,46.02,1.12,0.0139,0.04,25.5,984,4.46,129,Normal
2023-01-06 07:00:00,M-105,63.7,5.95,1506,114.45,50.8,197.84,44.11,0.83,0.0093,0.19,34.91,986,4.93,74,Normal
2023-01-06 08:00:00,M-105,62.95,6.85,1512,121.16,49.77,195.2,44.63,1.22,0.0194,0.37,21.1,986,3.2,63,Normal
2023-01-06 09:00:00,M-105,62.65,4.47,1507,116.21,50.17,205.16,44.81,0.93,0.012,0.0,24.49,996,4.37,151,Normal
2023-01-06 10:00:00,M-102,64.94,6.77,1516,119.09,49.4,202.34,44.0,1.06,0.0138,0.35,44.02,982,6.82,46,Normal
2023-01-06 11:00:00,M-101,63.22,5.36,1497,118.32,49.08,198.48,46.57,0.89,0.0099,0.07,23.4,993,3.09,119,Normal
2023-01-06 12:00:00,M-102,66.47,4.72,1500,121.03,48.44,197.35,45.79,0.75,0.0115,0.15,26.13,955,4.25,92,Normal
2023-01-06 13:00:00,M-105,65.7,4.19,1496,119.15,49.46,203.16,44.55,1.2,0.0233,0.07,32.28,985,5.06,105,Normal
2023-01-06 14:00:00,M-105,63.34,5.09,1489,114.16,50.44,204.52,42.64,0.8,0.0131,0.02,12.13,1039,2.55,164,Normal
2023-01-06 15:00:00,M-101,65.11,4.35,1499,118.74,50.6,196.45,44.49,1.23,0.0062,0.01,36.51,969,5.55,121,Normal
2023-01-06 16:00:00,M-105,64.42,3.44,1508,119.84,49.82,215.97,45.3,0.85,0.0079,0.0,33.27,1022,4.07,133,Normal
2023-01-06 17:00:00,M-103,75.8,13.09,1491,135.94,46.61,196.12,54.42,1.78,0.0524,2.7,59.97,695,14.72,6,Warning
2023-01-06 18:00:00,M-102,64.33,4.6,1490,120.85,52.06,194.66,45.02,1.28,0.0096,0.0,39.52,1009,6.5,120,Normal
2023-01-06 19:00:00,M-103,67.86,3.81,1497,120.07,49.73,208.96,45.22,0.84,0.013,0.29,30.52,971,5.3,64,Normal
2023-01-06 20:00:00,M-104,62.99,6.14,1513,119.76,47.88,196.96,46.3,1.0,0.005,0.23,34.78,962,5.39,68,Normal
2023-01-06 21:00:00,M-103,64.18,4.34,1479,121.53,51.26,192.41,46.24,0.98,0.0161,0.0,13.79,1000,2.14,172,Normal
2023-01-06 22:00:00,M-101,62.64,6.19,1495,120.4,50.28,198.71,45.59,0.91,0.0144,0.24,34.39,944,4.67,67,Normal
2023-01-06 23:00:00,M-105,85.63,27.14,1234,150.79,38.34,151.82,74.17,7.55,0.1825,6.49,100.0,201,28.06,0,Failure
2023-01-07 00:00:00,M-101,67.21,4.88,1478,121.69,49.46,199.55,45.33,1.04,0.0135,0.22,22.09,964,3.85,82,Normal
2023-01-07 01:00:00,M-102,65.63,5.89,1494,121.32,49.61,201.7,44.35,0.82,0.0105,0.24,31.57,933,5.07,69,Normal
2023-01-07 02:00:00,M-102,70.79,8.8,1478,138.55,44.69,188.65,55.21,4.16,0.0315,1.34,32.88,844,7.74,21,Warning
2023-01-07 03:00:00,M-101,77.57,13.96,1530,120.95,42.94,201.79,53.94,3.89,0.0546,3.05,74.67,676,16.74,3,Warning
2023-01-07 04:00:00,M-103,68.28,5.74,1500,116.8,49.75,195.78,47.17,0.96,0.0106,0.48,39.45,953,8.02,41,Normal
2023-01-07 05:00:00,M-104,75.43,11.68,1444,127.8,38.38,188.24,48.8,3.45,0.0252,2.38,61.19,696,13.6,7,Warning
2023-01-07 06:00:00,M-103,64.38,4.25,1503,122.68,48.12,200.58,44.84,1.13,0.0111,0.0,13.42,984,2.06,173,Normal
2023-01-07 07:00:00,M-105,60.68,4.98,1510,119.2,49.35,193.11,43.14,1.17,0.0091,0.0,19.28,1015,3.66,161,Normal
2023-01-07 08:00:00,M-105,64.03,5.15,1516,121.79,49.73,195.54,42.85,0.86,0.0089,0.03,32.98,976,5.26,119,Normal
2023-01-07 09:00:00,M-101,74.33,15.68,1484,135.88,39.8,191.65,57.28,3.38,0.0627,3.07,60.29,632,14.81,5,Warning
2023-01-07 10:00:00,M-102,64.93,4.79,1498,116.24,49.45,200.46,45.16,0.79,0.0163,0.0,29.57,982,4.67,140,Normal
2023-01-07 11:00:00,M-101,66.69,6.84,1492,118.11,48.91,198.67,46.43,1.11,0.0124,0.54,35.52,899,6.06,40,Normal
2023-01-07 12:00:00,M-102,67.61,3.34,1510,122.25,48.91,197.95,43.89,0.96,0.0085,0.26,18.55,984,3.33,79,Normal
2023-01-07 13:00:00,M-105,64.68,3.59,1512,119.7,49.29,205.55,43.82,0.67,0.0164,0.0,14.22,1037,1.9,171,Normal
2023-01-07 14:00:00,M-103,64.05,4.99,1505,120.01,49.56,199.45,44.91,0.93,0.0087,0.0,18.68,1031,2.75,162,Normal
2023-01-07 15:00:00,M-103,65.46,5.24,1509,116.92,48.51,202.64,42.96,1.04,0.0041,0.09,36.42,1020,5.77,92,Normal
2023-01-07 16:00:00,M-103,67.8,10.37,1426,126.9,44.5,186.22,49.06,3.75,0.0285,1.35,43.63,842,9.15,17,Warning
2023-01-07 17:00:00,M-101,69.67,5.29,1508,123.92,51.13,197.76,43.72,0.99,0.0072,0.53,46.8,906,8.19,34,Normal
2023-01-07 18:00:00,M-104,76.01,13.4,1482,130.49,45.92,186.87,55.81,2.66,0.0624,2.78,80.05,658,17.51,3,Warning
2023-01-07 19:00:00,M-101,62.65,4.99,1503,120.51,51.05,192.76,44.16,1.13,0.0064,0.0,24.77,1004,2.51,150,Normal
2023-01-07 20:00:00,M-102,67.11,5.22,1499,120.57,50.52,203.23,45.56,1.02,0.009,0.26,39.46,966,7.01,59,Normal
2023-01-07 21:00:00,M-103,64.59,4.86,1510,124.67,50.19,209.79,44.76,1.19,0.0155,0.0,20.76,991,2.74,158,Normal
2023-01-07 22:00:00,M-104,63.75,5.86,1509,121.03,50.73,202.58,44.36,1.09,0.014,0.17,32.34,994,5.49,80,Normal
2023-01-07 23:00:00,M-104,65.9,4.23,1502,118.36,49.98,191.8,43.37,0.96,0.0073,0.09,39.78,991,6.08,88,Normal
2023-01-08 00:00:00,M-101,61.21,5.21,1500,118.37,50.66,204.69,43.39,0.85,0.0062,0.04,34.74,976,5.22,111,Normal
2023-01-08 01:00:00,M-102,66.4,4.72,1506,116.92,49.87,200.39,45.02,0.67,0.016,0.14,38.76,966,6.26,78,Normal
2023-01-08 02:00:00,M-103,58.96,5.18,1518,122.48,50.21,197.54,45.81,0.81,0.0124,0.04,27.13,1005,3.56,127,Normal
2023-01-08 03:00:00,M-102,65.13,4.26,1508,116.33,49.97,201.68,44.05,0.87,0.0101,0.01,12.08,1017,1.32,167,Normal
2023-01-08 04:00:00,M-101,66.65,4.13,1493,119.39,48.65,195.9,44.52,1.17,0.0113,0.17,25.49,984,4.04,89,Normal
2023-01-08 05:00:00,M-101,78.02,11.8,1509,137.84,41.02,194.18,52.55,3.19,0.0514,2.66,53.11,659,13.82,8,Warning
2023-01-08 06:00:00,M-102,66.23,6.2,1498,119.1,50.0,203.01,43.56,0.54,0.0072,0.36,26.55,931,5.33,59,Normal
2023-01-08 07:00:00,M-101,64.36,4.6,1504,119.26,52.1,198.63,45.37,1.19,0.018,0.0,29.55,985,4.22,140,Normal
2023-01-08 08:00:00,M-105,71.52,15.38,1414,138.21,42.3,195.11,54.01,3.6,0.0391,2.73,54.26,669,12.72,7,Warning
2023-01-08 09:00:00,M-104,85.6,14.37,1243,143.26,21.81,181.68,57.95,6.85,0.1508,3.93,100.0,538,20.54,0,Failure
2023-01-08 10:00:00,M-102,70.28,15.34,1471,133.59,46.32,190.16,57.02,3.59,0.0429,2.6,49.47,676,13.1,8,Warning
2023-01-08 11:00:00,M-102,72.03,5.52,1457,134.94,40.95,195.36,57.03,0.73,0.0313,0.81,28.94,895,5.86,33,Warning
2023-01-08 12:00:00,M-102,74.59,7.07,1444,138.31,45.06,191.85,51.22,2.38,0.0425,1.37,49.26,828,10.33,15,Warning
2023-01-08 13:00:00,M-101,67.83,5.33,1496,117.4,51.58,194.15,45.85,1.13,0.0088,0.35,41.92,953,6.07,48,Normal
2023-01-08 14:00:00,M-103,64.36,5.15,1491,124.18,48.39,200.92,47.02,1.0,0.009,0.03,34.66,989,6.35,116,Normal
2023-01-08 15:00:00,M-104,67.42,10.31,1447,129.0,41.3,193.58,56.11,3.05,0.0566,1.3,47.37,835,8.9,16,Warning
2023-01-08 16:00:00,M-102,65.38,4.34,1504,120.04,49.36,202.44,46.8,0.96,0.0136,0.04,30.57,969,4.78,120,Normal
2023-01-08 17:00:00,M-101,62.59,4.99,1515,121.24,49.79,203.14,43.73,0.86,0.0046,0.0,12.86,1009,2.29,174,Normal
2023-01-08 18:00:00,M-101,73.25,11.8,1512,128.76,43.92,184.82,57.23,2.82,0.037,2.19,54.56,764,12.68,9,Warning
2023-01-08 19:00:00,M-102,65.3,5.1,1505,122.38,49.41,202.03,43.42,1.28,0.0038,0.05,38.3,979,5.55,102,Normal
2023-01-08 20:00:00,M-104,65.03,4.05,1495,121.37,50.11,202.92,46.98,0.69,0.0181,0.0,18.52,1001,3.17,161,Normal
2023-01-08 21:00:00,M-102,64.42,6.41,1495,119.28,46.53,202.05,43.67,0.89,0.0049,0.28,16.37,958,3.24,78,Normal
2023-01-08 22:00:00,M-102,59.79,5.2,1504,120.81,51.24,194.64,45.68,1.24,0.0011,0.04,23.35,1001,3.93,132,Normal
2023-01-08 23:00:00,M-103,64.77,9.81,1419,124.85,42.75,199.74,57.46,2.75,0.0727,0.96,45.8,863,8.19,22,Warning
2023-01-09 00:00:00,M-103,64.07,5.46,1507,119.5,49.4,207.11,46.74,1.2,0.0104,0.09,32.67,972,5.32,98,Normal
2023-01-09 01:00:00,M-105,63.86,5.57,1501,116.82,50.79,204.85,45.8,1.01,0.0052,0.11,39.69,940,6.26,82,Normal
2023-01-09 02:00:00,M-105,66.07,5.89,1496,123.59,50.23,202.49,45.67,1.08,0.0142,0.28,20.12,953,2.94,74,Normal
2023-01-09 03:00:00,M-101,62.56,6.06,1509,121.27,50.09,188.04,44.93,1.09,0.0073,0.21,13.93,960,3.24,93,Normal
2023-01-09 04:00:00,M-103,61.96,4.64,1508,121.15,50.5,200.25,45.01,0.87,0.0135,0.0,15.38,1008,2.43,169,Normal
2023-01-09 05:00:00,M-103,67.77,4.0,1497,117.77,48.99,201.88,45.81,0.87,0.0139,0.28,39.15,988,7.39,57,Normal
2023-01-09 06:00:00,M-105,64.26,5.14,1482,120.82,48.97,193.24,43.48,1.22,0.0069,0.03,12.48,1027,1.58,157,Normal
2023-01-09 07:00:00,M-103,66.86,6.81,1493,119.14,49.84,202.71,44.85,1.28,0.0157,0.55,30.79,910,5.98,43,Normal
2023-01-09 08:00:00,M-105,64.17,5.26,1490,118.09,50.34,199.76,45.03,0.85,0.0088,0.05,32.92,975,4.72,111,Normal
2023-01-09 09:00:00,M-105,68.4,3.89,1483,118.34,49.34,191.26,44.87,1.19,0.0036,0.34,17.41,960,3.49,69,Normal
2023-01-09 10:00:00,M-101,63.91,4.73,1516,122.68,48.7,204.15,45.81,0.77,0.0141,0.0,19.39,1030,3.24,161,Normal
2023-01-09 11:00:00,M-101,61.93,4.79,1502,123.33,50.72,195.68,46.7,1.01,0.0087,0.0,38.73,993,5.0,122,Normal
2023-01-09 12:00:00,M-105,67.25,4.67,1505,117.96,49.98,199.13,45.23,0.93,0.0093,0.22,21.13,989,4.46,83,Normal
2023-01-09 13:00:00,M-102,64.02,5.02,1499,123.14,51.29,204.04,44.03,1.07,0.0128,0.0,17.47,985,2.19,162,Normal
2023-01-09 14:00:00,M-101,74.73,9.85,1470,137.44,43.26,191.92,56.5,3.47,0.0515,1.94,45.16,781,11.37,12,Warning
2023-01-09 15:00:00,M-103,66.36,5.15,1517,119.63,49.38,200.77,45.77,0.66,0.0114,0.17,32.5,996,5.07,80,Normal
2023-01-09 16:00:00,M-101,64.54,6.45,1486,121.39,49.39,208.6,46.99,0.85,0.0073,0.29,27.68,982,4.39,66,Normal
2023-01-09 17:00:00,M-103,65.01,5.79,1499,120.5,49.62,208.75,43.98,0.86,0.0075,0.16,38.84,991,5.63,74,Normal
2023-01-09 18:00:00,M-104,66.14,5.97,1496,118.78,48.91,195.87,47.95,1.25,0.0032,0.31,39.47,936,6.2,54,Normal
2023-01-09 19:00:00,M-103,67.01,3.85,1486,121.42,50.01,205.32,42.86,0.72,0.0101,0.2,38.15,984,6.55,68,Normal
2023-01-09 20:00:00,M-102,65.84,5.61,1520,117.74,50.47,195.37,45.56,0.82,0.0079,0.21,18.04,969,3.17,89,Normal
2023-01-09 21:00:00,M-104,68.49,4.72,1504,118.44,49.71,200.53,43.47,0.72,0.013,0.35,22.26,955,3.74,64,Normal
2023-01-09 22:00:00,M-102,67.04,7.09,1484,116.24,51.87,201.95,44.13,1.11,-0.0032,0.62,45.45,925,8.34,31,Normal
2023-01-09 23:00:00,M-103,69.44,5.25,1490,119.33,49.21,202.17,44.19,0.91,0.0036,0.49,32.65,938,5.97,45,Normal
2023-01-10 00:00:00,M-101,64.4,4.95,1526,117.78,51.46,204.98,45.28,1.35,0.0119,0.0,35.3,1007,4.25,129,Normal
2023-01-10 01:00:00,M-102,64.63,4.76,1514,120.67,49.7,199.55,46.02,0.96,0.0065,0.0,26.25,994,4.41,147,Normal
2023-01-10 02:00:00,M-105,63.79,5.21,1512,119.02,48.12,203.1,44.36,0.76,0.0069,0.04,21.72,991,4.22,133,Normal
2023-01-10 03:00:00,M-103,64.43,6.29,1509,119.58,52.11,201.34,46.51,1.28,0.0121,0.26,29.41,984,5.24,69,Normal
2023-01-10 04:00:00,M-104,65.82,4.14,1514,121.4,49.56,197.6,45.3,1.09,0.011,0.08,29.14,996,4.93,106,Normal
2023-01-10 05:00:00,M-105,65.62,6.86,1511,119.82,48.78,195.06,45.93,0.87,0.005,0.44,29.27,932,4.92,51,Normal
2023-01-10 06:00:00,M-102,65.03,5.9,1490,123.04,50.51,205.15,44.34,1.17,0.0045,0.18,40.93,995,5.8,68,Normal
2023-01-10 07:00:00,M-103,67.21,4.18,1493,117.97,50.7,192.37,45.62,1.21,0.0127,0.22,18.95,987,3.66,86,Normal
2023-01-10 08:00:00,M-105,65.52,4.46,1489,116.07,50.35,192.18,45.1,0.95,0.0134,0.05,37.42,987,6.05,103,Normal
2023-01-10 09:00:00,M-102,64.42,4.53,1506,118.59,50.13,205.81,44.19,1.07,0.0116,0.0,13.9,998,1.83,172,Normal
2023-01-10 10:00:00,M-102,74.84,11.6,1460,137.16,48.25,179.5,56.87,4.33,0.0577,2.3,61.46,745,14.31,7,Warning
2023-01-10 11:00:00,M-102,65.66,6.63,1517,123.54,49.51,193.23,44.45,1.14,0.0108,0.39,31.72,948,5.82,53,Normal
2023-01-10 12:00:00,M-102,88.13,26.43,1270,145.99,44.77,162.41,64.71,9.96,0.2481,6.6,100.0,208,27.54,0,Failure
2023-01-10 13:00:00,M-105,78.47,13.21,1419,123.97,46.12,186.82,60.46,3.95,0.0595,2.99,75.83,651,18.02,3,Warning
2023-01-10 14:00:00,M-101,65.83,5.46,1500,121.12,47.47,198.52,45.24,0.77,0.0119,0.18,30.13,974,4.0,82,Normal
2023-01-10 15:00:00,M-105,67.23,4.19,1498,121.86,50.26,201.66,45.8,1.09,0.0083,0.22,35.46,969,5.87,68,Normal
2023-01-10 16:00:00,M-104,66.79,4.37,1502,121.64,49.97,202.27,44.48,0.96,0.009,0.18,14.82,963,2.25,99,Normal
2023-01-10 17:00:00,M-102,63.59,3.27,1497,116.6,49.54,196.94,46.05,0.8,0.0062,0.0,20.66,992,2.81,158,Normal
2023-01-10 18:00:00,M-101,73.18,12.54,1467,127.21,43.76,182.59,54.91,2.15,0.0615,2.33,69.01,685,15.12,6,Warning
2023-01-10 19:00:00,M-101,62.87,3.83,1500,117.15,50.78,195.77,44.98,0.62,0.008,0.0,31.75,976,3.6,136,Normal
2023-01-10 20:00:00,M-102,68.67,5.81,1504,120.74,50.39,190.36,44.72,1.17,0.0098,0.53,40.19,908,5.42,38,Normal
2023-01-10 21:00:00,M-105,62.06,4.58,1510,119.45,51.05,197.37,43.04,0.9,0.0117,0.0,27.38,1005,3.48,145,Normal
2023-01-10 22:00:00,M-105,69.44,4.84,1502,116.97,51.48,194.16,45.22,0.78,0.0071,0.44,23.22,930,4.59,55,Normal
2023-01-10 23:00:00,M-101,64.14,5.38,1498,120.13,50.45,198.25,44.0,0.89,0.016,0.08,36.49,993,5.2,97,Normal
2023-01-11 00:00:00,M-104,63.94,5.48,1488,121.36,50.41,198.46,44.16,0.82,0.0127,0.1,33.96,1012,5.22,95,Normal
2023-01-11 01:00:00,M-105,62.63,4.29,1497,121.66,49.97,196.72,44.27,0.99,0.0144,0.0,14.63,1031,2.09,170,Normal
2023-01-11 02:00:00,M-104,59.5,4.5,1494,122.78,49.61,201.91,45.14,0.57,0.0138,0.0,25.3,1004,3.47,149,Normal
2023-01-11 03:00:00,M-105,65.0,5.06,1494,122.4,49.78,192.23,44.7,1.05,0.0055,0.01,21.57,982,2.99,149,Normal
2023-01-11 04:00:00,M-105,64.1,6.26,1494,120.72,49.27,203.79,45.69,1.37,0.0091,0.25,15.76,983,3.63,84,Normal
2023-01-11 05:00:00,M-102,65.28,4.3,1487,121.01,50.2,203.48,43.54,0.77,0.0157,0.03,18.74,1003,3.13,146,Normal
2023-01-11 06:00:00,M-104,66.75,6.47,1493,119.54,48.36,198.04,46.0,0.91,0.0132,0.47,18.9,939,3.23,56,Normal
2023-01-11 07:00:00,M-102,76.19,11.83,1464,121.75,45.03,206.61,53.88,3.82,0.0663,2.49,71.82,718,15.83,5,Warning
2023-01-11 08:00:00,M-103,63.1,6.75,1509,119.53,51.14,194.47,44.18,0.88,0.0074,0.35,28.14,936,5.03,59,Normal
2023-01-11 09:00:00,M-105,68.43,4.94,1481,121.56,48.38,193.95,44.76,1.02,0.005,0.34,37.13,953,6.61,53,Normal
2023-01-11 10:00:00,M-102,66.09,5.2,1502,122.54,50.73,201.44,43.35,0.81,0.0094,0.15,29.54,984,4.21,88,Normal
2023-01-11 11:00:00,M-101,64.81,5.15,1493,120.85,52.08,191.28,45.58,0.99,0.0123,0.03,12.03,987,1.79,157,Normal
2023-01-11 12:00:00,M-102,64.17,6.89,1505,117.33,50.49,192.26,46.08,0.91,0.0095,0.38,26.19,981,5.26,58,Normal
2023-01-11 13:00:00,M-103,72.93,8.77,1430,129.66,42.45,199.87,54.81,2.44,0.024,1.55,44.72,824,10.03,15,Warning
2023-01-11 14:00:00,M-101,61.26,4.61,1501,120.9,49.49,200.17,42.51,0.87,0.0123,0.0,39.13,980,6.73,121,Normal
2023-01-11 15:00:00,M-102,66.0,4.87,1492,120.53,49.09,200.9,45.49,0.96,0.0068,0.1,36.51,944,6.25,90,Normal
2023-01-11 16:00:00,M-102,65.85,6.2,1486,118.58,49.71,196.08,46.73,0.83,0.0072,0.32,26.73,965,4.47,63,Normal
2023-01-11 17:00:00,M-101,64.3,3.8,1497,120.31,51.02,200.07,43.42,1.07,0.0087,0.0,22.1,1027,4.03,155,Normal
2023-01-11 18:00:00,M-103,65.4,6.63,1492,123.64,50.78,202.77,45.23,0.95,0.016,0.37,28.44,958,5.37,58,Normal
2023-01-11 19:00:00,M-104,64.57,5.65,1495,124.7,47.34,203.36,43.24,0.95,0.0096,0.13,22.34,1014,3.27,101,Normal
2023-01-11 20:00:00,M-104,67.08,5.58,1498,121.16,49.29,204.28,46.65,1.21,0.0064,0.33,43.03,968,7.33,49,Normal
2023-01-11 21:00:00,M-105,70.39,9.85,1419,118.76,48.78,187.38,53.98,4.5,0.0405,1.51,33.15,801,7.88,18,Warning
2023-01-11 22:00:00,M-101,79.19,16.97,1435,126.94,46.47,187.14,54.58,3.74,0.0118,3.81,68.05,568,17.74,3,Warning
2023-01-11 23:00:00,M-105,65.06,4.32,1510,120.19,49.5,201.72,44.93,0.65,0.0117,0.01,37.22,978,6.06,122,Normal
2023-01-12 00:00:00,M-101,78.39,5.62,1447,126.99,46.3,193.76,52.88,2.29,0.0478,1.46,42.06,806,9.57,16,Warning
2023-01-12 01:00:00,M-103,63.45,4.99,1493,116.14,49.32,203.37,42.63,1.05,0.0041,0.0,14.62,1012,2.55,170,Normal
2023-01-12 02:00:00,M-104,64.08,4.31,1488,116.5,49.61,200.79,44.9,0.92,0.0053,0.0,29.25,1012,4.65,141,Normal
2023-01-12 03:00:00,M-105,64.35,4.69,1506,119.06,48.57,203.81,43.85,1.1,0.0149,0.0,14.69,992,2.79,170,Normal
2023-01-12 04:00:00,M-102,63.44,6.33,1488,121.79,50.89,209.15,44.59,1.14,0.0214,0.27,26.33,955,3.56,71,Normal
2023-01-12 05:00:00,M-103,63.43,6.14,1502,121.86,50.54,207.35,45.3,1.13,0.0064,0.23,16.52,984,2.74,87,Normal
2023-01-12 06:00:00,M-101,66.8,5.45,1511,117.64,51.67,207.62,45.74,1.36,0.0017,0.27,37.11,957,6.47,60,Normal
2023-01-12 07:00:00,M-104,62.93,5.62,1486,118.38,50.71,205.36,45.33,0.94,-0.0006,0.12,25.82,980,4.39,99,Normal
2023-01-12 08:00:00,M-104,70.72,17.73,1411,130.95,48.02,179.96,55.55,3.94,0.0502,3.12,58.86,683,15.16,6,Warning
2023-01-12 09:00:00,M-105,63.4,5.63,1497,117.86,49.72,195.01,46.04,1.38,0.0112,0.13,32.18,987,5.15,90,Normal
2023-01-12 10:00:00,M-104,65.74,5.15,1491,118.58,51.19,207.18,44.76,1.01,0.0055,0.1,31.5,1011,3.95,96,Normal
2023-01-12 11:00:00,M-101,66.42,4.24,1502,123.07,49.34,198.11,45.28,0.74,0.0062,0.14,37.66,983,5.78,79,Normal
2023-01-12 12:00:00,M-104,65.16,5.55,1491,120.06,47.85,204.38,43.44,1.3,0.0083,0.13,21.35,980,3.44,104,Normal
2023-01-12 13:00:00,M-104,65.55,6.07,1500,118.88,51.01,195.91,43.37,1.24,0.0157,0.27,33.0,951,5.29,64,Normal
2023-01-12 14:00:00,M-103,65.43,3.97,1511,122.12,50.53,201.81,46.76,1.0,0.0041,0.04,11.42,1003,1.57,150,Normal
2023-01-12 15:00:00,M-102,61.52,6.05,1503,119.41,49.76,212.77,44.36,0.83,0.0104,0.21,20.15,998,4.58,86,Normal
2023-01-12 16:00:00,M-103,67.21,5.48,1499,118.82,48.91,204.17,45.91,0.69,0.0179,0.32,25.68,973,4.22,65,Normal
2023-01-12 17:00:00,M-104,69.33,5.6,1490,115.95,50.81,198.13,44.84,1.15,0.0151,0.55,30.17,958,5.04,43,Normal
2023-01-12 18:00:00,M-104,64.43,6.59,1506,119.73,49.48,198.3,45.43,1.02,0.007,0.32,24.95,958,3.75,66,Normal
2023-01-12 19:00:00,M-101,65.04,2.94,1493,118.14,49.76,198.93,45.96,1.32,0.0044,0.0,11.91,1039,1.41,173,Normal
2023-01-12 20:00:00,M-105,65.8,5.13,1499,117.61,51.45,209.04,43.32,0.8,0.0086,0.11,16.47,967,2.26,117,Normal
2023-01-12 21:00:00,M-103,66.35,5.08,1493,121.99,50.25,190.77,45.92,1.04,0.017,0.15,39.51,984,5.83,75,Normal
2023-01-12 22:00:00,M-101,61.85,4.2,1499,119.85,51.97,193.07,45.51,1.3,0.0214,0.0,34.86,991,4.88,130,Normal
2023-01-12 23:00:00,M-101,66.8,5.56,1491,119.8,49.51,213.17,45.53,1.04,0.0124,0.29,42.89,992,6.98,52,Normal
2023-01-13 00:00:00,M-102,63.65,4.6,1519,118.34,49.45,199.26,45.84,1.04,0.0035,0.0,23.28,989,3.65,153,Normal
2023-01-13 01:00:00,M-101,67.42,6.14,1494,122.54,50.21,206.21,45.57,0.7,0.0187,0.47,35.2,944,6.51,45,Normal
2023-01-13 02:00:00,M-102,66.15,3.72,1487,120.59,50.15,196.93,45.14,1.32,0.0135,0.11,14.12,963,1.74,117,Normal
2023-01-13 03:00:00,M-101,64.58,4.48,1494,118.92,49.86,201.43,42.5,0.52,0.0083,0.0,25.17,996,3.87,149,Normal
2023-01-13 04:00:00,M-102,68.39,6.9,1501,122.05,50.18,193.32,44.59,1.03,0.0077,0.72,25.88,909,4.5,38,Normal
2023-01-13 05:00:00,M-103,65.24,5.32,1501,119.33,48.99,196.05,45.1,0.78,0.0189,0.09,12.04,936,1.82,130,Normal
2023-01-13 06:00:00,M-102,62.98,4.48,1515,121.33,49.08,192.01,44.67,0.96,0.0125,0.0,30.33,989,3.85,139,Normal
2023-01-13 07:00:00,M-101,70.29,4.1,1486,121.01,49.65,197.52,45.6,0.69,0.0015,0.53,39.86,924,7.58,38,Normal
2023-01-13 08:00:00,M-102,93.56,13.26,1321,148.8,31.02,176.37,76.4,2.57,0.1751,4.51,100.0,409,24.22,0,Failure
2023-01-13 09:00:00,M-101,63.34,4.0,1497,122.74,48.83,186.86,44.48,1.23,0.0013,0.0,24.15,976,3.75,151,Normal
2023-01-13 10:00:00,M-103,69.19,6.59,1506,118.38,49.95,199.2,45.33,1.29,0.0144,0.74,38.09,889,7.52,31,Normal
2023-01-13 11:00:00,M-104,66.66,4.74,1524,119.2,49.39,209.05,43.53,0.63,0.0106,0.17,21.05,980,3.38,94,Normal
2023-01-13 12:00:00,M-102,66.28,5.12,1498,117.4,50.23,196.22,42.81,1.24,0.0148,0.15,18.18,982,3.5,101,Normal
2023-01-13 13:00:00,M-102,65.37,6.25,1503,123.12,49.56,200.72,45.83,0.89,0.006,0.29,23.51,952,3.73,71,Normal
2023-01-13 14:00:00,M-103,83.5,15.99,1507,123.89,45.21,179.65,52.91,2.08,0.0748,4.05,71.15,506,19.44,3,Warning
2023-01-13 15:00:00,M-105,79.73,11.68,1479,139.52,47.26,193.84,55.6,3.65,0.0427,2.81,58.75,657,14.65,6,Warning
2023-01-13 16:00:00,M-105,69.1,5.0,1507,118.42,49.22,205.41,43.65,0.92,0.0102,0.41,44.19,953,7.95,42,Normal
2023-01-13 17:00:00,M-103,63.6,5.76,1510,119.81,50.42,201.91,44.18,1.11,0.0181,0.15,21.65,982,2.82,97,Normal
2023-01-13 18:00:00,M-103,68.8,4.05,1491,121.53,48.46,196.84,45.6,0.87,0.0088,0.38,38.23,969,5.74,49,Normal
2023-01-13 19:00:00,M-103,62.69,4.98,1492,119.42,49.55,204.95,44.41,0.92,0.0136,0.0,30.71,988,4.82,138,Normal
2023-01-13 20:00:00,M-104,75.6,13.09,1450,119.57,45.48,207.7,53.92,2.27,0.0575,2.68,54.29,684,13.44,7,Warning
2023-01-13 21:00:00,M-101,65.68,6.2,1507,121.63,49.57,202.01,44.28,1.17,0.0158,0.31,19.7,974,3.39,71,Normal
2023-01-13 22:00:00,M-103,65.15,4.85,1511,119.83,48.88,198.03,45.18,1.25,0.013,0.01,25.55,981,3.43,140,Normal
2023-01-13 23:00:00,M-104,69.59,5.38,1503,118.81,50.31,202.37,45.94,0.8,0.017,0.53,21.4,943,4.58,50,Normal
2023-01-14 00:00:00,M-104,66.87,4.78,1510,122.91,49.08,195.82,44.86,1.06,0.0074,0.19,16.98,1004,2.93,95,Normal
2023-01-14 01:00:00,M-105,83.68,21.7,1311,134.05,28.73,129.17,74.71,7.03,0.2024,5.21,100.0,352,25.43,0,Failure
2023-01-14 02:00:00,M-103,64.64,4.89,1509,123.41,48.36,191.07,44.38,1.12,0.0125,0.0,22.57,1021,2.56,154,Normal
2023-01-14 03:00:00,M-105,64.43,5.08,1516,121.79,48.33,199.99,45.02,0.95,0.0131,0.02,10.26,969,1.37,168,Normal
2023-01-14 04:00:00,M-104,63.57,5.52,1503,120.34,49.0,199.09,42.82,1.04,0.0171,0.1,33.13,958,5.12,94,Normal
2023-01-14 05:00:00,M-105,64.09,4.43,1510,123.81,49.39,205.69,45.03,0.96,0.0175,0.0,39.61,999,6.09,120,Normal
2023-01-14 06:00:00,M-102,71.75,14.47,1456,130.09,42.07,200.43,56.99,2.45,0.07,2.57,48.55,681,11.89,9,Warning
2023-01-14 07:00:00,M-101,63.42,5.24,1486,118.68,48.34,204.6,44.7,1.0,0.0146,0.05,39.31,979,5.83,102,Normal
2023-01-14 08:00:00,M-104,64.7,4.67,1489,117.66,50.46,197.25,45.32,0.82,0.0109,0.0,12.34,1026,1.75,175,Normal
2023-01-14 09:00:00,M-104,65.44,6.57,1500,118.72,49.11,195.74,43.54,1.19,-0.0012,0.36,20.4,966,3.34,65,Normal
2023-01-14 10:00:00,M-104,65.07,3.03,1506,121.62,49.01,202.1,44.14,1.02,0.0037,0.01,11.3,963,1.64,172,Normal
2023-01-14 11:00:00,M-104,76.65,13.67,1445,132.02,43.35,200.52,53.3,4.2,0.0205,2.9,81.63,644,17.88,2,Warning
2023-01-14 12:00:00,M-102,67.36,5.48,1497,118.94,51.04,192.89,44.03,0.92,0.0162,0.33,26.45,967,4.49,63,Normal
2023-01-14 13:00:00,M-103,64.33,4.22,1489,122.37,51.67,195.07,46.4,0.9,0.0127,0.0,15.4,1028,2.24,169,Normal
2023-01-14 14:00:00,M-103,67.59,3.89,1496,119.7,48.6,202.96,44.28,0.96,0.0077,0.26,16.58,953,2.47,81,Normal
2023-01-14 15:00:00,M-105,64.91,5.47,1497,121.33,49.19,205.02,45.12,1.31,0.0221,0.09,38.91,979,5.81,88,Normal
2023-01-14 16:00:00,M-103,62.81,3.52,1492,122.38,50.95,201.22,43.47,0.96,0.0115,0.0,22.71,1003,3.56,154,Normal
2023-01-14 17:00:00,M-105,74.59,10.27,1363,133.49,44.24,202.11,56.19,2.46,0.0713,2.01,51.1,781,11.58,10,Warning
2023-01-14 18:00:00,M-101,67.79,5.71,1504,120.76,49.44,199.35,46.67,0.81,0.0181,0.42,27.02,943,4.33,54,Normal
2023-01-14 19:00:00,M-104,65.98,5.3,1516,118.69,49.07,199.42,46.66,0.82,-0.0029,0.16,33.57,982,5.82,81,Normal
2023-01-14 20:00:00,M-102,64.31,3.39,1497,119.33,50.96,202.31,43.82,1.03,0.0134,0.0,31.94,1030,3.86,136,Normal
2023-01-14 21:00:00,M-104,66.73,4.43,1501,122.02,49.45,191.77,46.51,1.23,0.0096,0.17,15.24,996,2.45,100,Normal
2023-01-14 22:00:00,M-101,66.08,5.43,1497,117.44,50.52,195.83,47.18,1.11,0.0071,0.19,14.14,964,2.82,96,Normal
2023-01-14 23:00:00,M-102,61.25,5.41,1508,121.18,49.92,201.67,45.17,0.66,0.011,0.08,27.21,982,3.89,109,Normal
2023-01-15 00:00:00,M-102,69.03,6.29,1496,117.8,50.35,200.43,45.36,1.04,0.0125,0.66,25.68,949,5.73,40,Normal
2023-01-15 01:00:00,M-105,68.02,4.75,1525,115.88,50.36,192.94,45.09,0.9,0.0125,0.3,34.27,961,5.33,59,Normal
2023-01-15 02:00:00,M-105,61.62,4.53,1480,121.5,47.93,200.14,42.92,0.94,0.0182,0.0,24.55,1007,4.88,150,Normal
2023-01-15 03:00:00,M-104,86.89,21.5,1220,138.92,34.37,159.27,66.95,10.15,0.1514,5.49,100.0,343,25.03,0,Failure
2023-01-15 04:00:00,M-105,64.84,4.42,1495,121.39,49.48,199.56,47.17,0.72,0.0007,0.0,19.47,1015,2.78,161,Normal
2023-01-15 05:00:00,M-104,63.37,5.22,1496,120.56,51.02,194.68,46.0,0.85,0.0207,0.04,19.11,1027,2.9,137,Normal
2023-01-15 06:00:00,M-103,66.03,4.78,1499,118.62,50.2,203.83,43.38,1.06,0.0147,0.1,28.33,979,3.99,101,Normal
2023-01-15 07:00:00,M-102,65.07,6.37,1483,120.47,49.46,200.62,45.71,1.04,0.0049,0.28,40.61,956,7.37,55,Normal
2023-01-15 08:00:00,M-105,88.75,23.4,1252,147.55,30.04,160.51,70.95,7.59,0.0905,6.05,100.0,294,27.03,0,Failure
2023-01-15 09:00:00,M-102,68.24,5.56,1486,119.81,49.75,194.13,44.9,0.94,0.0082,0.44,33.51,939,6.64,48,Normal
2023-01-15 10:00:00,M-104,67.62,4.78,1508,120.16,51.14,198.06,43.9,1.28,0.0094,0.26,23.9,972,4.62,74,Normal
2023-01-15 11:00:00,M-105,88.85,25.25,1340,143.71,31.88,155.29,64.55,9.42,0.1253,6.43,100.0,248,27.78,0,Failure
2023-01-15 12:00:00,M-105,67.29,4.22,1515,116.94,51.63,198.14,44.76,0.62,0.0077,0.23,25.44,951,4.33,77,Normal
2023-01-15 13:00:00,M-101,72.46,17.05,1480,138.49,42.96,191.09,47.14,2.72,0.052,3.16,69.97,624,16.79,4,Warning
2023-01-15 14:00:00,M-103,66.78,5.0,1506,123.28,50.38,201.56,43.48,0.47,0.0119,0.18,33.6,976,5.02,77,Normal
2023-01-15 15:00:00,M-102,64.93,2.8,1513,119.5,50.32,201.12,46.26,0.63,0.0106,0.0,19.15,1022,2.82,161,Normal
2023-01-15 16:00:00,M-105,64.41,4.75,1509,118.58,48.46,199.2,44.52,0.81,0.0091,0.0,39.64,1009,5.28,120,Normal
2023-01-15 17:00:00,M-101,84.69,21.51,1348,137.22,39.91,168.53,64.46,4.38,0.2467,5.27,100.0,364,26.01,0,Failure
2023-01-15 18:00:00,M-105,60.23,4.5,1510,116.87,46.99,202.86,45.24,0.78,0.0051,0.0,22.15,980,2.93,155,Normal
2023-01-15 19:00:00,M-102,65.3,4.79,1488,116.59,50.07,197.1,44.74,0.97,0.0122,0.03,10.63,1013,1.73,159,Normal
2023-01-15 20:00:00,M-104,65.09,5.56,1518,119.04,50.32,190.98,42.61,1.17,0.01,0.12,29.91,1009,4.85,94,Normal
2023-01-15 21:00:00,M-101,61.96,5.15,1519,122.57,49.39,198.02,43.87,0.83,0.0004,0.03,34.27,994,5.96,117,Normal
2023-01-15 22:00:00,M-104,61.32,5.89,1494,121.4,50.03,192.28,45.16,1.44,0.0125,0.18,29.81,977,5.36,81,Normal
2023-01-15 23:00:00,M-103,65.4,6.63,1506,118.49,49.76,188.69,44.1,0.92,0.0127,0.37,42.36,941,6.46,46,Normal
2023-01-16 00:00:00,M-101,64.88,5.49,1502,116.01,48.88,204.65,44.87,0.9,0.0032,0.1,26.21,966,3.63,105,Normal
2023-01-16 01:00:00,M-104,63.83,3.68,1478,120.58,50.05,203.9,43.89,1.15,0.0176,0.0,11.92,1005,1.48,176,Normal
2023-01-16 02:00:00,M-101,68.02,5.61,1505,119.14,48.52,198.96,46.21,0.69,0.0047,0.42,25.04,951,4.23,55,Normal
2023-01-16 03:00:00,M-101,63.64,6.65,1492,118.83,48.76,201.47,44.93,0.77,0.0055,0.33,40.7,991,6.78,51,Normal
2023-01-16 04:00:00,M-101,64.18,6.01,1488,122.26,50.15,198.32,44.98,0.98,0.0161,0.2,36.01,954,6.27,70,Normal
2023-01-16 05:00:00,M-105,72.64,10.6,1396,134.66,48.29,198.67,59.81,3.42,0.0811,1.88,48.29,769,10.13,12,Warning
2023-01-16 06:00:00,M-101,89.71,22.96,1397,153.2,31.73,170.41,69.76,3.84,0.103,6.06,100.0,261,26.55,0,Failure
2023-01-16 07:00:00,M-101,63.31,3.9,1498,118.79,50.32,203.25,45.58,0.92,0.0114,0.0,27.32,1020,4.32,145,Normal
2023-01-16 08:00:00,M-104,63.81,7.1,1494,120.06,49.33,201.12,43.26,0.89,0.0045,0.42,37.04,952,6.15,47,Normal
2023-01-16 09:00:00,M-105,65.88,5.08,1510,118.06,49.92,204.44,45.36,1.09,0.0155,0.1,23.1,979,3.36,108,Normal
2023-01-16 10:00:00,M-105,65.29,5.59,1505,121.64,50.32,197.34,45.84,0.73,0.0055,0.15,40.11,963,6.69,75,Normal
2023-01-16 11:00:00,M-104,66.02,6.33,1513,120.7,49.13,197.29,44.93,1.22,0.0077,0.37,17.18,948,4.24,66,Normal
2023-01-16 12:00:00,M-105,79.71,9.51,1310,149.87,36.31,140.76,68.25,2.56,0.2185,2.37,100.0,693,14.07,0,Failure
2023-01-16 13:00:00,M-103,66.84,4.24,1496,119.36,50.11,205.01,45.26,0.97,0.0148,0.18,32.88,961,5.26,77,Normal
2023-01-16 14:00:00,M-101,63.89,5.7,1511,119.45,49.66,202.5,43.64,1.04,0.0128,0.14,13.55,996,2.2,111,Normal
2023-01-16 15:00:00,M-101,79.72,13.79,1389,131.0,44.04,179.81,56.01,2.51,0.0403,3.23,83.65,614,18.69,2,Warning
2023-01-16 16:00:00,M-102,67.54,5.29,1488,117.33,48.45,203.31,46.19,1.37,0.0142,0.31,20.85,985,3.31,70,Normal
2023-01-16 17:00:00,M-103,64.31,5.38,1491,117.71,50.47,209.34,46.24,1.14,0.0149,0.08,19.73,1003,3.34,122,Normal
2023-01-16 18:00:00,M-102,62.21,6.05,1488,120.57,49.15,202.77,44.97,0.68,0.0121,0.21,28.18,963,4.03,77,Normal
2023-01-16 19:00:00,M-105,66.35,5.47,1491,122.93,50.54,197.46,43.14,1.05,0.0098,0.23,24.08,951,3.55,79,Normal
2023-01-16 20:00:00,M-101,61.83,5.41,1497,120.76,50.69,201.33,45.66,0.99,0.0041,0.08,16.89,1011,2.41,124,Normal
2023-01-16 21:00:00,M-105,64.45,6.36,1496,117.71,50.54,206.73,43.74,1.39,0.0121,0.27,22.06,988,4.59,74,Normal
2023-01-16 22:00:00,M-101,64.89,4.45,1501,121.89,50.5,195.61,45.74,0.87,0.0111,0.0,37.31,993,6.36,125,Normal
2023-01-16 23:00:00,M-103,62.27,3.28,1480,122.14,49.23,200.66,44.89,0.82,0.0143,0.0,37.37,997,5.49,125,Normal
2023-01-17 00:00:00,M-104,67.79,5.84,1508,118.07,49.92,198.5,43.99,1.07,0.0073,0.45,36.27,959,7.15,45,Normal
2023-01-17 01:00:00,M-102,68.57,11.27,1463,126.57,42.47,191.78,55.23,3.01,0.0672,1.61,63.48,798,12.9,9,Warning
2023-01-17 02:00:00,M-105,63.81,4.7,1508,118.83,49.25,198.89,43.82,1.36,0.0072,0.0,12.1,1016,2.18,175,Normal
2023-01-17 03:00:00,M-102,65.27,6.23,1499,123.55,49.54,196.15,45.55,1.27,0.0031,0.27,30.14,963,4.76,66,Normal
2023-01-17 04:00:00,M-105,64.98,5.16,1497,122.58,50.42,206.55,44.78,1.19,0.0182,0.03,23.0,1022,3.15,136,Normal
2023-01-17 05:00:00,M-102,72.32,9.37,1484,123.73,45.07,187.88,58.11,2.44,0.0583,1.61,49.64,783,11.8,13,Warning
2023-01-17 06:00:00,M-102,64.97,4.89,1495,123.45,49.11,203.86,45.36,1.25,0.0067,0.0,28.84,985,4.17,142,Normal
2023-01-17 07:00:00,M-102,67.4,5.6,1496,118.8,51.95,192.77,44.94,0.71,0.0166,0.36,29.98,956,5.31,57,Normal
2023-01-17 08:00:00,M-105,66.63,5.13,1497,122.78,50.64,208.08,43.61,0.99,0.0019,0.19,40.27,972,6.6,68,Normal
2023-01-17 09:00:00,M-105,74.47,18.65,1466,124.63,45.37,183.6,54.26,2.09,0.0921,3.68,70.08,545,18.21,3,Warning
2023-01-17 10:00:00,M-104,66.44,4.84,1493,123.33,49.14,200.18,45.65,0.67,0.0124,0.14,19.52,961,3.68,102,Normal
2023-01-17 11:00:00,M-103,66.46,6.03,1515,117.65,49.21,204.49,46.13,0.87,0.0063,0.35,22.32,944,3.25,64,Normal
2023-01-17 12:00:00,M-103,64.83,5.24,1509,121.05,49.81,199.01,45.51,1.25,0.0106,0.05,20.0,984,3.74,133,Normal
2023-01-17 13:00:00,M-104,63.75,4.6,1512,119.75,50.59,199.54,46.56,1.1,0.0127,0.0,35.5,1011,5.05,128,Normal
2023-01-17 14:00:00,M-105,65.16,4.96,1523,122.37,50.72,200.56,46.01,1.1,0.0101,0.02,24.03,991,3.24,142,Normal
2023-01-17 15:00:00,M-104,65.0,5.03,1519,119.82,51.59,202.03,44.04,1.03,0.0094,0.01,38.97,977,6.04,118,Normal
2023-01-17 16:00:00,M-105,63.42,5.03,1486,121.4,50.52,202.48,45.0,1.08,0.018,0.01,14.08,993,3.12,167,Normal
2023-01-17 17:00:00,M-101,69.06,4.83,1491,121.17,49.63,201.96,44.34,1.05,0.0059,0.41,23.09,975,3.98,58,Normal
2023-01-17 18:00:00,M-105,62.46,5.67,1506,120.77,49.01,201.25,43.82,0.95,0.0151,0.13,15.18,999,3.22,110,Normal
2023-01-17 19:00:00,M-101,85.13,22.11,1336,145.4,38.18,186.18,68.36,0.45,0.1091,5.44,100.0,371,25.86,0,Failure
2023-01-17 20:00:00,M-103,61.62,4.02,1527,119.39,50.73,196.75,42.91,0.97,0.0087,0.0,38.48,992,5.33,123,Normal
2023-01-17 21:00:00,M-102,63.96,3.11,1496,119.9,49.86,210.75,46.83,0.85,-0.0002,0.0,17.75,998,2.85,164,Normal
2023-01-17 22:00:00,M-104,73.95,7.21,1427,133.26,49.28,186.64,57.27,1.09,0.0632,1.34,31.63,823,7.24,21,Warning
2023-01-17 23:00:00,M-102,87.07,20.29,1343,137.48,40.79,169.57,63.36,8.36,0.1401,5.27,100.0,333,25.7,0,Failure
2023-01-18 00:00:00,M-104,66.74,3.81,1505,121.24,48.09,200.46,44.53,0.85,0.0168,0.17,28.8,966,4.57,84,Normal
2023-01-18 01:00:00,M-104,80.59,22.93,1329,143.75,42.02,157.81,68.57,7.59,0.1696,5.15,100.0,383,24.65,0,Failure
2023-01-18 02:00:00,M-104,66.06,5.15,1511,124.69,50.87,204.74,45.13,0.97,0.0076,0.14,19.51,967,2.52,104,Normal
2023-01-18 03:00:00,M-103,63.58,2.43,1496,118.93,50.15,200.22,46.26,1.52,0.0157,0.0,19.56,990,2.69,160,Normal
2023-01-18 04:00:00,M-101,69.64,13.3,1429,134.84,47.98,200.99,52.44,3.48,0.0626,2.12,48.13,735,11.57,10,Warning
2023-01-18 05:00:00,M-103,64.15,5.75,1498,118.61,50.25,194.93,43.31,1.0,0.0067,0.15,22.77,976,3.23,96,Normal
2023-01-18 06:00:00,M-104,66.34,5.6,1496,117.96,48.97,198.13,45.64,1.19,0.0075,0.25,17.0,946,2.61,82,Normal
2023-01-18 07:00:00,M-104,76.21,16.0,1394,130.56,47.57,186.63,51.61,3.42,0.07,3.32,86.63,619,19.82,1,Warning
2023-01-18 08:00:00,M-105,68.33,5.31,1505,122.83,50.45,197.49,44.55,1.05,0.0035,0.39,26.03,949,4.67,57,Normal
2023-01-18 09:00:00,M-101,64.51,7.15,1508,121.94,50.47,198.16,44.72,0.96,0.0109,0.43,19.36,956,3.76,59,Normal
2023-01-18 10:00:00,M-103,66.97,3.6,1505,119.59,50.08,196.36,46.75,1.21,0.0063,0.2,38.26,949,6.38,69,Normal
2023-01-18 11:00:00,M-104,73.17,16.59,1460,125.41,47.01,198.47,55.59,3.48,0.0486,3.13,68.71,601,16.5,4,Warning
2023-01-18 12:00:00,M-101,64.75,5.31,1493,119.53,49.06,205.6,44.71,1.29,0.0176,0.06,22.4,990,2.45,124,Normal
2023-01-18 13:00:00,M-105,63.1,5.44,1477,118.98,51.14,210.22,45.29,0.81,0.0052,0.09,28.63,992,4.61,105,Normal
2023-01-18 14:00:00,M-101,64.56,5.07,1501,124.78,47.9,203.42,44.89,1.11,0.0067,0.01,11.34,997,1.88,168,Normal
2023-01-18 15:00:00,M-103,68.56,3.37,1500,118.59,50.52,199.14,43.64,0.8,0.0058,0.36,40.08,984,7.37,49,Normal
2023-01-18 16:00:00,M-104,63.53,4.86,1515,121.47,50.01,198.81,45.08,0.9,-0.0005,0.0,38.35,1040,5.52,123,Normal
2023-01-18 17:00:00,M-101,65.38,3.41,1497,115.06,48.32,190.87,46.05,1.0,0.0037,0.04,20.72,1005,3.68,137,Normal
2023-01-18 18:00:00,M-105,66.46,5.54,1507,124.79,52.19,196.57,46.62,1.08,0.0125,0.25,16.45,935,3.73,82,Normal
2023-01-18 19:00:00,M-103,63.96,4.99,1481,118.67,48.09,202.15,45.83,0.96,0.0114,0.0,19.44,993,3.29,161,Normal
2023-01-18 20:00:00,M-104,66.42,5.02,1498,119.15,49.69,205.23,44.66,0.73,0.0137,0.15,35.04,978,5.7,82,Normal
2023-01-18 21:00:00,M-105,65.01,4.31,1499,119.13,48.37,196.14,45.89,1.32,0.0133,0.0,26.87,1030,4.08,145,Normal
2023-01-18 22:00:00,M-102,63.01,5.14,1500,117.86,50.96,211.62,44.98,1.1,0.0104,0.03,35.64,982,5.71,116,Normal
2023-01-18 23:00:00,M-101,64.45,5.45,1487,119.0,49.9,193.62,44.17,1.06,0.0106,0.09,13.02,1005,1.83,127,Normal
2023-01-19 00:00:00,M-101,63.47,5.07,1510,121.0,50.25,200.39,45.4,1.04,0.0049,0.01,26.05,999,4.06,140,Normal
2023-01-19 01:00:00,M-101,63.01,7.34,1496,121.29,49.99,193.83,43.1,1.15,0.0177,0.47,23.55,929,3.64,53,Normal
2023-01-19 02:00:00,M-101,64.48,4.93,1506,118.63,49.73,199.93,45.15,1.02,0.0122,0.0,11.57,1016,2.0,176,Normal
2023-01-19 03:00:00,M-102,65.85,5.04,1514,121.17,49.55,197.78,44.44,1.13,0.0069,0.09,36.65,980,6.21,92,Normal
2023-01-19 04:00:00,M-103,66.82,5.12,1498,119.58,50.75,201.63,47.28,0.83,0.0126,0.21,42.11,964,6.71,63,Normal
2023-01-19 05:00:00,M-103,61.49,5.12,1491,117.66,50.01,190.35,44.33,1.51,0.0133,0.02,11.95,979,2.54,160,Normal
2023-01-19 06:00:00,M-104,81.17,16.36,1315,134.81,32.93,155.07,72.75,10.6,0.0849,3.89,100.0,496,20.79,0,Failure
2023-01-19 07:00:00,M-102,65.45,4.21,1486,121.98,50.18,201.27,44.38,0.84,-0.0023,0.05,19.73,990,3.77,135,Normal
2023-01-19 08:00:00,M-102,67.06,4.66,1491,121.85,49.67,197.45,45.15,1.15,0.0219,0.21,24.07,991,4.07,83,Normal
2023-01-19 09:00:00,M-105,67.78,5.72,1500,121.52,49.61,196.13,45.81,0.83,0.0132,0.42,38.1,949,5.4,46,Normal
2023-01-19 10:00:00,M-102,74.1,9.21,1538,124.63,43.71,193.33,56.8,3.96,0.0862,1.75,48.65,799,11.0,12,Warning
2023-01-19 11:00:00,M-103,63.26,7.21,1503,121.35,49.73,196.02,45.17,1.32,0.0085,0.44,43.48,946,8.14,40,Normal
2023-01-19 12:00:00,M-104,63.8,3.44,1508,120.85,49.03,197.31,44.53,0.7,0.0059,0.0,14.05,977,2.41,171,Normal
2023-01-19 13:00:00,M-105,61.55,3.03,1492,120.92,50.29,196.17,46.17,0.87,0.0123,0.0,34.23,992,4.7,131,Normal
2023-01-19 14:00:00,M-101,62.33,5.72,1512,125.18,48.8,203.49,44.59,1.16,0.0026,0.14,28.48,957,4.9,90,Normal
2023-01-19 15:00:00,M-103,70.68,12.83,1490,134.11,48.67,198.97,53.43,3.6,0.0155,2.13,51.1,730,12.63,10,Warning
2023-01-19 16:00:00,M-105,91.61,21.15,1303,151.07,38.48,174.18,68.96,6.37,0.1929,5.89,100.0,304,26.37,0,Failure
2023-01-19 17:00:00,M-104,74.32,7.5,1439,134.87,42.76,205.26,50.69,2.74,0.0369,1.43,38.18,824,9.28,18,Warning
2023-01-19 18:00:00,M-104,64.61,5.54,1502,117.6,51.08,201.05,45.2,1.0,0.0074,0.11,41.41,991,5.62,81,Normal
2023-01-19 19:00:00,M-103,63.61,3.18,1505,122.45,49.82,194.97,44.02,0.94,0.0085,0.0,37.17,1018,5.24,125,Normal
2023-01-19 20:00:00,M-105,64.31,5.77,1489,120.86,48.3,197.19,44.67,1.33,0.0086,0.15,27.41,937,4.99,89,Normal
2023-01-19 21:00:00,M-103,71.35,13.22,1460,136.37,45.59,183.37,50.19,2.65,0.0108,2.28,60.0,713,13.41,7,Warning
2023-01-19 22:00:00,M-102,64.62,3.5,1513,119.39,49.51,207.94,43.76,0.77,0.0045,0.0,17.07,998,2.48,165,Normal
2023-01-19 23:00:00,M-102,82.41,13.34,1450,127.38,46.62,195.28,51.78,3.69,0.047,3.41,88.69,591,19.68,1,Warning
2023-01-20 00:00:00,M-104,67.7,3.49,1486,115.64,49.3,200.81,45.1,1.03,0.0029,0.27,41.34,983,6.43,56,Normal
2023-01-20 01:00:00,M-104,65.39,5.06,1491,118.28,48.43,201.53,43.75,1.0,0.013,0.05,20.98,997,2.89,130,Normal
2023-01-20 02:00:00,M-104,64.59,6.12,1494,118.95,49.24,204.38,44.29,1.13,0.0081,0.22,41.65,933,6.21,61,Normal
2023-01-20 03:00:00,M-102,64.21,1.93,1507,119.66,47.59,192.72,44.58,0.74,0.014,0.0,24.49,1008,3.85,151,Normal
2023-01-20 04:00:00,M-101,65.68,4.94,1493,118.73,49.15,197.29,45.76,0.96,0.0033,0.07,39.06,1027,7.0,95,Normal
2023-01-20 05:00:00,M-105,67.28,4.9,1495,122.68,51.01,192.95,46.09,0.97,0.0057,0.23,36.41,933,5.78,66,Normal
2023-01-20 06:00:00,M-101,67.13,11.94,1458,131.25,44.02,191.0,59.55,3.38,0.0425,1.6,60.48,797,10.96,10,Warning
2023-01-20 07:00:00,M-104,62.42,5.62,1478,122.37,51.04,200.21,45.6,1.11,0.0094,0.12,15.65,957,3.08,112,Normal
2023-01-20 08:00:00,M-104,64.18,6.02,1496,124.17,50.43,193.62,44.87,0.87,-0.001,0.2,35.53,1007,5.99,70,Normal
2023-01-20 09:00:00,M-102,66.24,5.74,1500,120.59,50.29,196.85,43.24,0.76,0.0095,0.27,16.56,951,2.63,80,Normal
2023-01-20 10:00:00,M-102,65.27,5.73,1506,120.52,51.2,192.41,45.5,1.13,0.0038,0.17,28.6,949,4.3,84,Normal
2023-01-20 11:00:00,M-103,63.44,4.38,1508,120.04,48.61,198.08,45.54,0.96,0.0068,0.0,34.5,1006,5.98,130,Normal
2023-01-20 12:00:00,M-104,64.68,7.5,1489,119.29,48.77,204.76,46.69,1.33,0.0161,0.5,25.45,936,5.67,49,Normal
2023-01-20 13:00:00,M-103,65.74,15.38,1469,138.2,41.46,201.61,52.78,4.05,0.0493,2.15,56.76,757,12.84,9,Warning
2023-01-20 14:00:00,M-105,62.91,4.97,1493,121.49,50.03,203.45,46.09,1.14,0.0114,0.0,11.03,980,1.05,177,Normal
2023-01-20 15:00:00,M-103,64.98,4.52,1488,123.95,48.92,200.03,44.2,1.06,0.0036,0.0,32.15,1016,5.84,135,Normal
2023-01-20 16:00:00,M-104,79.67,9.83,1430,116.3,48.56,202.32,53.34,2.75,0.0349,2.43,57.19,715,14.02,7,Warning
2023-01-20 17:00:00,M-101,65.64,3.56,1506,120.97,49.67,208.1,44.38,0.97,0.0138,0.06,38.2,993,5.17,98,Normal
2023-01-20 18:00:00,M-102,66.32,6.77,1510,120.19,49.49,187.23,44.83,0.93,0.012,0.49,25.76,938,5.83,50,Normal
2023-01-20 19:00:00,M-103,82.72,21.75,1237,149.9,36.99,192.33,75.56,7.7,0.1265,5.12,100.0,389,25.19,0,Failure
2023-01-20 20:00:00,M-101,63.43,5.71,1520,117.98,49.66,201.16,45.79,0.89,-0.0042,0.14,21.55,1010,4.32,100,Normal
2023-01-20 21:00:00,M-101,66.13,6.77,1487,122.14,51.01,191.59,44.7,0.98,0.0019,0.47,39.5,938,7.3,42,Normal
2023-01-20 22:00:00,M-101,64.89,4.08,1500,117.04,49.51,192.82,45.69,1.14,0.0013,0.0,25.06,1026,4.35,149,Normal
2023-01-20 23:00:00,M-103,83.28,15.85,1343,132.26,43.6,181.33,55.37,2.85,0.0602,4.0,73.35,521,18.44,3,Warning
2023-01-21 00:00:00,M-101,63.87,3.51,1512,119.0,48.73,199.16,45.07,0.65,0.0117,0.0,26.97,979,4.19,146,Normal
2023-01-21 01:00:00,M-101,65.28,4.46,1496,121.26,49.69,199.19,44.97,0.88,0.0096,0.03,24.62,956,4.02,135,Normal
2023-01-21 02:00:00,M-103,66.95,5.3,1492,123.8,50.09,194.82,45.86,1.08,0.012,0.25,39.42,960,6.31,60,Normal
2023-01-21 03:00:00,M-102,65.77,4.71,1506,118.75,50.07,191.88,44.63,1.11,0.0048,0.08,21.8,984,2.22,119,Normal
2023-01-21 04:00:00,M-105,65.27,4.95,1498,120.09,51.02,199.05,44.43,0.94,0.0129,0.03,27.52,1024,3.56,130,Normal
2023-01-21 05:00:00,M-102,66.05,8.09,1502,120.23,49.94,202.45,45.75,0.75,0.0099,0.72,40.02,867,7.34,30,Normal
2023-01-21 06:00:00,M-101,64.61,3.96,1505,119.34,49.48,204.27,45.03,1.1,0.0051,0.0,11.99,971,1.43,176,Normal
2023-01-21 07:00:00,M-104,68.95,3.44,1528,119.22,50.18,197.13,44.38,0.84,0.013,0.39,41.77,924,7.24,45,Normal
2023-01-21 08:00:00,M-102,65.06,5.7,1487,118.63,50.46,210.49,44.86,1.12,0.0095,0.15,27.56,1021,4.26,91,Normal
2023-01-21 09:00:00,M-105,61.6,6.85,1497,119.66,50.44,199.98,44.41,0.75,0.0108,0.37,29.17,963,5.46,57,Normal
2023-01-21 10:00:00,M-104,67.35,5.14,1476,119.28,52.7,198.85,46.1,1.29,0.0111,0.26,17.57,951,3.19,80,Normal
2023-01-21 11:00:00,M-104,63.36,6.56,1482,119.72,49.16,209.17,45.6,0.87,0.0086,0.31,15.42,999,2.46,75,Normal
2023-01-21 12:00:00,M-101,75.64,16.09,1442,129.4,41.69,196.56,55.55,2.58,0.0119,3.28,70.13,635,17.41,4,Warning
2023-01-21 13:00:00,M-104,70.58,7.63,1505,121.9,43.95,189.53,58.93,1.13,0.0583,1.08,46.96,852,9.53,19,Warning
2023-01-21 14:00:00,M-105,62.24,3.2,1477,118.96,49.7,196.84,46.24,1.25,0.0083,0.0,15.8,964,2.29,168,Normal
2023-01-21 15:00:00,M-104,75.87,9.75,1422,131.67,42.31,179.12,58.68,3.49,0.0854,2.04,44.05,771,10.05,12,Warning
2023-01-21 16:00:00,M-105,60.19,6.39,1506,117.0,48.52,208.36,44.26,0.83,-0.0013,0.28,41.59,959,6.1,55,Normal
2023-01-21 17:00:00,M-104,62.11,6.1,1496,122.38,51.57,205.11,44.47,0.5,0.0116,0.22,13.68,1015,2.48,91,Normal
2023-01-21 18:00:00,M-104,74.39,15.18,1423,128.06,44.47,166.8,60.01,2.1,0.0601,2.98,72.61,641,16.78,4,Warning
2023-01-21 19:00:00,M-102,85.47,13.74,1247,153.71,36.05,164.02,72.43,8.01,0.2495,3.79,100.0,547,21.35,0,Failure
2023-01-21 20:00:00,M-104,61.5,4.14,1506,120.33,51.18,202.02,44.03,0.84,0.0105,0.0,26.81,953,3.6,146,Normal
2023-01-21 21:00:00,M-104,67.64,6.36,1517,124.18,50.71,198.25,44.8,0.94,0.008,0.54,39.08,960,6.93,38,Normal
2023-01-21 22:00:00,M-105,63.8,6.17,1483,117.01,50.14,200.13,44.28,1.16,0.0127,0.23,41.87,989,7.61,60,Normal
2023-01-21 23:00:00,M-103,63.05,7.21,1494,117.32,49.78,216.2,45.9,1.12,0.014,0.44,38.24,931,6.78,44,Normal
2023-01-22 00:00:00,M-104,66.95,5.0,1506,115.69,50.45,196.81,46.65,1.12,0.0112,0.2,33.08,986,5.4,75,Normal
2023-01-22 01:00:00,M-105,70.85,9.51,1502,130.83,50.24,193.99,57.26,3.94,0.0255,1.49,59.43,827,11.27,11,Warning
2023-01-22 02:00:00,M-101,79.61,8.35,1464,124.15,41.66,184.95,52.17,2.45,0.0457,2.13,49.32,761,10.71,10,Warning
2023-01-22 03:00:00,M-104,72.81,15.3,1444,124.11,45.68,191.1,60.87,3.79,0.0561,2.84,75.13,677,16.88,4,Warning
2023-01-22 04:00:00,M-103,69.98,4.72,1496,120.23,51.07,192.47,43.03,0.88,0.0018,0.5,22.42,931,4.44,51,Normal
2023-01-22 05:00:00,M-102,68.93,4.38,1489,118.57,50.15,202.94,45.73,1.17,0.0148,0.39,35.16,947,7.09,50,Normal
2023-01-22 06:00:00,M-103,65.22,4.58,1500,123.07,48.65,195.69,46.38,1.2,0.0082,0.02,33.42,1014,5.56,122,Normal
2023-01-22 07:00:00,M-102,65.32,6.77,1527,123.08,50.48,211.61,45.6,0.82,0.0098,0.39,25.13,969,4.95,58,Normal
2023-01-22 08:00:00,M-102,66.73,4.5,1505,116.98,50.18,202.26,46.71,0.85,0.0036,0.17,42.5,961,7.09,67,Normal
2023-01-22 09:00:00,M-101,67.56,4.56,1498,120.11,49.52,201.13,46.58,0.74,0.0067,0.26,42.46,953,6.83,56,Normal
2023-01-22 10:00:00,M-104,65.53,4.96,1507,120.19,49.84,195.64,45.07,1.15,0.0043,0.05,10.82,995,2.08,147,Normal
2023-01-22 11:00:00,M-103,65.46,5.62,1488,120.36,49.27,202.55,44.27,0.93,0.0006,0.17,34.81,956,5.74,77,Normal
2023-01-22 12:00:00,M-101,79.16,8.2,1464,125.64,44.38,181.75,57.47,2.16,0.061,2.06,67.61,746,14.49,7,Warning
2023-01-22 13:00:00,M-103,62.53,4.8,1492,121.9,51.27,192.79,45.83,0.84,0.0087,0.0,31.26,1000,5.6,137,Normal
2023-01-22 14:00:00,M-102,63.4,3.85,1510,118.86,50.04,204.78,44.52,0.99,0.0099,0.0,20.26,1013,3.7,159,Normal
2023-01-22 15:00:00,M-105,83.84,10.91,1407,136.45,47.6,186.09,53.15,2.28,0.0431,3.07,81.62,638,18.09,2,Warning
2023-01-22 16:00:00,M-103,64.68,4.08,1500,116.87,50.14,204.36,43.75,0.69,0.0179,0.0,23.55,987,3.89,152,Normal
2023-01-22 17:00:00,M-103,67.31,7.97,1438,141.19,42.18,182.55,59.58,3.19,0.0711,0.83,36.32,886,7.05,29,Warning
2023-01-22 18:00:00,M-103,76.67,15.5,1449,136.39,48.25,181.39,52.98,3.96,-0.0043,3.27,71.32,604,16.98,4,Warning
2023-01-22 19:00:00,M-104,83.11,14.62,1351,134.89,28.15,171.32,74.87,11.11,0.1791,3.74,100.0,583,16.97,0,Failure
2023-01-22 20:00:00,M-103,64.87,4.34,1509,120.25,49.52,193.48,44.11,0.67,0.0101,0.0,34.05,976,4.88,131,Normal
2023-01-22 21:00:00,M-103,63.46,13.4,1473,121.5,44.8,191.54,57.89,2.28,0.0325,1.68,49.97,789,11.5,12,Warning
2023-01-22 22:00:00,M-104,83.89,26.85,1268,145.42,31.22,175.41,68.92,5.12,0.2166,6.26,100.0,267,27.85,0,Failure
2023-01-22 23:00:00,M-102,64.11,5.37,1504,120.79,49.6,202.53,46.41,0.75,0.0058,0.07,28.67,991,3.92,109,Normal
2023-01-23 00:00:00,M-102,73.45,5.38,1491,123.27,41.99,187.35,59.25,3.77,0.0468,0.92,52.34,895,9.77,20,Warning
2023-01-23 01:00:00,M-104,81.8,32.18,1317,142.77,36.32,158.38,68.07,11.78,0.1116,7.11,100.0,144,29.0,0,Failure
2023-01-23 02:00:00,M-105,62.58,5.06,1501,120.37,50.92,205.09,44.41,0.88,0.0048,0.01,23.33,1012,3.86,146,Normal
2023-01-23 03:00:00,M-104,66.33,6.43,1497,120.9,50.99,196.23,44.09,0.86,0.0083,0.42,29.95,932,4.99,52,Normal
2023-01-23 04:00:00,M-105,66.92,6.13,1480,121.96,49.19,204.28,44.93,1.01,0.0091,0.42,35.36,974,6.48,48,Normal
2023-01-23 05:00:00,M-103,62.83,4.85,1515,118.36,52.2,199.97,45.98,1.08,0.0123,0.0,22.18,971,3.09,155,Normal
2023-01-23 06:00:00,M-103,63.97,5.62,1513,120.22,51.32,193.21,44.56,0.94,0.0094,0.12,20.0,986,3.05,107,Normal
2023-01-23 07:00:00,M-103,66.86,4.57,1518,120.6,49.42,204.87,45.62,0.67,0.0048,0.19,29.34,975,3.98,81,Normal
2023-01-23 08:00:00,M-102,62.29,5.73,1479,119.53,52.15,192.28,43.02,0.7,0.0145,0.15,37.2,1004,6.19,79,Normal
2023-01-23 09:00:00,M-105,69.3,6.58,1485,120.1,44.56,187.06,53.62,3.31,0.0364,0.75,43.07,918,8.02,28,Warning
2023-01-23 10:00:00,M-105,64.66,6.1,1503,120.13,50.91,200.36,47.06,0.71,0.0074,0.22,37.33,971,5.41,66,Normal
2023-01-23 11:00:00,M-105,65.88,6.7,1499,120.0,51.57,195.15,46.73,1.19,0.0054,0.43,32.32,935,5.44,49,Normal
2023-01-23 12:00:00,M-101,66.76,3.57,1503,118.37,49.63,202.52,45.52,1.27,0.0096,0.18,33.08,985,5.24,78,Normal
2023-01-23 13:00:00,M-104,72.44,12.13,1465,126.74,43.91,197.73,59.07,3.49,0.0472,2.17,50.13,734,12.13,10,Warning
2023-01-23 14:00:00,M-103,67.61,5.14,1494,121.02,49.19,207.5,46.35,0.91,0.0069,0.29,25.61,913,4.17,69,Normal
2023-01-23 15:00:00,M-101,64.7,4.37,1518,121.03,49.5,199.68,46.41,1.19,0.003,0.0,31.92,980,4.4,136,Normal
2023-01-23 16:00:00,M-101,63.47,4.54,1477,120.67,49.73,204.85,43.9,0.88,0.0025,0.0,30.32,979,4.86,139,Normal
2023-01-23 17:00:00,M-104,61.64,5.66,1498,123.03,48.87,197.18,44.63,0.97,0.0083,0.13,34.79,977,5.31,85,Normal
2023-01-23 18:00:00,M-102,75.15,11.06,1453,118.1,39.51,194.93,58.11,2.09,0.0451,2.23,46.32,738,11.26,10,Warning
2023-01-23 19:00:00,M-102,66.51,2.94,1507,120.48,49.0,192.83,45.12,1.28,0.0089,0.15,28.7,964,4.7,88,Normal
2023-01-23 20:00:00,M-103,66.92,5.66,1489,120.76,51.0,205.91,44.93,0.93,0.0161,0.32,21.35,936,4.25,68,Normal
2023-01-23 21:00:00,M-105,65.35,3.73,1517,119.17,50.6,200.25,45.21,1.11,0.0065,0.04,31.41,1021,3.99,120,Normal
2023-01-23 22:00:00,M-102,71.95,11.08,1454,126.48,50.08,191.15,46.89,3.34,0.043,1.91,48.74,769,11.58,11,Warning
2023-01-23 23:00:00,M-101,68.04,11.41,1485,132.51,45.03,186.41,55.61,3.58,0.0368,1.59,53.11,817,11.68,12,Warning
2023-01-24 00:00:00,M-105,63.63,5.82,1490,121.39,49.48,194.88,45.28,0.47,0.0012,0.16,13.34,976,1.55,104,Normal
2023-01-24 01:00:00,M-103,68.13,5.74,1495,121.23,50.43,194.49,44.99,0.8,0.0133,0.46,41.68,930,7.13,41,Normal
2023-01-24 02:00:00,M-103,64.78,6.11,1506,122.8,49.7,206.73,44.81,1.29,0.0099,0.22,27.21,987,4.82,77,Normal
2023-01-24 03:00:00,M-104,87.58,15.53,1311,149.03,34.83,180.93,72.96,6.93,0.1245,4.36,100.0,497,20.5,0,Failure
2023-01-24 04:00:00,M-103,65.32,6.16,1493,117.98,50.25,191.03,44.71,1.05,0.0087,0.26,29.46,937,4.79,68,Normal
2023-01-24 05:00:00,M-103,68.09,5.52,1512,115.93,48.76,202.57,46.55,0.77,0.0081,0.41,28.89,958,4.43,53,Normal
2023-01-24 06:00:00,M-103,62.42,5.06,1509,120.84,49.94,191.49,44.19,1.04,0.0061,0.01,38.95,1002,6.33,116,Normal
2023-01-24 07:00:00,M-103,66.37,5.72,1516,122.25,49.84,199.99,45.6,1.03,0.0135,0.28,20.51,921,4.58,74,Normal
2023-01-24 08:00:00,M-101,65.49,12.58,1460,129.8,43.04,173.6,56.12,4.46,0.0382,1.56,50.62,821,10.31,13,Warning
2023-01-24 09:00:00,M-104,63.51,4.29,1496,119.45,49.66,196.64,45.14,0.94,0.002,0.0,22.42,1000,3.3,155,Normal
2023-01-24 10:00:00,M-102,63.29,4.33,1490,123.6,50.55,195.32,46.11,1.04,0.0113,0.0,30.21,993,4.7,139,Normal
2023-01-24 11:00:00,M-105,81.57,25.26,1295,148.02,30.27,177.0,69.4,7.46,0.1457,5.71,100.0,309,26.66,0,Failure
2023-01-24 12:00:00,M-101,66.73,2.29,1492,118.15,48.75,198.93,45.39,1.14,0.0112,0.17,32.2,965,5.25,80,Normal
2023-01-24 13:00:00,M-102,84.58,22.79,1315,142.85,35.87,146.4,70.41,7.95,0.1255,5.52,100.0,336,25.48,0,Failure
2023-01-24 14:00:00,M-105,65.03,5.14,1494,118.15,48.24,196.52,45.47,0.86,0.0088,0.03,16.04,1005,3.13,148,Normal
2023-01-24 15:00:00,M-105,66.87,3.88,1511,119.84,50.8,199.18,46.19,0.77,0.0087,0.19,13.48,1001,1.2,98,Normal
2023-01-24 16:00:00,M-102,80.85,11.13,1482,137.14,49.3,192.28,49.11,3.46,0.071,2.81,69.74,661,16.6,4,Warning
2023-01-24 17:00:00,M-102,66.18,3.94,1516,122.82,50.06,193.09,43.44,1.05,0.0065,0.12,32.16,951,4.27,92,Normal
2023-01-24 18:00:00,M-102,65.29,4.32,1506,121.02,50.81,201.66,47.94,0.79,0.0014,0.03,22.24,988,2.64,139,Normal
2023-01-24 19:00:00,M-105,63.41,5.66,1495,120.41,49.5,197.56,43.97,0.98,0.0091,0.13,18.62,992,3.2,106,Normal
2023-01-24 20:00:00,M-102,75.29,10.08,1317,148.94,45.32,172.37,74.1,6.61,0.1649,2.04,100.0,788,12.72,0,Failure
2023-01-24 21:00:00,M-105,60.69,4.05,1518,121.44,50.43,199.17,43.81,1.34,0.0059,0.0,36.32,1014,4.8,127,Normal
2023-01-24 22:00:00,M-102,66.65,4.84,1512,120.02,50.06,198.67,45.68,0.92,0.0149,0.16,32.7,957,4.42,81,Normal
2023-01-24 23:00:00,M-101,63.6,5.54,1505,124.5,49.09,205.84,45.37,0.67,0.0073,0.11,25.09,992,3.13,104,Normal
2023-01-25 00:00:00,M-103,63.27,4.87,1490,121.39,49.62,193.48,45.44,0.71,0.0058,0.0,26.12,957,3.68,147,Normal
2023-01-25 01:00:00,M-102,64.19,4.83,1510,119.07,49.91,214.9,44.89,1.35,0.0125,0.0,34.32,988,4.79,131,Normal
2023-01-25 02:00:00,M-101,62.01,4.99,1498,119.13,50.44,196.25,43.85,1.02,0.0119,0.0,20.11,976,2.16,159,Normal
2023-01-25 03:00:00,M-101,66.6,4.92,1498,119.4,48.7,193.76,45.84,1.0,0.0085,0.16,30.08,989,4.88,85,Normal
2023-01-25 04:00:00,M-104,70.06,4.01,1488,118.49,50.03,191.37,45.02,1.34,0.0108,0.51,41.77,933,7.76,38,Normal
2023-01-25 05:00:00,M-101,62.5,5.95,1498,120.18,51.21,203.51,45.35,0.6,0.0098,0.19,24.5,961,4.41,85,Normal
2023-01-25 06:00:00,M-103,65.82,5.67,1486,119.09,48.65,195.51,45.55,0.85,0.0085,0.22,24.8,941,4.13,80,Normal
2023-01-25 07:00:00,M-101,65.42,6.69,1515,116.8,48.09,200.12,44.33,0.76,0.0101,0.38,21.6,958,3.58,62,Normal
2023-01-25 08:00:00,M-102,72.17,10.38,1428,124.37,44.88,178.2,57.84,3.06,0.0584,1.79,60.66,775,12.55,9,Warning
2023-01-25 09:00:00,M-101,63.04,4.47,1492,120.78,48.35,202.96,44.88,1.15,0.0064,0.0,35.74,981,5.16,128,Normal
2023-01-25 10:00:00,M-105,67.14,3.71,1489,125.12,51.75,199.84,45.26,0.87,0.0122,0.21,26.32,960,3.86,79,Normal
2023-01-25 11:00:00,M-101,64.45,3.92,1500,123.18,49.86,199.33,43.3,0.94,0.0158,0.0,22.06,994,3.15,155,Normal
2023-01-25 12:00:00,M-104,73.28,14.89,1488,134.8,39.62,198.67,49.48,3.9,0.0426,2.81,71.62,677,15.85,4,Warning
2023-01-25 13:00:00,M-104,61.79,4.17,1487,123.2,49.35,203.45,45.02,1.0,0.007,0.0,11.47,1015,1.8,177,Normal
2023-01-25 14:00:00,M-104,67.23,5.23,1504,119.32,50.2,202.69,44.42,0.98,0.0097,0.27,14.92,984,2.68,81,Normal
2023-01-25 15:00:00,M-104,68.91,4.71,1496,120.24,49.31,200.56,47.37,1.06,0.0113,0.39,32.83,938,6.56,52,Normal
2023-01-25 16:00:00,M-101,62.37,6.31,1497,118.66,48.75,197.22,43.6,1.42,0.0099,0.26,38.24,967,6.82,60,Normal
2023-01-25 17:00:00,M-102,66.88,3.93,1511,119.43,49.5,198.6,45.0,0.92,0.0058,0.19,41.12,962,6.61,67,Normal
2023-01-25 18:00:00,M-103,66.43,4.77,1507,121.55,51.61,206.77,46.35,1.29,0.0115,0.14,34.11,983,5.62,83,Normal
2023-01-25 19:00:00,M-105,65.65,7.24,1472,119.57,51.25,204.9,47.57,1.02,0.0078,0.51,35.54,931,6.52,42,Normal
2023-01-25 20:00:00,M-103,62.69,5.32,1486,118.94,50.5,195.09,46.61,1.24,0.0021,0.06,24.84,973,4.36,119,Normal
2023-01-25 21:00:00,M-105,64.39,4.8,1504,120.71,50.46,191.85,45.56,0.62,0.0138,0.0,35.54,1022,4.65,128,Normal
2023-01-25 22:00:00,M-104,67.1,5.32,1501,116.55,49.73,199.86,46.95,1.14,0.0177,0.27,31.26,978,4.46,65,Normal
2023-01-25 23:00:00,M-104,66.33,4.87,1492,116.14,50.61,204.38,46.34,1.24,0.0061,0.13,28.6,1009,5.25,93,Normal
2023-01-26 00:00:00,M-101,77.23,11.53,1460,136.22,42.66,184.78,54.07,0.9,0.0528,2.53,52.91,658,13.88,8,Warning
2023-01-26 01:00:00,M-105,65.4,7.0,1490,117.44,48.97,199.67,47.72,0.67,0.0131,0.44,18.16,933,3.49,59,Normal
2023-01-26 02:00:00,M-102,64.56,4.87,1501,119.4,50.63,198.06,43.07,0.97,-0.0018,0.0,26.93,1007,3.1,146,Normal
2023-01-26 03:00:00,M-102,63.17,4.1,1513,119.66,51.25,197.16,45.32,1.09,0.0135,0.0,19.49,990,2.73,161,Normal
2023-01-26 04:00:00,M-104,64.04,4.96,1513,116.13,50.02,203.12,45.19,1.26,0.0096,0.0,27.27,996,3.73,145,Normal
2023-01-26 05:00:00,M-101,63.61,5.41,1505,120.2,47.52,191.74,44.76,0.9,0.01,0.08,26.75,980,4.94,110,Normal
2023-01-26 06:00:00,M-103,67.73,4.26,1506,121.48,49.12,203.3,44.61,0.59,0.0158,0.27,23.98,951,4.0,72,Normal
2023-01-26 07:00:00,M-103,79.85,16.06,1399,144.82,31.09,171.86,79.48,6.22,0.1844,3.7,100.0,580,19.83,0,Failure
2023-01-26 08:00:00,M-104,67.37,4.04,1495,118.55,50.31,198.21,45.73,0.81,0.0102,0.24,29.76,985,3.95,72,Normal
2023-01-26 09:00:00,M-101,64.11,7.43,1494,124.18,49.57,198.83,45.86,0.98,0.0125,0.49,45.8,973,8.22,36,Normal
2023-01-26 10:00:00,M-101,66.63,4.16,1482,120.31,50.28,207.45,43.73,1.23,0.0218,0.16,24.59,972,4.88,91,Normal
2023-01-26 11:00:00,M-103,75.34,6.69,1417,121.88,40.02,206.21,61.18,1.88,0.0498,1.37,34.36,809,7.89,20,Warning
2023-01-26 12:00:00,M-105,65.32,5.66,1489,123.38,50.25,203.63,44.37,1.26,0.0087,0.16,20.6,985,2.92,95,Normal
2023-01-26 13:00:00,M-105,63.13,4.81,1496,118.76,49.31,201.46,46.38,1.0,0.0096,0.0,30.28,981,4.43,139,Normal
2023-01-26 14:00:00,M-101,67.11,5.97,1507,123.64,49.92,203.24,44.42,1.49,0.0199,0.4,39.83,951,7.2,45,Normal
2023-01-26 15:00:00,M-104,75.68,11.03,1448,132.17,38.98,196.98,62.28,3.48,0.0444,2.27,70.8,724,15.52,5,Warning
2023-01-26 16:00:00,M-101,92.18,18.48,1247,144.46,34.59,181.55,66.13,9.74,0.2483,5.41,100.0,349,26.37,0,Failure
2023-01-26 17:00:00,M-105,67.15,4.93,1518,119.96,50.86,193.06,44.77,0.97,0.0097,0.21,22.34,947,4.13,83,Normal
2023-01-26 18:00:00,M-101,63.57,6.12,1493,118.97,49.54,201.69,45.46,0.39,0.0151,0.22,37.69,1001,6.08,65,Normal
2023-01-26 19:00:00,M-102,64.81,4.27,1495,117.98,48.88,210.43,45.28,1.29,0.006,0.0,26.24,974,3.45,147,Normal
2023-01-26 20:00:00,M-104,66.27,4.88,1495,120.49,50.47,203.54,46.18,1.08,0.0031,0.13,27.27,975,5.24,96,Normal
2023-01-26 21:00:00,M-101,69.55,5.62,1500,119.46,49.54,206.05,44.98,1.33,0.0102,0.58,40.63,922,6.95,35,Normal
2023-01-26 22:00:00,M-105,64.1,3.98,1491,117.42,49.1,207.1,44.08,1.03,0.0075,0.0,29.46,1023,3.98,141,Normal
2023-01-26 23:00:00,M-103,66.36,5.27,1508,117.44,49.71,196.91,43.89,1.12,0.0147,0.19,34.35,970,6.29,74,Normal
2023-01-27 00:00:00,M-104,69.86,10.48,1456,130.29,43.82,174.73,56.41,4.97,0.0593,1.58,35.48,822,8.67,17,Warning
2023-01-27 01:00:00,M-105,66.8,5.85,1496,121.06,50.46,201.07,44.8,1.04,0.0198,0.35,21.06,952,4.46,65,Normal
2023-01-27 02:00:00,M-105,65.09,3.16,1513,120.28,50.38,206.83,44.37,1.11,0.0095,0.01,30.99,995,5.16,133,Normal
2023-01-27 03:00:00,M-103,64.53,5.67,1482,121.26,47.76,198.62,43.29,1.13,0.0103,0.13,12.26,968,2.82,114,Normal
2023-01-27 04:00:00,M-103,64.96,4.75,1495,119.98,48.87,205.15,43.21,1.11,0.0084,0.0,16.97,976,1.84,166,Normal
2023-01-27 05:00:00,M-103,75.65,8.31,1450,135.81,47.35,189.35,52.03,3.16,0.0361,1.73,51.44,796,10.31,12,Warning
2023-01-27 06:00:00,M-103,65.18,5.79,1482,123.01,50.78,197.58,46.24,0.95,0.0077,0.18,33.67,988,4.89,77,Normal
2023-01-27 07:00:00,M-102,62.89,6.05,1490,118.36,50.54,198.74,44.62,0.91,-0.0016,0.21,22.7,955,4.42,84,Normal
2023-01-27 08:00:00,M-104,69.22,4.14,1496,119.27,49.58,203.11,45.95,0.94,0.0038,0.42,36.84,974,7.05,46,Normal
2023-01-27 09:00:00,M-101,64.89,5.03,1508,118.92,47.84,203.52,45.35,0.93,0.0131,0.01,34.21,1015,4.39,128,Normal
2023-01-27 10:00:00,M-105,65.5,5.81,1497,118.45,49.4,200.01,43.94,0.9,0.0074,0.21,28.04,1017,4.91,77,Normal
2023-01-27 11:00:00,M-104,64.82,5.09,1485,120.8,51.65,199.08,45.65,0.83,0.0096,0.02,15.07,967,2.69,158,Normal
2023-01-27 12:00:00,M-102,68.49,7.4,1502,119.07,48.82,202.34,46.78,0.95,-0.0019,0.83,32.12,913,6.78,31,Normal
2023-01-27 13:00:00,M-103,65.31,4.45,1502,121.96,49.9,199.07,45.59,0.95,0.0157,0.03,33.7,1036,4.67,118,Normal
2023-01-27 14:00:00,M-105,65.18,4.56,1494,117.85,49.57,189.4,44.26,0.94,0.013,0.02,13.73,997,2.79,161,Normal
2023-01-27 15:00:00,M-101,67.63,6.93,1500,122.37,50.31,201.04,44.53,0.55,0.0132,0.65,46.46,945,7.5,29,Normal
2023-01-27 16:00:00,M-105,67.63,4.98,1491,119.57,48.47,194.36,45.97,1.17,0.0118,0.26,18.28,934,3.01,79,Normal
2023-01-27 17:00:00,M-101,65.98,3.27,1488,120.1,51.47,201.89,44.41,0.7,0.0068,0.1,21.76,987,2.28,112,Normal
2023-01-27 18:00:00,M-104,63.88,3.57,1511,121.33,49.97,206.82,45.66,0.84,0.0048,0.0,37.1,1016,5.78,125,Normal
2023-01-27 19:00:00,M-104,66.62,5.12,1502,119.5,48.66,199.13,44.32,0.87,0.0172,0.18,38.94,996,5.36,70,Normal
2023-01-27 20:00:00,M-102,64.74,4.49,1504,118.3,50.31,196.34,44.1,0.87,0.0081,0.0,24.51,999,2.66,150,Normal
2023-01-27 21:00:00,M-101,65.02,4.68,1490,122.19,50.67,212.19,45.83,0.87,0.0055,0.0,16.78,989,2.19,164,Normal
2023-01-27 22:00:00,M-101,70.44,5.84,1511,120.98,48.39,201.97,46.07,0.83,0.0148,0.71,34.36,928,6.14,34,Normal
2023-01-27 23:00:00,M-105,68.09,4.66,1488,121.21,50.11,200.07,44.23,1.02,-0.0003,0.31,28.15,967,5.49,64,Normal
2023-01-28 00:00:00,M-103,63.01,3.94,1511,119.23,49.94,202.41,46.08,0.93,0.0176,0.0,16.93,957,2.65,166,Normal
2023-01-28 01:00:00,M-104,93.36,24.86,1331,150.59,30.38,161.41,75.58,2.9,0.1159,6.81,100.0,156,28.73,0,Failure
2023-01-28 02:00:00,M-101,63.32,4.26,1497,112.8,49.3,195.62,45.53,0.84,0.0089,0.0,31.42,1030,4.39,137,Normal
2023-01-28 03:00:00,M-103,76.67,10.32,1434,128.99,49.96,195.63,57.43,4.61,0.0681,2.23,64.1,709,14.52,7,Warning
2023-01-28 04:00:00,M-102,63.69,5.99,1492,119.4,51.58,199.76,44.27,0.82,0.0117,0.2,40.74,949,6.8,66,Normal
2023-01-28 05:00:00,M-103,62.54,5.55,1493,117.97,49.49,206.81,44.64,1.44,-0.0003,0.11,23.43,955,4.4,106,Normal
2023-01-28 06:00:00,M-101,65.75,5.17,1515,120.49,49.6,200.01,45.12,0.67,0.0236,0.11,39.39,997,5.6,84,Normal
2023-01-28 07:00:00,M-104,68.6,4.65,1497,121.28,51.88,203.41,45.83,0.8,0.0104,0.36,38.72,946,6.88,50,Normal
2023-01-28 08:00:00,M-104,65.11,5.13,1490,124.64,48.59,193.51,46.31,1.14,0.0049,0.04,25.36,1007,3.81,130,Normal
2023-01-28 09:00:00,M-102,67.92,6.54,1502,118.05,51.74,204.1,44.09,1.07,0.0115,0.6,31.2,915,6.05,40,Normal
2023-01-28 10:00:00,M-103,64.23,6.02,1501,125.21,50.19,200.3,45.11,0.87,0.0097,0.2,15.4,998,1.76,93,Normal
2023-01-28 11:00:00,M-101,66.38,5.19,1498,121.51,50.04,203.03,45.96,0.89,0.0058,0.18,18.94,944,3.26,95,Normal
2023-01-28 12:00:00,M-104,71.82,12.58,1445,127.22,46.28,203.78,59.92,1.08,0.0615,2.2,44.6,732,11.44,11,Warning
2023-01-28 13:00:00,M-103,65.64,4.48,1505,122.1,49.01,204.88,45.93,1.06,0.0073,0.06,12.21,1011,2.21,139,Normal
2023-01-28 14:00:00,M-105,64.88,4.78,1501,117.7,49.81,203.72,45.64,0.95,0.0111,0.0,23.54,983,2.69,152,Normal
2023-01-28 15:00:00,M-104,64.0,5.28,1509,121.29,52.31,199.41,44.13,0.96,0.0084,0.06,31.15,991,4.29,112,Normal
2023-01-28 16:00:00,M-104,65.72,5.54,1489,118.29,48.79,195.57,42.15,1.11,0.0203,0.18,24.32,981,3.67,87,Normal
2023-01-28 17:00:00,M-103,63.98,6.27,1492,121.53,51.17,202.39,43.56,0.88,0.0236,0.25,30.78,959,6.62,68,Normal
2023-01-28 18:00:00,M-105,63.82,5.33,1494,120.8,48.68,198.81,46.29,0.99,0.0107,0.07,21.6,1001,2.56,124,Normal
2023-01-28 19:00:00,M-103,66.77,3.11,1506,119.58,51.32,198.34,42.99,0.96,0.0108,0.18,19.17,976,3.52,94,Normal
2023-01-28 20:00:00,M-101,62.02,3.87,1503,117.65,51.11,199.64,45.09,0.94,0.0139,0.0,36.58,1015,5.64,126,Normal
2023-01-28 21:00:00,M-105,65.33,5.04,1479,119.26,49.76,196.26,44.44,1.06,0.0138,0.04,20.95,1001,3.6,135,Normal
2023-01-28 22:00:00,M-101,64.36,5.6,1490,120.28,50.31,192.58,45.61,1.27,0.0091,0.12,38.92,1012,6.42,82,Normal
2023-01-28 23:00:00,M-103,60.01,2.3,1488,120.3,51.53,194.37,44.15,1.02,0.0075,0.0,29.61,989,4.23,140,Normal
2023-01-29 00:00:00,M-102,67.24,5.81,1509,120.02,48.58,204.89,44.73,0.72,0.0168,0.39,35.45,995,5.83,50,Normal
2023-01-29 01:00:00,M-102,64.99,6.5,1507,122.98,49.52,196.44,44.3,0.92,0.0047,0.3,26.0,969,4.66,67,Normal
2023-01-29 02:00:00,M-101,68.19,5.64,1493,118.98,50.08,201.6,44.01,1.14,0.0104,0.45,26.31,911,4.58,52,Normal
2023-01-29 03:00:00,M-102,72.07,9.26,1449,126.01,45.66,193.67,54.12,2.64,0.0537,1.56,58.79,812,12.6,11,Warning
2023-01-29 04:00:00,M-103,68.28,5.91,1492,124.42,50.33,195.82,46.65,1.42,0.0098,0.51,45.38,928,8.65,35,Normal
2023-01-29 05:00:00,M-102,62.3,5.68,1506,122.3,50.06,204.46,44.75,0.84,0.0053,0.14,18.99,954,2.9,105,Normal
2023-01-29 06:00:00,M-102,69.24,5.98,1476,118.87,48.19,195.25,41.86,0.97,0.0043,0.62,34.69,926,6.09,37,Normal
2023-01-29 07:00:00,M-102,63.86,6.93,1488,121.83,51.16,188.31,44.38,1.3,0.0034,0.39,42.02,977,7.06,45,Normal
2023-01-29 08:00:00,M-101,64.6,4.82,1485,121.89,50.95,203.95,44.37,0.86,0.0035,0.0,19.16,1001,2.42,161,Normal
2023-01-29 09:00:00,M-104,64.05,5.61,1493,120.45,50.06,196.1,44.66,1.17,0.0107,0.12,21.29,996,4.08,105,Normal
2023-01-29 10:00:00,M-105,63.24,5.09,1511,121.85,50.03,198.19,45.95,1.13,0.0069,0.02,25.65,981,4.31,138,Normal
2023-01-29 11:00:00,M-104,64.19,6.42,1498,122.88,50.42,204.87,44.51,1.07,0.0014,0.28,23.81,963,3.4,71,Normal
2023-01-29 12:00:00,M-105,65.88,4.48,1489,121.69,49.9,197.55,45.04,1.53,0.0158,0.09,31.39,1012,4.87,101,Normal
2023-01-29 13:00:00,M-105,63.83,3.38,1491,115.67,49.09,201.78,44.95,1.46,0.0081,0.0,22.91,991,3.97,154,Normal
2023-01-29 14:00:00,M-103,61.49,3.73,1491,119.68,48.99,201.69,44.77,1.0,0.0157,0.0,24.52,976,3.47,150,Normal
2023-01-29 15:00:00,M-101,64.74,4.8,1501,120.94,50.26,201.4,44.82,1.02,0.0089,0.0,16.7,963,3.82,166,Normal
2023-01-29 16:00:00,M-103,63.18,5.6,1483,120.69,49.37,196.33,43.55,0.91,0.0154,0.12,33.17,984,4.8,90,Normal
2023-01-29 17:00:00,M-105,65.32,4.12,1505,118.62,50.79,190.94,44.0,0.78,0.011,0.03,23.52,1007,3.73,135,Normal
2023-01-29 18:00:00,M-105,66.58,4.98,1482,125.99,51.75,203.61,44.25,0.98,0.0073,0.16,15.38,1006,3.06,103,Normal
2023-01-29 19:00:00,M-104,65.62,6.16,1495,122.53,48.34,191.88,46.28,1.0,0.0146,0.29,29.21,966,4.97,65,Normal
2023-01-29 20:00:00,M-101,65.11,3.67,1505,121.26,50.68,204.73,45.6,0.92,0.0096,0.01,14.08,1000,3.18,164,Normal
2023-01-29 21:00:00,M-103,66.19,4.36,1500,120.07,51.69,200.2,47.21,0.74,0.0098,0.12,17.66,970,2.64,111,Normal
2023-01-29 22:00:00,M-101,66.22,3.44,1489,120.69,50.62,203.21,44.21,0.8,0.0075,0.12,24.38,990,3.24,101,Normal
2023-01-29 23:00:00,M-105,65.5,7.17,1488,122.2,49.32,197.63,45.91,0.95,0.0112,0.48,31.41,946,5.34,46,Normal
2023-01-30 00:00:00,M-105,64.51,5.74,1500,116.3,47.96,197.11,46.06,1.16,0.0146,0.15,24.03,962,3.76,95,Normal
2023-01-30 01:00:00,M-101,69.02,3.36,1497,119.7,49.96,203.58,48.4,1.09,0.0101,0.4,26.85,929,3.89,56,Normal
2023-01-30 02:00:00,M-105,65.23,6.43,1511,120.46,49.68,201.34,44.48,1.34,0.0091,0.31,29.24,961,4.36,63,Normal
2023-01-30 03:00:00,M-103,63.5,6.04,1507,120.34,50.59,194.34,44.2,1.06,0.005,0.21,30.81,977,4.4,75,Normal
2023-01-30 04:00:00,M-105,63.27,6.14,1496,122.75,50.81,185.28,44.0,1.19,0.0108,0.23,23.22,952,4.94,80,Normal
2023-01-30 05:00:00,M-101,63.43,7.38,1498,123.33,50.31,201.53,46.84,1.16,0.0119,0.48,40.08,903,6.21,41,Normal
2023-01-30 06:00:00,M-103,81.39,22.69,1341,151.38,27.88,198.67,66.79,6.47,0.1049,5.18,100.0,432,24.7,0,Failure
2023-01-30 07:00:00,M-101,66.37,5.29,1501,121.1,49.89,197.94,45.74,0.95,0.0041,0.19,30.41,1005,4.02,78,Normal
2023-01-30 08:00:00,M-102,65.13,6.66,1498,119.51,50.06,199.38,44.78,1.23,0.0108,0.35,34.09,972,5.57,55,Normal
2023-01-30 09:00:00,M-104,89.05,25.62,1287,142.29,41.07,169.78,71.3,9.8,0.2767,6.53,100.0,205,27.95,0,Failure
2023-01-30 10:00:00,M-105,64.25,5.32,1505,122.57,48.49,197.22,45.43,1.15,0.021,0.06,13.68,1011,1.48,137,Normal
2023-01-30 11:00:00,M-102,64.76,5.62,1488,119.63,50.8,202.95,43.84,1.07,0.0128,0.12,34.41,987,5.95,87,Normal
2023-01-30 12:00:00,M-103,64.23,4.08,1502,115.12,49.82,198.97,43.64,0.81,0.014,0.0,38.87,1004,6.33,122,Normal
2023-01-30 13:00:00,M-103,65.9,3.54,1501,125.31,51.19,195.86,45.72,0.72,0.0031,0.09,34.01,987,5.56,96,Normal
2023-01-30 14:00:00,M-101,63.33,5.9,1509,120.34,50.68,199.81,45.23,1.23,0.0131,0.18,25.65,975,3.05,86,Normal
2023-01-30 15:00:00,M-103,68.32,3.84,1525,124.24,48.68,204.09,43.98,0.87,0.0069,0.33,33.41,969,5.84,57,Normal
2023-01-30 16:00:00,M-101,63.8,4.13,1506,119.93,50.83,195.47,43.22,0.89,0.0062,0.0,33.96,998,5.5,132,Normal
2023-01-30 17:00:00,M-104,63.14,5.21,1498,123.52,49.83,194.28,44.53,0.75,0.009,0.04,26.79,1030,4.73,124,Normal
2023-01-30 18:00:00,M-105,71.85,13.0,1397,132.27,42.34,185.0,51.7,3.73,0.0701,2.28,65.08,726,13.52,6,Warning
2023-01-30 19:00:00,M-103,62.32,3.7,1498,117.21,51.38,202.18,45.6,0.68,0.0165,0.0,24.59,1012,3.35,150,Normal
2023-01-30 20:00:00,M-102,72.37,10.22,1464,127.11,45.46,177.59,61.64,1.65,0.0436,1.78,49.49,785,11.55,12,Warning
2023-01-30 21:00:00,M-103,95.47,17.14,1321,136.31,37.51,158.33,76.06,6.8,0.1523,5.48,100.0,375,25.43,0,Failure
2023-01-30 22:00:00,M-104,66.07,6.21,1482,122.13,52.51,197.74,46.9,0.95,0.0031,0.35,21.65,952,4.34,65,Normal
2023-01-30 23:00:00,M-101,66.32,5.85,1500,122.07,50.96,205.75,44.38,1.21,0.0074,0.3,24.76,960,4.23,68,Normal
2023-01-31 00:00:00,M-104,61.51,3.94,1496,120.42,51.01,197.77,44.12,0.71,0.0124,0.0,29.33,1027,4.16,141,Normal
2023-01-31 01:00:00,M-103,76.28,13.56,1475,134.7,45.56,182.36,56.92,2.76,-0.0058,2.84,67.78,667,15.48,5,Warning
2023-01-31 02:00:00,M-105,65.16,6.18,1495,119.38,48.67,196.29,45.53,1.0,0.0147,0.25,33.31,973,6.08,66,Normal
2023-01-31 03:00:00,M-104,64.84,6.1,1499,118.6,49.61,201.33,46.09,1.0,0.0066,0.22,37.09,1002,5.28,67,Normal
2023-01-31 04:00:00,M-101,65.89,3.28,1492,120.82,50.41,206.07,44.86,1.08,0.0101,0.09,13.91,969,2.35,126,Normal
2023-01-31 05:00:00,M-102,93.17,19.01,1290,155.07,44.03,177.12,68.73,6.05,0.0578,5.62,100.0,307,26.29,0,Failure
2023-01-31 06:00:00,M-103,72.2,11.37,1493,121.82,50.81,191.09,54.71,2.8,0.0413,1.99,58.28,781,12.53,9,Warning
2023-01-31 07:00:00,M-104,64.38,5.15,1480,122.71,50.41,205.61,46.61,0.85,-0.0025,0.03,17.35,1019,2.52,147,Normal
2023-01-31 08:00:00,M-102,65.44,4.83,1499,118.04,48.5,203.63,45.69,1.32,0.006,0.04,35.69,1008,6.29,109,Normal
2023-01-31 09:00:00,M-103,67.94,8.31,1433,128.22,49.4,190.39,54.42,1.73,0.0717,0.96,44.75,862,7.99,22,Warning
2023-01-31 10:00:00,M-101,66.02,4.38,1516,118.46,51.14,200.92,45.25,0.61,-0.001,0.1,38.27,983,5.81,87,Normal
2023-01-31 11:00:00,M-105,74.01,17.52,1476,127.78,41.28,199.57,57.52,3.71,0.0483,3.41,78.16,585,19.38,2,Warning
2023-01-31 12:00:00,M-105,66.59,6.66,1496,121.72,49.02,196.57,45.38,1.16,0.0156,0.49,42.86,972,7.96,38,Normal
2023-01-31 13:00:00,M-103,74.77,13.86,1443,124.72,47.59,200.2,62.42,3.26,0.029,2.75,79.7,663,17.39,3,Warning
2023-01-31 14:00:00,M-105,66.74,5.33,1488,122.76,52.04,200.74,45.51,1.04,0.0127,0.24,34.68,968,4.22,66,Normal
2023-01-31 15:00:00,M-104,62.71,3.86,1502,122.54,49.88,204.24,45.65,1.03,0.0129,0.0,33.26,1004,4.92,133,Normal
2023-01-31 16:00:00,M-102,81.98,13.99,1456,132.05,49.24,183.01,54.66,2.55,0.0266,3.5,63.13,573,16.65,4,Warning
2023-01-31 17:00:00,M-105,71.48,15.27,1399,134.81,47.46,190.94,48.7,1.28,0.0548,2.7,51.88,671,13.55,8,Warning
2023-01-31 18:00:00,M-102,65.59,3.12,1484,118.73,50.21,198.8,46.48,0.7,0.0062,0.06,38.03,1023,4.95,100,Normal
2023-01-31 19:00:00,M-101,69.2,5.42,1501,119.28,47.96,205.71,43.94,1.11,0.0139,0.5,28.44,946,5.51,47,Normal
2023-01-31 20:00:00,M-102,82.51,23.47,1308,156.69,39.86,150.57,64.06,8.16,0.1468,5.45,100.0,337,26.71,0,Failure
2023-01-31 21:00:00,M-105,65.37,6.6,1496,118.94,48.78,203.88,45.51,0.78,-0.0008,0.36,24.0,965,4.58,62,Normal
2023-01-31 22:00:00,M-104,67.37,3.84,1487,120.45,50.63,198.5,45.68,0.86,-0.0006,0.24,39.42,963,5.59,62,Normal
2023-01-31 23:00:00,M-102,67.64,6.19,1496,120.7,49.85,202.6,43.98,0.77,0.0141,0.5,40.39,958,6.82,39,Normal
2023-02-01 00:00:00,M-104,76.6,5.96,1423,129.85,46.46,196.14,55.43,3.33,0.0517,1.35,48.28,851,9.96,16,Warning
2023-02-01 01:00:00,M-102,65.26,6.76,1508,117.54,50.95,206.21,46.62,0.92,0.0076,0.38,23.64,935,4.46,60,Normal
2023-02-01 02:00:00,M-105,82.57,26.72,1335,144.85,32.27,149.76,77.1,8.18,0.1147,6.1,100.0,282,26.69,0,Failure
2023-02-01 03:00:00,M-104,64.34,5.97,1512,119.16,48.44,196.11,46.85,0.86,0.0095,0.19,40.36,1005,6.18,67,Normal
2023-02-01 04:00:00,M-104,61.79,3.19,1502,120.27,49.57,191.71,45.47,1.25,0.0114,0.0,15.6,983,3.92,168,Normal
2023-02-01 05:00:00,M-104,90.53,21.48,1352,137.55,31.18,168.84,70.44,4.41,0.1347,5.85,100.0,295,27.47,0,Failure
2023-02-01 06:00:00,M-102,78.92,10.84,1502,132.14,46.02,188.97,54.8,2.74,0.044,2.56,56.6,703,14.05,7,Warning
2023-02-01 07:00:00,M-102,68.82,17.03,1436,131.55,47.11,184.53,53.62,3.13,0.0329,2.79,69.96,644,15.58,4,Warning
2023-02-01 08:00:00,M-101,66.13,5.68,1491,118.36,49.78,201.41,44.85,1.09,0.0188,0.25,31.38,959,5.49,68,Normal
2023-02-01 09:00:00,M-103,61.23,4.98,1497,120.76,49.15,198.33,43.58,1.04,0.0031,0.0,12.04,1008,1.43,175,Normal
2023-02-01 10:00:00,M-101,65.04,4.01,1506,119.9,49.01,211.2,45.48,0.97,0.0171,0.0,17.02,1036,2.28,163,Normal
2023-02-01 11:00:00,M-105,67.58,9.75,1465,120.93,46.91,192.27,54.24,1.36,0.0189,1.21,54.26,847,9.99,15,Warning
2023-02-01 12:00:00,M-103,65.92,4.86,1502,119.54,50.67,192.27,44.64,1.06,0.0127,0.09,34.46,1018,6.11,95,Normal
2023-02-01 13:00:00,M-102,64.16,3.66,1493,118.87,51.6,203.68,44.36,1.16,0.0094,0.0,24.01,1032,3.43,151,Normal
2023-02-01 14:00:00,M-105,63.64,4.39,1515,119.11,51.6,204.46,44.85,0.64,0.0099,0.0,10.33,1002,1.79,179,Normal
2023-02-01 15:00:00,M-104,62.95,6.29,1505,121.67,49.22,194.43,46.18,0.77,0.0107,0.26,26.52,989,4.43,72,Normal
2023-02-01 16:00:00,M-102,76.22,15.44,1460,123.51,37.44,191.19,54.36,2.02,0.016,3.21,85.93,599,19.98,2,Warning
2023-02-01 17:00:00,M-103,72.41,17.58,1458,136.36,45.35,183.75,54.21,1.61,0.0478,3.26,72.79,612,17.46,3,Warning
2023-02-01 18:00:00,M-104,65.07,6.35,1507,119.99,50.22,201.48,45.4,0.63,0.0085,0.28,28.67,937,4.71,67,Normal
2023-02-01 19:00:00,M-105,64.9,4.78,1502,119.46,50.07,200.85,44.96,0.97,0.0055,0.0,36.08,1011,5.27,127,Normal
2023-02-01 20:00:00,M-104,84.08,21.43,1225,154.21,34.49,170.56,72.0,5.42,0.1728,5.19,100.0,369,24.71,0,Failure
2023-02-01 21:00:00,M-103,63.85,5.41,1488,118.14,51.13,201.83,46.16,1.22,-0.0004,0.08,23.32,966,3.8,115,Normal
2023-02-01 22:00:00,M-103,70.74,6.95,1446,138.03,44.58,192.42,59.13,2.6,0.0907,0.96,26.05,924,5.07,30,Warning
2023-02-01 23:00:00,M-103,63.66,5.34,1507,121.11,47.97,197.72,44.03,0.94,0.0094,0.07,22.47,1013,3.65,121,Normal
2023-02-02 00:00:00,M-102,66.47,6.38,1490,119.31,50.76,202.24,46.53,1.08,0.0192,0.42,45.48,960,7.53,40,Normal
2023-02-02 01:00:00,M-104,63.07,7.58,1501,121.67,50.52,200.93,44.77,0.44,0.0047,0.52,46.08,944,6.58,35,Normal
2023-02-02 02:00:00,M-102,66.21,5.06,1505,118.37,50.57,204.97,46.22,1.4,0.0112,0.13,15.68,989,2.48,109,Normal
2023-02-02 03:00:00,M-104,67.24,5.57,1496,122.65,49.71,195.27,44.99,0.84,0.0147,0.34,23.67,942,4.17,64,Normal
2023-02-02 04:00:00,M-101,72.94,13.25,1469,131.16,47.99,194.6,54.11,2.54,0.0563,2.44,65.84,718,14.3,6,Warning
2023-02-02 05:00:00,M-101,68.53,4.7,1519,119.42,50.71,203.51,44.61,1.01,0.0172,0.35,34.99,951,5.75,53,Normal
2023-02-02 06:00:00,M-102,67.21,4.62,1512,118.93,48.97,197.71,44.9,0.92,0.0089,0.22,19.51,980,3.04,85,Normal
2023-02-02 07:00:00,M-105,67.13,5.16,1488,119.5,49.87,189.31,44.8,1.14,0.0093,0.25,40.22,975,6.76,60,Normal
2023-02-02 08:00:00,M-101,62.98,3.47,1515,122.83,47.51,197.71,46.66,0.9,0.0075,0.0,20.57,994,2.97,158,Normal
2023-02-02 09:00:00,M-102,64.91,4.5,1511,118.52,50.14,202.69,45.13,1.15,0.0078,0.0,20.66,1012,3.43,158,Normal
2023-02-02 10:00:00,M-101,67.41,5.27,1490,119.17,50.29,199.06,45.94,0.69,0.0025,0.3,19.35,968,3.5,73,Normal
2023-02-02 11:00:00,M-105,61.8,4.3,1499,118.21,51.2,193.53,45.9,1.29,0.0119,0.0,20.05,997,3.13,159,Normal
2023-02-02 12:00:00,M-101,78.13,11.8,1449,124.47,44.1,183.89,56.15,2.01,0.0766,2.67,75.79,645,16.89,4,Warning
2023-02-02 13:00:00,M-104,63.58,3.67,1495,118.55,49.83,194.67,45.84,0.85,0.0082,0.0,27.16,999,4.64,145,Normal
2023-02-02 14:00:00,M-101,61.15,6.49,1506,118.47,49.07,203.37,44.75,0.61,0.0189,0.3,33.18,955,6.25,60,Normal
2023-02-02 15:00:00,M-105,66.82,3.99,1488,116.38,49.42,200.44,43.99,1.09,0.0133,0.18,27.96,968,3.89,83,Normal
2023-02-02 16:00:00,M-102,65.86,5.39,1500,121.78,49.33,201.68,43.43,1.08,0.0198,0.16,20.17,960,3.21,96,Normal
2023-02-02 17:00:00,M-101,64.15,4.26,1496,122.27,50.14,194.1,46.03,1.35,0.0125,0.0,36.12,1017,6.03,127,Normal
2023-02-02 18:00:00,M-102,65.44,6.03,1519,118.09,51.08,199.57,44.87,0.69,0.0086,0.25,19.07,949,2.69,80,Normal
2023-02-02 19:00:00,M-102,62.08,5.34,1494,119.03,49.37,213.62,45.61,1.14,0.0061,0.07,30.72,1001,4.63,108,Normal
2023-02-02 20:00:00,M-101,67.82,4.69,1494,121.74,50.51,199.06,46.39,0.96,0.0102,0.28,30.23,966,5.2,65,Normal
2023-02-02 21:00:00,M-103,63.26,4.8,1501,121.86,50.22,197.14,45.97,1.08,0.0177,0.0,20.7,1001,2.59,158,Normal
2023-02-02 22:00:00,M-105,66.32,5.75,1496,120.62,51.42,207.07,44.97,1.03,0.0156,0.28,38.99,936,7.37,57,Normal
2023-02-02 23:00:00,M-105,62.92,4.97,1511,118.87,49.51,198.53,44.55,1.11,0.0011,0.0,11.67,1032,1.27,176,Normal
2023-02-03 00:00:00,M-104,74.99,8.8,1412,124.97,42.83,192.93,52.61,4.75,0.0705,1.76,59.78,805,11.16,10,Warning
2023-02-03 01:00:00,M-101,63.33,3.71,1504,120.68,50.36,198.47,44.8,0.99,0.008,0.0,26.97,1015,3.51,146,Normal
2023-02-03 02:00:00,M-103,62.6,4.57,1496,122.71,49.97,195.46,45.56,0.92,0.0039,0.0,26.47,982,4.41,147,Normal
2023-02-03 03:00:00,M-101,66.03,5.46,1508,120.03,50.62,197.68,45.85,1.04,0.0031,0.19,15.92,997,2.71,94,Normal
2023-02-03 04:00:00,M-101,66.73,4.17,1497,118.73,51.54,192.9,45.11,0.98,0.0141,0.17,26.62,977,3.99,86,Normal
2023-02-03 05:00:00,M-101,64.13,5.01,1498,119.52,49.13,192.07,45.63,1.1,0.0069,0.0,19.54,1007,2.85,159,Normal
2023-02-03 06:00:00,M-103,63.75,5.23,1507,118.54,50.78,200.26,46.05,0.96,0.0119,0.05,39.48,993,6.39,102,Normal
2023-02-03 07:00:00,M-103,64.33,4.59,1504,118.69,50.19,198.22,45.37,0.97,0.0065,0.0,39.23,1022,6.0,121,Normal
2023-02-03 08:00:00,M-102,72.26,11.72,1462,137.88,39.43,185.94,48.62,3.03,0.0554,2.07,67.35,783,13.46,7,Warning
2023-02-03 09:00:00,M-104,86.31,22.94,1357,149.18,28.8,185.03,67.93,10.44,0.1323,5.72,100.0,309,26.03,0,Failure
2023-02-03 10:00:00,M-104,64.13,5.39,1490,117.58,51.24,203.64,45.07,1.33,0.0087,0.08,14.89,1017,2.69,129,Normal
2023-02-03 11:00:00,M-102,65.17,5.37,1513,121.16,50.2,190.78,44.22,0.92,0.0001,0.09,40.09,966,6.06,88,Normal
2023-02-03 12:00:00,M-104,66.96,4.75,1502,117.31,51.85,205.95,44.8,0.92,0.0151,0.2,31.3,1016,4.23,77,Normal
2023-02-03 13:00:00,M-102,65.74,4.44,1496,120.7,51.05,197.67,44.55,1.07,0.0129,0.07,18.97,970,3.86,124,Normal
2023-02-03 14:00:00,M-102,78.28,10.6,1426,135.09,41.13,187.59,55.99,2.43,0.0657,2.45,76.58,694,16.36,4,Warning
2023-02-03 15:00:00,M-103,71.76,13.76,1468,126.42,48.7,207.95,51.73,2.82,0.0567,2.43,54.59,754,12.68,8,Warning
2023-02-03 16:00:00,M-105,63.85,4.66,1496,118.39,50.57,206.95,45.47,1.02,0.0051,0.0,24.21,1010,3.53,151,Normal
2023-02-03 17:00:00,M-105,65.13,4.56,1484,117.73,49.96,204.66,46.68,0.96,0.0064,0.01,29.03,991,3.86,135,Normal
2023-02-03 18:00:00,M-101,61.93,5.27,1511,116.85,50.41,202.9,42.94,1.16,0.0144,0.05,11.99,987,1.82,144,Normal
2023-02-03 19:00:00,M-102,65.13,4.65,1524,119.38,49.45,200.62,45.97,0.85,0.0093,0.01,28.61,1018,4.84,135,Normal
2023-02-03 20:00:00,M-101,63.79,13.3,1407,132.5,45.38,195.09,53.5,1.13,0.041,1.66,43.69,808,9.29,14,Warning
2023-02-03 21:00:00,M-103,67.27,4.62,1503,116.35,51.0,202.94,43.66,1.05,0.01,0.23,33.88,963,4.09,69,Normal
2023-02-03 22:00:00,M-103,64.4,4.31,1499,117.19,49.92,207.48,44.39,0.95,0.0015,0.0,28.45,1007,4.2,143,Normal
2023-02-03 23:00:00,M-104,62.05,4.7,1507,119.68,49.78,200.14,45.08,1.14,0.0135,0.0,27.87,1028,4.26,144,Normal
2023-02-04 00:00:00,M-104,66.21,3.16,1513,120.27,49.95,201.41,44.66,1.05,0.007,0.12,13.0,1010,2.84,117,Normal
2023-02-04 01:00:00,M-102,61.82,4.0,1512,122.91,49.34,208.25,45.98,0.95,-0.0022,0.0,32.95,966,4.61,134,Normal
2023-02-04 02:00:00,M-104,63.44,5.99,1481,116.95,49.98,201.47,45.48,0.94,0.0227,0.2,15.85,971,3.06,93,Normal
2023-02-04 03:00:00,M-105,64.7,3.25,1510,121.49,50.23,200.2,43.22,1.15,0.0174,0.0,19.42,977,3.58,161,Normal
2023-02-04 04:00:00,M-101,62.91,5.68,1487,119.34,50.45,199.67,45.26,0.79,0.013,0.14,35.54,971,5.83,83,Normal
2023-02-04 05:00:00,M-101,62.54,4.88,1503,122.92,50.0,202.13,44.07,0.77,0.0036,0.0,34.36,991,6.19,131,Normal
2023-02-04 06:00:00,M-102,65.84,4.5,1509,120.81,49.19,194.17,43.54,1.04,0.0129,0.08,15.61,1002,3.27,126,Normal
2023-02-04 07:00:00,M-103,64.6,6.18,1485,120.26,49.46,201.41,44.7,0.73,0.0056,0.24,22.08,938,3.13,80,Normal
2023-02-04 08:00:00,M-103,65.4,5.33,1501,119.4,50.93,200.32,45.7,0.65,-0.0096,0.1,25.25,993,4.32,105,Normal
2023-02-04 09:00:00,M-103,63.49,5.57,1499,121.73,48.87,200.86,45.47,1.03,0.0107,0.11,16.39,1010,1.84,115,Normal
2023-02-04 10:00:00,M-104,61.9,5.2,1501,123.35,48.44,197.0,45.82,1.07,0.0109,0.04,34.04,975,5.27,113,Normal
2023-02-04 11:00:00,M-104,64.91,3.85,1497,123.95,49.62,199.22,46.26,0.69,0.0131,0.0,38.65,968,6.0,122,Normal
2023-02-04 12:00:00,M-101,60.86,4.8,1494,118.6,50.39,205.6,44.87,1.04,0.0106,0.0,30.85,1000,4.99,138,Normal
2023-02-04 13:00:00,M-103,64.26,4.43,1509,119.16,49.46,187.57,43.96,0.83,0.0073,0.0,17.34,985,3.09,165,Normal
2023-02-04 14:00:00,M-104,64.09,4.65,1521,122.11,51.02,205.84,44.0,0.76,0.0045,0.0,16.38,1026,1.75,167,Normal
2023-02-04 15:00:00,M-101,63.44,4.6,1505,120.16,49.85,197.58,43.69,1.12,0.0128,0.0,14.03,987,1.55,171,Normal
2023-02-04 16:00:00,M-104,66.11,7.05,1506,120.95,50.53,194.63,45.12,0.99,0.0116,0.52,23.87,939,4.42,49,Normal
2023-02-04 17:00:00,M-102,89.11,29.29,1304,135.55,22.53,169.42,71.25,5.84,0.1568,7.27,100.0,136,30.04,0,Failure
2023-02-04 18:00:00,M-102,75.18,11.27,1414,132.24,46.63,181.24,54.58,2.66,0.0551,2.27,63.95,704,13.66,7,Warning
2023-02-04 19:00:00,M-104,66.73,5.63,1498,118.58,49.18,201.12,44.15,1.22,0.0169,0.3,18.51,963,3.94,74,Normal
2023-02-04 20:00:00,M-101,66.94,3.74,1506,124.65,51.06,207.07,45.22,1.19,0.0064,0.19,33.26,992,5.26,75,Normal
2023-02-04 21:00:00,M-103,66.63,5.72,1508,120.24,49.35,199.71,45.05,1.05,0.0052,0.31,30.86,957,5.2,62,Normal
2023-02-04 22:00:00,M-105,63.33,4.77,1506,121.1,49.29,195.77,45.66,0.86,0.0103,0.0,36.44,1002,4.83,127,Normal
2023-02-04 23:00:00,M-102,68.15,4.24,1498,123.49,47.94,191.47,45.44,0.5,-0.0002,0.32,28.27,985,4.67,63,Normal
2023-02-05 00:00:00,M-103,66.74,5.23,1491,118.08,50.25,203.49,45.39,0.79,0.0133,0.22,41.5,982,6.35,62,Normal
2023-02-05 01:00:00,M-101,63.02,4.31,1487,120.29,50.81,199.64,46.72,1.36,0.0115,0.0,34.32,1014,4.7,131,Normal
2023-02-05 02:00:00,M-105,68.03,4.46,1516,118.2,48.99,191.2,44.55,0.9,0.0126,0.3,26.38,968,4.28,66,Normal
2023-02-05 03:00:00,M-103,63.31,3.2,1496,121.55,49.13,200.09,44.78,0.87,0.0142,0.0,29.65,1032,4.95,140,Normal
2023-02-05 04:00:00,M-102,75.01,18.47,1324,150.16,31.61,165.42,67.01,7.22,0.2099,3.7,100.0,541,18.92,0,Failure
2023-02-05 05:00:00,M-101,66.68,5.82,1490,118.79,51.46,200.54,43.53,1.04,0.0133,0.33,27.81,970,4.37,61,Normal
2023-02-05 06:00:00,M-104,68.09,5.6,1513,120.13,50.77,207.39,45.25,0.95,0.0015,0.43,39.08,946,6.37,44,Normal
2023-02-05 07:00:00,M-105,65.87,4.86,1501,119.59,51.41,195.37,44.54,1.1,0.0051,0.09,14.68,968,2.44,126,Normal
2023-02-05 08:00:00,M-103,65.25,4.78,1497,120.25,49.17,200.6,45.45,1.04,0.0123,0.02,27.46,1005,3.66,132,Normal
2023-02-05 09:00:00,M-102,81.52,27.48,1226,140.68,31.34,146.54,69.06,8.49,0.1578,6.15,100.0,278,27.89,0,Failure
2023-02-05 10:00:00,M-103,62.27,4.95,1497,120.87,50.22,198.24,44.56,0.78,0.0149,0.0,21.2,1009,3.03,157,Normal
2023-02-05 11:00:00,M-104,65.77,4.11,1495,117.53,51.85,206.88,45.6,1.43,0.0139,0.08,21.93,987,3.63,119,Normal
2023-02-05 12:00:00,M-102,78.08,16.52,1436,124.3,37.63,182.15,54.66,4.6,0.0635,3.61,68.26,572,17.6,4,Warning
2023-02-05 13:00:00,M-104,61.75,4.97,1503,117.25,49.07,202.45,44.45,0.98,0.0127,0.0,23.05,1040,3.35,153,Normal
2023-02-05 14:00:00,M-104,81.64,22.45,1285,145.99,37.22,176.51,66.23,4.75,0.2752,5.15,100.0,371,23.88,0,Failure
2023-02-05 15:00:00,M-103,66.5,5.12,1498,119.84,50.51,194.11,45.04,0.77,0.0108,0.17,18.49,991,3.21,95,Normal
2023-02-05 16:00:00,M-101,63.29,4.73,1489,119.05,48.81,190.83,46.02,0.74,0.0091,0.0,15.77,1015,2.71,168,Normal
2023-02-05 17:00:00,M-103,73.21,7.75,1517,129.17,41.51,191.37,54.74,1.46,0.0519,1.37,46.37,855,9.58,16,Warning
2023-02-05 18:00:00,M-102,62.81,4.38,1505,122.42,48.51,199.16,45.28,0.98,-0.0024,0.0,25.64,1010,3.52,148,Normal
2023-02-05 19:00:00,M-102,67.31,5.33,1487,122.48,50.96,198.52,45.88,1.4,0.0047,0.3,20.6,975,4.67,72,Normal
2023-02-05 20:00:00,M-105,66.47,5.62,1493,125.83,48.72,194.58,45.23,1.42,0.0058,0.27,28.88,962,5.6,68,Normal
2023-02-05 21:00:00,M-102,68.76,5.55,1505,120.26,50.97,187.78,45.0,0.89,0.0107,0.49,23.69,963,4.53,51,Normal
2023-02-05 22:00:00,M-102,66.34,4.89,1480,118.07,50.9,186.3,46.19,1.1,0.0166,0.13,28.02,979,5.09,93,Normal
2023-02-05 23:00:00,M-101,62.45,5.46,1517,118.0,49.01,195.91,45.89,1.06,0.0003,0.09,13.94,995,2.15,125,Normal
2023-02-06 00:00:00,M-105,67.32,4.82,1484,121.68,51.69,196.77,44.52,1.1,0.0181,0.23,32.21,961,5.31,70,Normal
2023-02-06 01:00:00,M-105,61.79,4.68,1501,118.38,50.58,195.46,45.03,0.95,0.0131,0.0,10.74,999,1.51,178,Normal
2023-02-06 02:00:00,M-101,65.08,5.89,1505,119.69,50.76,202.0,44.57,0.98,0.0093,0.19,13.11,987,2.47,99,Normal
2023-02-06 03:00:00,M-104,78.58,28.69,1338,153.01,37.0,134.93,75.46,7.12,0.1677,6.1,100.0,279,28.16,0,Failure
2023-02-06 04:00:00,M-104,63.83,4.25,1490,117.22,49.12,199.13,45.1,0.95,-0.0018,0.0,29.03,1031,4.22,141,Normal
2023-02-06 05:00:00,M-104,79.93,13.3,1454,128.72,48.53,181.42,56.44,3.34,0.0509,3.15,69.51,637,16.75,4,Warning
2023-02-06 06:00:00,M-101,65.2,4.48,1494,121.62,49.35,204.58,46.22,0.67,0.0157,0.02,37.74,1038,5.24,115,Normal
2023-02-06 07:00:00,M-103,68.36,4.75,1502,121.25,50.06,205.76,45.46,1.2,0.0122,0.34,20.13,958,3.73,68,Normal
2023-02-06 08:00:00,M-104,68.79,4.85,1502,119.87,49.18,208.12,44.47,0.77,0.0077,0.38,21.83,914,3.55,62,Normal
2023-02-06 09:00:00,M-105,63.73,5.74,1509,117.38,51.57,197.45,44.4,0.82,0.0103,0.15,27.88,1021,3.71,90,Normal
2023-02-06 10:00:00,M-105,66.0,3.01,1496,120.24,50.09,196.35,45.25,0.75,0.0053,0.1,31.55,1000,5.14,97,Normal
2023-02-06 11:00:00,M-102,62.64,6.77,1489,118.41,48.53,200.43,45.04,1.3,0.0139,0.35,16.66,941,3.64,69,Normal
2023-02-06 12:00:00,M-102,64.66,4.85,1523,121.9,49.08,200.5,44.66,0.97,0.0039,0.0,26.85,991,4.19,146,Normal
2023-02-06 13:00:00,M-101,82.65,5.99,1414,127.77,46.63,197.12,57.43,1.31,0.0365,1.96,40.83,746,10.02,13,Warning
2023-02-06 14:00:00,M-105,64.87,4.92,1511,120.03,49.58,205.23,45.12,0.85,0.0158,0.0,39.88,1003,4.9,120,Normal
2023-02-06 15:00:00,M-102,65.23,7.92,1504,120.04,51.31,201.09,45.71,0.96,0.011,0.61,24.2,935,5.28,44,Normal
2023-02-06 16:00:00,M-102,64.92,4.5,1511,117.5,49.58,205.14,45.32,0.99,0.0113,0.0,23.16,1003,3.23,153,Normal
2023-02-06 17:00:00,M-105,69.22,10.23,1459,136.21,44.23,198.44,57.83,1.82,0.075,1.47,46.54,829,9.31,15,Warning
2023-02-06 18:00:00,M-101,64.14,6.68,1487,118.02,49.31,195.77,44.73,0.86,0.0059,0.34,35.08,982,6.24,55,Normal
2023-02-06 19:00:00,M-105,68.29,4.82,1501,118.06,49.49,207.84,45.75,1.08,0.0003,0.33,40.55,946,7.61,51,Normal
2023-02-06 20:00:00,M-103,62.32,5.61,1505,120.14,49.76,204.81,44.01,0.85,0.005,0.12,28.31,987,4.06,96,Normal
2023-02-06 21:00:00,M-101,67.6,5.04,1490,120.37,48.53,201.91,46.11,1.13,0.0208,0.27,27.8,929,4.77,69,Normal
2023-02-06 22:00:00,M-102,65.98,3.87,1490,120.0,49.9,192.94,45.17,1.19,0.0044,0.1,28.62,1013,5.48,102,Normal
2023-02-06 23:00:00,M-105,63.69,4.99,1493,117.95,48.8,200.52,43.03,0.95,0.0153,0.0,19.3,1012,3.11,161,Normal
2023-02-07 00:00:00,M-105,61.75,3.79,1510,117.66,48.18,209.34,43.61,1.04,0.0103,0.0,37.04,943,5.86,125,Normal
2023-02-07 01:00:00,M-105,64.21,3.96,1491,116.93,48.74,192.63,43.96,0.78,0.012,0.0,24.29,1007,3.84,151,Normal
2023-02-07 02:00:00,M-105,64.12,5.61,1500,119.7,52.3,192.79,46.29,1.13,0.0076,0.12,25.21,1017,4.47,100,Normal
2023-02-07 03:00:00,M-101,61.83,5.47,1488,117.72,49.28,200.97,43.71,0.88,0.0099,0.09,25.51,964,4.73,108,Normal
2023-02-07 04:00:00,M-105,63.32,3.73,1508,120.64,50.4,198.15,44.72,0.93,0.0096,0.0,12.33,1016,2.13,175,Normal
2023-02-07 05:00:00,M-102,64.07,5.76,1503,118.83,51.13,196.3,45.86,0.86,0.0084,0.15,27.91,978,4.66,89,Normal
2023-02-07 06:00:00,M-104,65.92,4.89,1511,118.66,49.8,205.61,46.38,0.86,0.0109,0.09,18.2,994,2.79,119,Normal
2023-02-07 07:00:00,M-101,66.77,6.21,1502,121.11,49.39,204.46,45.22,0.94,0.0039,0.42,38.87,939,6.11,45,Normal
2023-02-07 08:00:00,M-105,66.86,6.81,1512,120.21,49.67,192.36,45.31,0.78,0.006,0.55,32.36,910,5.61,42,Normal
2023-02-07 09:00:00,M-103,68.59,5.41,1507,120.25,49.82,200.08,45.25,0.78,0.0138,0.44,21.63,969,4.03,56,Normal
2023-02-07 10:00:00,M-104,64.22,3.33,1491,122.91,51.43,195.57,45.67,0.76,0.017,0.0,19.98,1004,2.93,160,Normal
2023-02-07 11:00:00,M-101,70.18,3.39,1524,119.75,50.22,196.98,43.43,0.89,0.0082,0.52,43.62,941,8.14,36,Normal
2023-02-07 12:00:00,M-102,63.94,5.8,1491,120.19,49.82,203.9,43.42,0.83,0.0018,0.16,23.66,975,4.11,92,Normal
2023-02-07 13:00:00,M-104,65.88,4.7,1481,119.53,50.33,204.05,46.75,1.22,0.0108,0.09,27.46,983,3.92,107,Normal
2023-02-07 14:00:00,M-103,63.88,5.61,1495,122.54,50.59,196.47,45.03,0.82,0.0091,0.12,29.87,974,3.67,94,Normal
2023-02-07 15:00:00,M-103,79.98,7.61,1438,133.04,44.82,189.41,55.22,5.52,0.0856,2.02,54.76,743,12.78,9,Warning
2023-02-07 16:00:00,M-103,65.05,5.07,1506,118.58,49.56,192.61,42.71,0.78,0.0021,0.02,11.86,1004,1.75,163,Normal
2023-02-07 17:00:00,M-103,77.95,20.07,1299,142.16,29.87,153.86,73.64,10.07,0.047,4.31,100.0,476,20.78,0,Failure
2023-02-07 18:00:00,M-102,68.36,4.93,1498,118.12,48.11,199.2,45.33,1.22,-0.0012,0.34,29.95,937,5.79,59,Normal
2023-02-07 19:00:00,M-105,67.5,5.46,1506,124.32,49.04,200.67,46.97,1.44,0.0082,0.34,33.51,999,6.11,56,Normal
2023-02-07 20:00:00,M-103,66.76,6.35,1519,120.43,48.43,198.46,45.39,1.01,0.0038,0.45,22.74,913,4.61,55,Normal
2023-02-07 21:00:00,M-101,62.15,4.7,1519,119.69,51.03,202.83,44.69,0.97,0.0108,0.0,36.66,958,5.97,126,Normal
2023-02-07 22:00:00,M-102,61.19,4.52,1500,122.45,49.43,202.56,45.29,1.01,0.0147,0.0,24.71,986,3.92,150,Normal
2023-02-07 23:00:00,M-101,62.84,4.03,1492,122.0,50.88,182.73,44.92,1.03,0.0052,0.0,14.54,992,2.85,170,Normal
2023-02-08 00:00:00,M-104,73.51,12.84,1433,127.02,49.31,192.28,53.32,2.75,0.0829,2.42,52.95,704,12.52,8,Warning
2023-02-08 01:00:00,M-104,66.02,4.37,1488,120.49,49.9,203.43,45.88,0.93,0.0117,0.1,13.96,979,2.62,122,Normal
2023-02-08 02:00:00,M-102,80.08,15.89,1441,126.85,42.41,195.54,54.39,2.61,0.0337,3.69,71.06,542,17.12,3,Warning
2023-02-08 03:00:00,M-105,66.58,4.54,1504,119.37,49.98,196.57,44.97,0.83,0.0099,0.16,18.09,1010,3.29,100,Normal
2023-02-08 04:00:00,M-102,67.6,5.28,1506,121.22,51.42,190.25,45.67,1.2,0.0033,0.32,22.61,944,4.39,68,Normal
2023-02-08 05:00:00,M-104,80.18,23.01,1282,136.42,39.16,180.6,63.22,7.96,0.1668,5.12,100.0,402,25.32,0,Failure
2023-02-08 06:00:00,M-104,64.94,5.52,1496,120.54,48.49,196.56,44.32,0.93,0.0054,0.1,29.24,976,4.17,99,Normal
2023-02-08 07:00:00,M-103,63.25,7.17,1498,119.87,49.92,207.76,43.39,0.99,0.0019,0.43,20.61,900,3.59,58,Normal
2023-02-08 08:00:00,M-101,81.5,7.91,1500,128.7,45.11,181.31,52.69,2.5,0.0291,2.23,64.47,727,15.0,7,Warning
2023-02-08 09:00:00,M-105,60.13,5.25,1500,119.44,49.47,200.34,46.06,0.67,0.006,0.05,37.29,973,5.14,104,Normal
2023-02-08 10:00:00,M-102,66.84,6.21,1493,121.59,49.24,211.17,44.31,1.21,0.0142,0.43,28.45,955,5.13,52,Normal
2023-02-08 11:00:00,M-103,63.49,6.31,1488,119.96,50.64,210.48,44.54,0.94,0.0078,0.26,14.33,973,2.97,83,Normal
2023-02-08 12:00:00,M-103,66.27,3.97,1506,120.95,50.38,199.09,46.83,1.1,0.0052,0.13,40.8,989,6.2,78,Normal
2023-02-08 13:00:00,M-104,63.91,5.45,1511,120.12,51.25,203.45,44.8,1.11,0.0078,0.09,37.98,994,5.34,91,Normal
2023-02-08 14:00:00,M-101,81.66,11.46,1468,134.02,44.71,196.23,53.22,2.58,0.0238,2.96,55.55,649,13.37,6,Warning
2023-02-08 15:00:00,M-104,67.26,5.05,1502,121.11,49.02,197.98,46.5,0.9,0.0087,0.24,41.07,958,6.26,60,Normal
2023-02-08 16:00:00,M-103,64.73,4.22,1509,120.15,49.83,196.26,43.67,1.26,0.0128,0.0,38.01,967,4.98,123,Normal
2023-02-08 17:00:00,M-104,65.2,6.55,1502,120.33,50.22,202.07,43.73,0.95,0.0091,0.33,23.49,950,4.53,65,Normal
2023-02-08 18:00:00,M-104,64.77,5.43,1501,118.51,49.49,194.33,44.78,1.22,0.01,0.09,23.26,1006,3.58,113,Normal
2023-02-08 19:00:00,M-105,65.21,5.25,1493,122.94,49.93,199.0,45.74,1.0,0.0228,0.07,34.24,987,5.46,102,Normal
2023-02-08 20:00:00,M-105,63.32,4.32,1494,121.63,48.82,196.89,43.21,1.2,0.0164,0.0,36.65,993,5.72,126,Normal
2023-02-08 21:00:00,M-104,61.95,4.24,1509,121.32,47.5,201.89,43.97,0.88,0.0089,0.0,27.66,1031,3.63,144,Normal
2023-02-08 22:00:00,M-105,66.08,4.57,1513,119.93,50.22,199.79,42.05,1.32,0.0125,0.11,40.54,993,6.82,83,Normal
2023-02-08 23:00:00,M-105,63.77,5.23,1485,118.99,48.94,206.1,46.74,0.93,0.0061,0.05,34.7,968,5.43,110,Normal
2023-02-09 00:00:00,M-101,64.61,3.66,1491,121.93,50.03,198.09,44.88,1.1,0.0122,0.0,30.84,998,4.87,138,Normal
2023-02-09 01:00:00,M-101,68.41,5.31,1506,118.19,51.01,205.01,44.3,1.11,0.0012,0.4,19.37,966,3.43,61,Normal
2023-02-09 02:00:00,M-103,65.73,6.16,1501,117.31,49.04,194.09,44.46,0.96,0.0042,0.31,33.96,992,6.39,59,Normal
2023-02-09 03:00:00,M-103,62.72,5.92,1511,120.64,49.21,192.39,43.05,1.37,0.0085,0.18,14.57,955,1.98,98,Normal
2023-02-09 04:00:00,M-102,66.31,6.81,1513,118.06,48.06,211.8,47.27,1.04,0.0036,0.49,21.61,960,4.43,52,Normal
2023-02-09 05:00:00,M-104,62.97,4.76,1510,121.04,49.33,205.11,45.3,1.05,0.0074,0.0,24.18,999,3.24,151,Normal
2023-02-09 06:00:00,M-101,66.53,4.61,1495,117.92,51.0,202.74,45.83,0.65,0.0092,0.15,15.12,976,2.95,105,Normal
2023-02-09 07:00:00,M-103,73.51,14.37,1391,122.85,38.05,180.67,60.57,2.98,0.0356,2.73,67.83,688,16.09,5,Warning
2023-02-09 08:00:00,M-105,66.99,4.92,1506,121.16,50.51,205.56,46.1,0.97,0.0132,0.2,24.65,968,3.86,83,Normal
2023-02-09 09:00:00,M-105,72.39,17.71,1446,129.83,45.85,210.81,61.51,4.28,0.1071,3.28,86.04,587,19.8,1,Warning
2023-02-09 10:00:00,M-102,64.81,5.18,1486,120.08,50.16,200.64,44.78,1.23,0.0082,0.04,11.75,1000,1.61,154,Normal
2023-02-09 11:00:00,M-105,68.07,4.93,1511,120.85,50.44,198.78,45.5,0.97,0.006,0.31,39.48,961,7.18,54,Normal
2023-02-09 12:00:00,M-104,80.7,25.4,1284,149.96,21.35,170.08,67.7,4.87,0.1223,5.65,100.0,310,27.02,0,Failure
2023-02-09 13:00:00,M-103,64.89,5.93,1501,122.83,51.02,197.04,46.96,0.91,0.011,0.19,20.16,985,3.64,91,Normal
2023-02-09 14:00:00,M-105,77.83,14.33,1506,130.06,46.28,182.16,61.41,2.66,0.0438,3.15,63.36,615,15.42,5,Warning
2023-02-09 15:00:00,M-105,63.54,6.64,1488,122.95,49.67,196.73,45.38,1.01,0.009,0.33,41.54,964,6.91,50,Normal
2023-02-09 16:00:00,M-105,61.46,3.77,1491,119.06,49.7,197.77,45.22,1.01,0.0064,0.0,19.74,956,2.8,160,Normal
2023-02-09 17:00:00,M-101,64.43,3.71,1496,118.18,49.67,191.4,44.67,0.86,0.0087,0.0,19.86,1006,2.96,160,Normal
2023-02-09 18:00:00,M-101,89.53,24.03,1296,138.62,36.9,180.36,70.71,10.21,0.173,6.26,100.0,267,26.68,0,Failure
2023-02-09 19:00:00,M-105,66.42,5.27,1497,120.78,50.42,193.46,46.42,1.01,0.0216,0.2,13.89,992,2.5,96,Normal
2023-02-09 20:00:00,M-101,64.84,4.48,1495,120.06,50.11,197.72,44.73,1.27,0.0169,0.0,28.32,1005,4.52,143,Normal
2023-02-09 21:00:00,M-103,78.34,28.95,1338,147.74,35.44,199.91,72.22,6.52,0.1094,6.12,100.0,280,27.74,0,Failure
2023-02-09 22:00:00,M-105,63.28,5.1,1497,121.3,49.55,208.59,43.71,1.25,0.0062,0.02,14.66,961,2.0,158,Normal
2023-02-09 23:00:00,M-101,67.05,5.88,1497,126.21,49.76,199.48,43.72,0.98,0.0115,0.38,19.15,930,3.39,64,Normal
2023-02-10 00:00:00,M-102,66.7,5.76,1506,119.44,48.62,202.06,45.53,0.52,0.0058,0.32,17.24,947,3.09,72,Normal
2023-02-10 01:00:00,M-105,65.07,4.27,1498,119.02,49.9,197.73,45.52,1.16,0.0081,0.01,12.26,982,2.21,170,Normal
2023-02-10 02:00:00,M-104,63.46,6.52,1496,123.06,49.36,189.87,45.4,1.05,0.0102,0.3,15.55,950,3.45,76,Normal
2023-02-10 03:00:00,M-102,64.83,5.59,1498,121.2,50.18,198.01,45.26,0.89,0.0031,0.12,25.92,985,3.48,100,Normal
2023-02-10 04:00:00,M-101,64.84,5.56,1497,120.7,47.82,199.72,43.32,0.76,0.0091,0.11,27.4,1011,5.11,100,Normal
2023-02-10 05:00:00,M-104,64.86,5.34,1489,121.05,49.63,194.03,43.79,0.75,0.0119,0.07,21.63,979,2.56,123,Normal
2023-02-10 06:00:00,M-102,69.88,5.61,1519,121.66,49.26,198.09,45.59,1.09,0.0071,0.61,34.11,896,7.37,38,Normal
2023-02-10 07:00:00,M-102,65.87,4.95,1492,119.62,51.27,201.31,45.38,0.75,0.0083,0.09,36.87,990,6.05,93,Normal
2023-02-10 08:00:00,M-105,69.89,8.32,1450,131.68,43.88,186.16,53.22,2.98,0.0023,1.15,50.67,839,10.08,17,Warning
2023-02-10 09:00:00,M-101,62.54,5.24,1495,118.45,52.83,198.23,44.79,1.18,0.0062,0.05,29.64,1002,4.8,118,Normal
2023-02-10 10:00:00,M-105,68.73,5.12,1510,119.3,51.19,205.31,46.01,1.02,0.0067,0.4,39.29,924,7.19,46,Normal
2023-02-10 11:00:00,M-103,84.91,15.83,1227,144.27,39.95,138.82,71.0,8.78,0.0861,4.16,100.0,488,22.57,0,Failure
2023-02-10 12:00:00,M-104,62.56,5.4,1493,116.86,50.97,206.98,46.56,1.04,0.0131,0.08,34.8,1017,5.77,99,Normal
2023-02-10 13:00:00,M-103,83.29,27.8,1320,133.18,36.21,137.46,73.57,6.53,0.2453,6.39,100.0,243,28.24,0,Failure
2023-02-10 14:00:00,M-104,76.72,13.53,1462,119.93,45.35,181.07,55.51,1.86,0.0263,2.88,68.11,686,15.7,5,Warning
2023-02-10 15:00:00,M-103,65.95,4.49,1514,120.14,51.08,201.02,44.72,0.91,0.0049,0.09,17.15,1010,2.55,120,Normal
2023-02-10 16:00:00,M-103,66.11,6.08,1493,118.11,49.69,195.16,45.56,0.77,0.0217,0.33,42.34,986,8.55,49,Normal
2023-02-10 17:00:00,M-102,87.12,13.32,1289,143.99,31.93,171.09,66.78,7.67,0.0546,3.88,100.0,557,17.62,0,Failure
2023-02-10 18:00:00,M-103,62.44,4.25,1506,125.2,50.48,195.41,44.63,1.01,0.0083,0.0,36.73,1018,6.15,126,Normal
2023-02-10 19:00:00,M-102,76.57,9.11,1444,122.64,38.14,182.41,55.37,3.13,0.0218,1.98,62.84,714,14.12,8,Warning
2023-02-10 20:00:00,M-103,69.85,5.37,1509,120.36,49.95,198.74,44.79,1.12,0.0118,0.56,24.36,932,4.73,46,Normal
2023-02-10 21:00:00,M-102,67.19,6.26,1500,118.22,50.9,199.92,44.63,0.71,0.0205,0.47,33.21,958,6.35,46,Normal
2023-02-10 22:00:00,M-104,60.75,4.31,1514,122.19,50.52,197.76,44.12,0.88,0.0177,0.0,38.96,987,4.96,122,Normal
2023-02-10 23:00:00,M-103,65.97,5.51,1509,120.66,46.24,202.52,43.54,0.63,0.0001,0.2,13.02,934,2.49,96,Normal
2023-02-11 00:00:00,M-103,62.79,4.04,1490,119.43,51.95,200.39,46.18,1.1,0.0156,0.0,34.31,944,6.01,131,Normal
2023-02-11 01:00:00,M-105,63.76,3.04,1484,118.66,50.53,194.23,44.32,0.75,0.0067,0.0,33.6,1026,5.22,132,Normal
2023-02-11 02:00:00,M-104,68.36,16.65,1465,133.75,42.72,194.98,58.38,2.9,0.09,2.67,67.62,681,15.23,5,Warning
2023-02-11 03:00:00,M-104,78.12,8.98,1456,135.53,47.72,190.82,54.2,2.01,0.0455,2.11,54.09,720,12.16,9,Warning
2023-02-11 04:00:00,M-102,67.87,4.3,1505,122.71,49.5,202.66,43.97,1.49,0.0147,0.29,27.42,961,4.8,67,Normal
2023-02-11 05:00:00,M-103,87.67,17.52,1296,145.52,31.22,153.96,68.87,8.32,0.1048,4.77,100.0,423,24.73,0,Failure
2023-02-11 06:00:00,M-101,65.6,3.34,1506,122.95,49.07,198.69,44.4,1.25,0.0105,0.06,33.06,1027,5.58,107,Normal
2023-02-11 07:00:00,M-104,71.14,5.18,1499,117.87,49.88,194.82,44.81,1.58,0.0106,0.65,48.05,910,8.4,28,Normal
2023-02-11 08:00:00,M-104,66.16,5.47,1513,118.67,48.57,199.65,44.65,0.83,0.0096,0.21,26.7,962,4.74,79,Normal
2023-02-11 09:00:00,M-105,61.51,5.41,1494,121.88,48.28,202.99,45.33,1.07,0.0156,0.08,34.28,991,4.08,99,Normal
2023-02-11 10:00:00,M-105,67.65,4.45,1481,118.48,51.73,192.54,45.0,1.01,0.0074,0.26,15.24,959,3.65,82,Normal
2023-02-11 11:00:00,M-102,69.41,5.65,1490,118.25,50.88,206.66,44.36,1.28,0.0089,0.57,44.21,945,8.35,33,Normal
2023-02-11 12:00:00,M-105,65.24,5.66,1494,117.17,50.72,206.19,43.88,1.16,0.0184,0.16,29.23,981,4.34,87,Normal
2023-02-11 13:00:00,M-101,63.34,5.17,1528,122.2,49.91,200.2,46.2,0.82,0.0131,0.03,35.48,973,5.85,113,Normal
2023-02-11 14:00:00,M-105,65.14,4.89,1510,117.38,47.72,198.93,45.47,1.03,0.0162,0.01,21.73,1007,3.84,148,Normal
2023-02-11 15:00:00,M-102,64.83,5.98,1475,122.72,50.89,194.56,45.25,0.59,0.0062,0.2,36.22,998,5.82,71,Normal
2023-02-11 16:00:00,M-104,68.35,4.81,1504,118.28,49.64,192.37,44.81,0.94,0.0115,0.34,15.9,947,2.55,71,Normal
2023-02-11 17:00:00,M-104,65.66,5.55,1486,118.81,50.03,197.01,44.78,1.32,0.0049,0.18,16.23,932,2.49,98,Normal
2023-02-11 18:00:00,M-102,64.23,4.75,1496,120.56,48.29,205.19,45.63,0.75,-0.0013,0.0,27.79,980,3.2,144,Normal
2023-02-11 19:00:00,M-105,84.57,31.56,1333,144.74,32.72,186.16,70.89,10.46,0.0656,7.27,100.0,136,29.26,0,Failure
2023-02-11 20:00:00,M-102,66.15,4.5,1507,120.62,50.13,196.94,44.5,1.01,0.0222,0.11,17.46,992,3.27,113,Normal
2023-02-11 21:00:00,M-104,62.3,6.14,1498,117.49,49.15,195.28,44.07,1.11,0.0143,0.23,43.42,1006,6.62,59,Normal
2023-02-11 22:00:00,M-102,66.97,5.79,1507,120.92,52.02,200.22,45.58,0.71,0.0059,0.36,28.57,933,3.73,59,Normal
2023-02-11 23:00:00,M-103,67.93,3.09,1499,120.71,48.69,197.23,45.48,1.06,0.0077,0.29,35.82,969,5.91,59,Normal
2023-02-12 00:00:00,M-101,70.19,9.03,1425,130.23,45.23,202.35,56.16,0.29,0.0553,1.32,59.25,812,11.44,12,Warning
2023-02-12 01:00:00,M-101,64.25,4.2,1491,122.32,49.56,210.66,45.67,0.47,0.0144,0.0,22.04,998,2.61,155,Normal
2023-02-12 02:00:00,M-102,66.29,5.72,1500,121.78,52.55,208.56,44.48,0.71,0.008,0.27,38.99,948,6.75,58,Normal
2023-02-12 03:00:00,M-101,75.83,9.15,1447,119.05,42.77,177.38,60.99,1.43,0.1017,1.91,46.51,780,10.54,12,Warning
2023-02-12 04:00:00,M-102,63.71,5.85,1500,118.96,50.62,196.36,45.64,1.04,0.007,0.17,36.55,990,6.51,75,Normal
2023-02-12 05:00:00,M-102,79.65,12.81,1486,140.92,43.37,182.8,53.28,1.65,0.0618,3.03,77.97,604,18.38,3,Warning
2023-02-12 06:00:00,M-101,83.69,10.32,1386,136.44,36.63,168.48,69.51,8.62,0.2336,2.93,100.0,653,17.26,0,Failure
2023-02-12 07:00:00,M-104,66.18,5.52,1508,117.82,51.2,201.05,45.15,1.11,0.0036,0.22,24.77,942,4.1,79,Normal
2023-02-12 08:00:00,M-102,72.58,12.66,1470,130.81,46.04,187.3,56.49,4.48,0.0641,2.29,45.87,741,11.34,10,Warning
2023-02-12 09:00:00,M-103,76.39,18.11,1472,126.51,44.94,191.05,57.0,3.24,0.0879,3.76,68.71,544,16.96,3,Warning
2023-02-12 10:00:00,M-101,63.39,6.56,1507,121.04,51.24,189.9,45.59,0.74,0.01,0.31,34.0,956,5.62,58,Normal
2023-02-12 11:00:00,M-105,66.44,5.52,1514,119.67,50.7,203.59,44.66,0.98,0.0099,0.25,32.46,945,5.17,67,Normal
2023-02-12 12:00:00,M-103,64.72,7.02,1501,119.35,50.49,203.82,44.54,1.1,0.0084,0.4,16.46,965,2.68,63,Normal
2023-02-12 13:00:00,M-105,66.38,4.78,1483,118.91,50.85,190.42,43.97,1.03,0.017,0.14,16.66,1003,3.53,107,Normal
2023-02-12 14:00:00,M-102,73.47,13.3,1448,130.37,42.27,197.92,51.53,1.89,0.0573,2.51,74.1,731,16.68,4,Warning
2023-02-12 15:00:00,M-104,62.79,4.37,1504,119.14,47.51,193.14,43.89,0.79,0.0134,0.0,26.96,1006,4.12,146,Normal
2023-02-12 16:00:00,M-101,63.68,5.17,1495,121.41,50.24,200.28,46.56,1.13,0.0065,0.03,34.44,994,5.26,115,Normal
2023-02-12 17:00:00,M-104,62.54,4.0,1522,119.16,47.92,197.0,43.17,1.18,0.0002,0.0,24.31,971,3.65,151,Normal
2023-02-12 18:00:00,M-102,66.03,6.92,1504,119.15,48.57,195.46,45.45,1.21,0.0113,0.49,39.53,957,7.18,41,Normal
2023-02-12 19:00:00,M-103,67.66,5.02,1492,120.4,49.64,203.02,45.06,1.08,0.004,0.27,35.71,977,5.25,61,Normal
2023-02-12 20:00:00,M-105,66.67,5.59,1512,117.83,48.61,199.97,42.84,1.25,0.0161,0.28,26.49,957,4.03,68,Normal
2023-02-12 21:00:00,M-102,67.84,5.18,1504,120.91,50.59,197.94,42.67,0.88,0.0056,0.32,36.54,967,6.23,55,Normal
2023-02-12 22:00:00,M-104,71.56,11.78,1445,127.24,51.91,183.9,58.01,2.61,0.0283,2.01,64.11,760,13.76,7,Warning
2023-02-12 23:00:00,M-105,68.68,4.12,1500,121.34,50.25,198.76,44.57,0.94,0.0127,0.37,33.41,965,6.79,53,Normal
2023-02-13 00:00:00,M-104,61.63,4.29,1508,122.35,48.73,203.57,43.05,0.98,0.0156,0.0,37.56,988,5.66,124,Normal
2023-02-13 01:00:00,M-102,89.48,25.26,1269,139.44,30.72,171.33,62.1,5.22,0.1271,6.5,100.0,241,27.93,0,Failure
2023-02-13 02:00:00,M-104,64.57,5.27,1502,117.59,52.06,197.65,45.66,1.15,0.0093,0.05,17.0,1005,2.17,136,Normal
2023-02-13 03:00:00,M-102,65.26,4.07,1493,118.2,49.76,200.36,44.79,1.31,0.0141,0.03,19.12,981,3.08,146,Normal
2023-02-13 04:00:00,M-104,63.44,5.64,1502,119.85,51.3,202.02,44.16,0.86,0.0134,0.13,32.36,1005,6.15,89,Normal
2023-02-13 05:00:00,M-103,93.56,17.49,1346,152.04,33.26,176.82,60.61,3.19,0.0643,5.35,100.0,365,25.92,0,Failure
2023-02-13 06:00:00,M-103,61.04,4.59,1509,120.55,48.8,187.85,44.63,0.99,0.0056,0.0,35.03,1002,5.13,129,Normal
2023-02-13 07:00:00,M-105,68.24,5.91,1498,118.02,49.16,197.59,45.51,1.15,0.0064,0.51,25.15,955,4.33,49,Normal
2023-02-13 08:00:00,M-103,65.42,4.95,1493,117.29,49.35,198.35,42.63,0.96,0.0146,0.04,26.95,1006,4.17,125,Normal
2023-02-13 09:00:00,M-101,64.27,5.15,1494,118.0,50.61,197.08,45.94,1.16,0.0108,0.03,10.73,1015,1.4,159,Normal
2023-02-13 10:00:00,M-104,66.48,5.67,1502,119.61,50.54,195.24,44.16,1.01,0.0109,0.28,39.8,929,6.97,56,Normal
2023-02-13 11:00:00,M-104,67.95,3.09,1499,119.54,49.04,190.41,43.41,1.02,0.0073,0.29,42.72,948,7.04,52,Normal
2023-02-13 12:00:00,M-103,67.67,4.22,1493,119.68,51.78,199.17,43.67,0.9,0.0138,0.27,41.69,981,6.85,56,Normal
2023-02-13 13:00:00,M-103,60.28,3.67,1492,118.45,51.21,190.43,43.57,1.09,0.0112,0.0,33.38,993,6.03,133,Normal
2023-02-13 14:00:00,M-102,63.92,5.17,1512,119.66,49.05,192.3,43.78,1.17,0.0084,0.03,27.07,983,4.36,128,Normal
2023-02-13 15:00:00,M-102,62.75,5.94,1521,118.61,48.65,199.1,44.73,1.13,0.0112,0.19,42.73,971,6.83,65,Normal
2023-02-13 16:00:00,M-104,65.59,4.35,1493,117.12,49.15,209.81,44.21,0.76,0.0116,0.06,34.84,990,4.64,105,Normal
2023-02-13 17:00:00,M-105,64.61,4.59,1503,118.87,48.78,199.92,43.94,1.1,0.0017,0.0,13.36,956,1.2,173,Normal
2023-02-13 18:00:00,M-105,76.03,11.13,1441,132.11,49.58,196.14,59.44,1.95,0.0563,2.33,46.9,723,11.85,10,Warning
2023-02-13 19:00:00,M-105,76.55,9.58,1454,125.3,41.84,177.06,56.22,3.16,0.0439,2.07,44.91,742,9.97,11,Warning
2023-02-13 20:00:00,M-102,65.59,6.35,1499,121.87,50.7,200.62,43.91,0.71,0.0105,0.33,36.6,949,5.88,54,Normal
2023-02-13 21:00:00,M-105,76.69,8.16,1443,125.23,46.36,188.49,55.85,3.77,0.0408,1.8,51.86,775,11.36,11,Warning
2023-02-13 22:00:00,M-101,61.95,5.55,1492,120.24,49.65,204.19,44.84,0.99,0.0124,0.11,25.44,1028,3.04,103,Normal
2023-02-13 23:00:00,M-105,65.06,5.56,1492,121.28,48.99,200.86,42.82,1.23,0.01,0.12,23.71,953,4.11,103,Normal
2023-02-14 00:00:00,M-101,77.81,12.97,1416,126.33,42.42,184.2,54.03,2.73,0.037,2.88,81.13,639,18.3,3,Warning
2023-02-14 01:00:00,M-101,66.34,3.47,1494,122.5,50.29,201.67,45.24,0.95,0.0098,0.13,23.06,975,4.16,100,Normal
2023-02-14 02:00:00,M-105,74.65,11.3,1437,129.58,41.69,186.52,56.6,2.65,0.0166,2.23,61.06,723,13.39,7,Warning
2023-02-14 03:00:00,M-102,63.72,3.44,1502,119.81,52.02,198.33,44.22,0.83,0.0077,0.0,24.53,1011,4.03,150,Normal
2023-02-14 04:00:00,M-102,63.6,5.06,1514,120.54,48.39,202.53,43.84,1.28,0.0059,0.01,21.62,1057,3.57,149,Normal
2023-02-14 05:00:00,M-105,65.7,6.91,1501,119.79,51.16,198.13,45.39,1.09,0.0051,0.45,26.7,953,6.0,52,Normal
2023-02-14 06:00:00,M-102,65.44,6.67,1484,123.11,50.08,202.44,46.68,1.11,0.012,0.38,15.79,959,3.05,67,Normal
2023-02-14 07:00:00,M-104,61.96,5.04,1492,119.05,49.88,194.7,43.39,1.06,0.0101,0.01,31.0,998,4.92,134,Normal
2023-02-14 08:00:00,M-105,64.71,4.03,1500,122.77,51.04,204.27,45.55,0.93,0.0027,0.0,35.96,995,6.15,128,Normal
2023-02-14 09:00:00,M-101,64.0,2.83,1508,120.7,51.28,195.59,44.75,0.93,0.0147,0.0,14.55,1013,2.29,170,Normal
2023-02-14 10:00:00,M-105,68.02,5.38,1501,123.23,51.34,203.26,45.47,1.12,0.008,0.38,26.55,953,4.67,58,Normal
2023-02-14 11:00:00,M-105,64.87,4.51,1502,119.81,49.82,202.45,45.08,0.89,0.0062,0.0,17.44,1001,2.24,165,Normal
2023-02-14 12:00:00,M-104,66.3,5.49,1510,120.4,50.48,200.78,45.69,0.68,0.0055,0.23,39.81,1004,6.43,62,Normal
2023-02-14 13:00:00,M-103,65.81,4.39,1476,120.79,50.96,200.28,44.4,0.93,-0.0001,0.08,18.11,983,2.32,123,Normal
2023-02-14 14:00:00,M-104,64.63,5.51,1489,118.46,50.51,204.69,44.38,0.73,0.0264,0.1,38.18,1003,6.31,88,Normal
2023-02-14 15:00:00,M-101,64.55,6.6,1496,114.73,49.11,202.51,45.16,0.98,0.0051,0.32,43.75,961,7.2,49,Normal
2023-02-14 16:00:00,M-105,63.08,4.95,1506,121.99,50.81,198.47,45.05,1.08,0.0012,0.0,27.54,1011,3.23,144,Normal
2023-02-14 17:00:00,M-104,63.9,4.95,1499,120.39,48.61,208.04,46.51,0.74,0.0007,0.0,39.63,998,6.58,120,Normal
2023-02-14 18:00:00,M-101,68.95,4.2,1501,119.14,48.57,210.96,43.82,1.04,0.0013,0.39,20.14,944,3.24,61,Normal
2023-02-14 19:00:00,M-101,79.49,12.8,1469,134.06,50.97,204.54,55.97,3.16,0.0394,3.01,78.23,653,18.11,3,Warning
2023-02-14 20:00:00,M-101,84.23,23.59,1245,155.15,21.09,168.69,75.7,4.27,0.17,5.64,100.0,309,26.47,0,Failure
2023-02-14 21:00:00,M-104,65.63,3.6,1488,118.77,50.02,198.32,45.31,1.2,0.005,0.06,38.9,973,6.03,97,Normal
2023-02-14 22:00:00,M-104,68.37,4.66,1525,120.05,49.04,196.83,42.74,1.32,0.018,0.34,35.76,939,5.97,54,Normal
2023-02-14 23:00:00,M-102,64.28,4.14,1498,119.05,51.71,193.82,45.39,1.35,0.0139,0.0,32.04,977,4.03,135,Normal
2023-02-15 00:00:00,M-104,65.39,5.64,1494,120.96,50.16,192.66,45.46,0.78,0.0147,0.17,36.75,966,5.19,75,Normal
2023-02-15 01:00:00,M-104,64.7,4.61,1501,121.06,49.49,197.62,45.68,0.77,0.0063,0.0,29.68,1000,4.9,140,Normal
2023-02-15 02:00:00,M-104,68.63,3.83,1484,117.76,51.19,208.78,44.22,0.91,0.0042,0.36,34.3,920,5.51,53,Normal
2023-02-15 03:00:00,M-105,63.78,2.2,1500,118.18,50.81,204.71,45.23,1.05,0.0108,0.0,10.19,985,1.22,179,Normal
2023-02-15 04:00:00,M-103,65.65,5.15,1504,117.74,50.2,200.57,45.23,1.01,0.0036,0.1,27.74,962,4.81,104,Normal
2023-02-15 05:00:00,M-105,66.67,4.22,1512,115.57,50.35,200.2,44.69,1.0,0.0129,0.17,37.81,943,6.51,74,Normal
2023-02-15 06:00:00,M-102,62.34,4.23,1496,121.99,49.96,199.07,43.75,1.16,0.0067,0.0,27.64,997,3.9,144,Normal
2023-02-15 07:00:00,M-102,80.94,9.53,1445,127.71,43.81,212.17,49.8,3.64,0.0985,2.5,53.66,721,13.07,8,Warning
2023-02-15 08:00:00,M-101,85.49,20.7,1258,136.32,29.32,176.08,67.4,1.84,0.1722,5.19,100.0,376,23.81,0,Failure
2023-02-15 09:00:00,M-104,66.16,4.68,1513,122.06,49.87,198.74,45.38,1.0,0.0029,0.12,31.3,980,5.26,93,Normal
2023-02-15 10:00:00,M-105,66.93,5.72,1479,122.65,50.09,201.96,44.14,1.26,0.0041,0.34,22.41,976,4.13,66,Normal
2023-02-15 11:00:00,M-104,82.3,8.58,1477,123.99,51.35,177.23,57.22,3.88,0.0624,2.45,66.53,688,14.34,6,Warning
2023-02-15 12:00:00,M-102,67.18,6.04,1490,123.2,48.54,196.88,45.48,0.83,0.0113,0.43,43.61,953,7.95,41,Normal
2023-02-15 13:00:00,M-102,64.41,4.18,1508,119.44,50.11,198.34,45.34,0.8,0.0136,0.0,15.08,999,1.88,169,Normal
2023-02-15 14:00:00,M-101,63.19,5.79,1508,116.19,49.17,192.7,44.54,1.09,0.0088,0.16,25.1,969,3.0,91,Normal
2023-02-15 15:00:00,M-104,66.45,3.03,1488,120.57,50.09,201.62,45.01,0.93,0.0043,0.15,25.16,969,3.92,94,Normal
2023-02-15 16:00:00,M-101,63.37,4.65,1506,119.31,51.08,195.01,43.75,1.39,0.0067,0.0,27.76,973,3.58,144,Normal
2023-02-15 17:00:00,M-101,63.77,7.04,1490,122.17,49.97,194.27,47.8,1.04,0.0119,0.41,32.49,961,5.92,51,Normal
2023-02-15 18:00:00,M-101,69.14,5.85,1518,118.74,50.7,206.69,44.1,0.9,0.0187,0.58,37.78,910,7.57,37,Normal
2023-02-15 19:00:00,M-101,61.95,6.57,1496,124.1,50.62,201.26,45.01,1.0,0.0066,0.31,43.63,940,6.99,49,Normal
2023-02-15 20:00:00,M-101,64.69,5.42,1505,124.34,50.46,205.75,45.07,1.34,0.022,0.08,41.15,1000,5.82,88,Normal
2023-02-15 21:00:00,M-102,62.61,4.54,1502,123.84,50.05,210.0,45.52,0.91,0.0157,0.0,18.13,995,2.84,163,Normal
2023-02-15 22:00:00,M-101,64.75,4.58,1512,119.05,49.2,209.71,44.55,1.03,0.0123,0.0,29.24,977,4.14,141,Normal
2023-02-15 23:00:00,M-103,67.78,5.94,1511,124.33,51.1,189.32,45.32,0.69,0.0108,0.47,27.07,945,4.7,50,Normal
2023-02-16 00:00:00,M-105,63.91,4.01,1512,120.66,50.87,199.17,47.68,0.88,0.0187,0.0,27.0,998,3.7,146,Normal
2023-02-16 01:00:00,M-105,64.11,4.75,1524,119.57,49.18,206.5,45.06,0.96,0.0069,0.0,18.7,1009,3.34,162,Normal
2023-02-16 02:00:00,M-103,64.95,6.22,1504,120.0,49.85,202.41,44.59,0.83,0.013,0.24,39.79,967,7.86,61,Normal
2023-02-16 03:00:00,M-102,87.46,15.81,1332,148.13,29.75,174.33,72.65,9.05,0.0612,4.41,100.0,483,22.84,0,Failure
2023-02-16 04:00:00,M-105,61.91,6.15,1499,119.27,50.19,203.16,44.1,0.84,0.0132,0.23,29.8,938,5.84,73,Normal
2023-02-16 05:00:00,M-103,64.86,6.06,1493,121.02,49.42,206.28,46.12,1.42,0.0089,0.21,15.45,1006,2.99,91,Normal
2023-02-16 06:00:00,M-105,73.27,19.32,1424,135.9,47.57,189.89,52.4,2.23,0.0396,3.69,74.8,521,19.31,3,Warning
2023-02-16 07:00:00,M-102,62.04,5.79,1508,124.91,51.04,204.77,45.37,1.0,0.0143,0.16,28.5,1006,4.68,87,Normal
2023-02-16 08:00:00,M-104,66.83,5.04,1501,116.99,49.44,202.59,45.44,1.24,0.0094,0.19,33.32,949,4.86,75,Normal
2023-02-16 09:00:00,M-101,94.58,22.23,1347,139.17,35.05,191.01,70.65,7.29,0.0756,6.4,100.0,247,27.41,0,Failure
2023-02-16 10:00:00,M-104,67.62,5.86,1478,121.84,50.71,201.28,43.27,0.84,0.0042,0.43,18.73,907,1.65,59,Normal
2023-02-16 11:00:00,M-103,62.77,3.22,1511,121.86,50.28,200.5,45.54,0.8,0.0163,0.0,31.0,1001,5.11,138,Normal
2023-02-16 12:00:00,M-104,65.96,5.54,1506,119.83,49.68,200.83,46.16,1.23,0.0088,0.2,30.6,990,5.02,76,Normal
2023-02-16 13:00:00,M-104,63.55,4.48,1505,117.13,50.13,200.15,43.95,1.03,0.0062,0.0,10.87,1043,2.23,178,Normal
2023-02-16 14:00:00,M-105,67.37,5.26,1493,120.8,51.71,204.58,45.55,1.15,0.0172,0.29,38.51,986,5.72,57,Normal
2023-02-16 15:00:00,M-102,67.37,5.82,1497,120.06,50.07,197.81,43.25,0.78,0.0055,0.4,35.02,912,5.5,49,Normal
2023-02-16 16:00:00,M-102,72.65,14.72,1469,124.46,47.05,192.32,62.0,3.4,0.0472,2.71,57.46,657,14.05,7,Warning
2023-02-16 17:00:00,M-101,61.63,5.59,1507,122.02,52.33,202.08,44.94,0.68,0.012,0.12,27.46,996,3.68,98,Normal
2023-02-16 18:00:00,M-104,67.01,6.27,1498,118.8,49.22,197.56,42.95,0.86,0.0072,0.45,43.73,942,7.7,39,Normal
2023-02-16 19:00:00,M-102,65.34,2.06,1492,120.59,49.89,202.56,46.02,1.1,0.0064,0.03,38.25,985,6.62,108,Normal
2023-02-16 20:00:00,M-103,63.96,4.25,1484,121.98,49.83,193.77,44.17,0.83,0.0102,0.0,31.88,1021,4.73,136,Normal
2023-02-16 21:00:00,M-101,73.59,7.92,1447,131.79,44.65,191.85,52.99,1.76,0.0479,1.44,59.0,831,11.65,12,Warning
2023-02-16 22:00:00,M-103,67.76,5.56,1508,122.45,50.53,204.64,43.42,1.04,0.0091,0.39,24.66,987,4.79,59,Normal
2023-02-16 23:00:00,M-102,66.92,3.75,1507,122.27,50.61,202.08,44.87,0.91,0.0139,0.19,41.89,988,6.5,65,Normal
2023-02-17 00:00:00,M-104,64.9,4.23,1491,120.21,48.49,194.96,47.05,1.09,0.0063,0.0,34.39,1008,5.52,131,Normal
2023-02-17 01:00:00,M-105,65.66,5.95,1498,119.64,51.08,203.17,44.83,1.07,0.0109,0.26,17.32,978,3.74,81,Normal
2023-02-17 02:00:00,M-101,63.75,4.72,1510,121.82,49.0,194.71,44.59,0.99,0.0067,0.0,35.61,1020,5.63,128,Normal
2023-02-17 03:00:00,M-105,67.17,5.19,1479,116.07,49.33,199.72,46.2,1.06,0.0231,0.25,35.38,939,5.88,64,Normal
2023-02-17 04:00:00,M-105,65.29,4.19,1508,120.28,48.88,200.41,44.15,1.03,0.0057,0.03,24.51,997,3.81,135,Normal
2023-02-17 05:00:00,M-102,76.22,14.11,1459,138.17,51.58,186.76,57.91,5.11,0.0699,2.94,61.27,660,14.17,6,Warning
2023-02-17 06:00:00,M-103,64.3,4.0,1503,120.4,52.11,196.88,46.44,1.07,0.0067,0.0,25.88,1015,3.95,148,Normal
2023-02-17 07:00:00,M-101,65.11,5.77,1495,120.08,50.07,196.44,43.85,1.08,0.015,0.16,35.06,967,5.48,78,Normal
2023-02-17 08:00:00,M-102,87.15,23.18,1338,149.3,38.59,190.26,74.42,6.68,0.0939,5.85,100.0,331,26.89,0,Failure
2023-02-17 09:00:00,M-101,61.39,4.1,1492,117.44,50.11,199.63,46.42,0.78,0.0112,0.0,34.25,982,4.28,131,Normal
2023-02-17 10:00:00,M-104,72.1,14.12,1408,133.13,50.34,194.53,56.91,3.87,0.0842,2.53,73.49,720,16.69,4,Warning
2023-02-17 11:00:00,M-105,66.75,4.37,1486,120.04,48.82,200.42,44.99,1.26,0.0125,0.17,31.08,998,4.77,81,Normal
2023-02-17 12:00:00,M-104,70.67,15.12,1513,133.82,47.37,191.36,53.43,3.76,0.0199,2.59,48.97,680,12.24,8,Warning
2023-02-17 13:00:00,M-105,68.32,6.08,1492,118.84,52.14,194.9,44.28,0.91,0.0032,0.55,39.73,923,6.79,37,Normal
2023-02-17 14:00:00,M-103,63.79,2.91,1497,117.82,50.08,195.24,45.1,0.97,0.0184,0.0,22.56,1009,2.98,154,Normal
2023-02-17 15:00:00,M-105,64.52,6.76,1529,123.37,49.78,202.57,45.68,1.07,0.005,0.35,26.75,962,4.47,60,Normal
2023-02-17 16:00:00,M-103,61.86,6.23,1500,119.02,50.17,203.67,46.37,1.06,0.0055,0.25,31.18,971,5.91,69,Normal
2023-02-17 17:00:00,M-105,77.89,14.3,1472,124.37,46.94,201.08,53.56,1.07,0.0573,3.15,75.42,622,16.84,3,Warning
2023-02-17 18:00:00,M-104,65.72,3.78,1481,118.36,51.44,201.67,45.6,1.15,0.007,0.07,33.63,1019,5.61,102,Normal
2023-02-17 19:00:00,M-104,64.53,4.44,1491,116.19,50.54,198.63,42.27,1.02,0.0158,0.0,22.26,973,2.98,155,Normal
2023-02-17 20:00:00,M-103,81.71,12.32,1441,128.0,40.46,179.56,58.85,2.53,0.0504,3.14,75.75,582,18.02,3,Warning
2023-02-17 21:00:00,M-103,63.12,2.91,1518,118.81,50.72,200.79,45.99,1.19,0.0114,0.0,32.6,1007,5.5,134,Normal
2023-02-17 22:00:00,M-101,68.12,2.81,1504,118.97,51.76,207.73,45.03,1.31,0.0189,0.31,29.63,964,5.49,62,Normal
2023-02-17 23:00:00,M-102,65.46,3.34,1485,120.01,49.5,201.13,46.37,1.17,0.0065,0.05,29.0,1012,3.99,119,Normal
2023-02-18 00:00:00,M-101,66.82,6.09,1493,121.61,51.97,196.56,46.8,0.89,0.0057,0.4,39.42,957,7.17,46,Normal
2023-02-18 01:00:00,M-105,67.56,4.52,1492,116.96,49.26,203.34,44.4,1.19,0.0198,0.26,19.58,969,3.44,79,Normal
2023-02-18 02:00:00,M-104,62.65,5.63,1493,117.9,50.8,197.07,44.68,0.56,0.0147,0.13,18.52,1001,1.93,108,Normal
2023-02-18 03:00:00,M-102,65.03,5.59,1513,123.03,49.87,203.85,44.2,0.91,0.0168,0.12,30.97,984,4.97,93,Normal
2023-02-18 04:00:00,M-104,67.04,5.82,1506,122.23,49.91,190.66,44.93,0.8,0.0063,0.37,20.41,930,3.83,64,Normal
2023-02-18 05:00:00,M-102,66.65,5.79,1476,121.36,50.21,197.2,44.12,0.99,0.0112,0.32,44.74,968,7.26,48,Normal
2023-02-18 06:00:00,M-103,64.16,5.09,1499,118.32,51.68,192.56,45.72,0.98,0.0195,0.02,37.16,1004,5.4,117,Normal
2023-02-18 07:00:00,M-104,82.28,11.9,1307,147.4,34.76,172.15,63.97,6.41,0.1175,3.11,100.0,640,16.49,0,Failure
2023-02-18 08:00:00,M-104,64.67,4.37,1495,118.92,49.36,200.87,47.31,0.85,0.0084,0.0,39.57,998,6.56,120,Normal
2023-02-18 09:00:00,M-103,63.8,4.71,1479,116.82,48.87,199.83,44.89,1.07,0.0134,0.0,36.77,1005,4.97,126,Normal
2023-02-18 10:00:00,M-105,63.4,5.46,1495,121.49,51.48,186.97,45.11,0.65,0.0222,0.09,25.75,979,4.23,108,Normal
2023-02-18 11:00:00,M-105,83.99,22.92,1264,145.49,45.05,156.52,72.67,5.56,0.1416,5.48,100.0,381,26.23,0,Failure
2023-02-18 12:00:00,M-101,65.58,6.68,1499,121.51,52.05,206.53,46.15,0.94,0.0111,0.39,37.56,926,7.53,48,Normal
2023-02-18 13:00:00,M-101,75.54,9.88,1379,131.5,38.29,192.6,59.38,2.98,0.0538,2.03,55.27,774,12.68,9,Warning
2023-02-18 14:00:00,M-101,65.29,6.14,1490,119.59,51.48,196.62,44.85,1.05,0.0051,0.26,34.57,960,5.76,64,Normal
2023-02-18 15:00:00,M-104,65.75,5.97,1521,120.47,49.57,208.29,46.05,1.03,0.0112,0.27,17.29,968,3.21,79,Normal
2023-02-18 16:00:00,M-102,67.92,4.79,1501,119.51,47.69,200.1,45.3,0.9,0.0042,0.29,33.95,947,4.67,60,Normal
2023-02-18 17:00:00,M-102,66.73,3.66,1508,118.72,50.69,202.22,44.46,0.82,0.0129,0.17,32.34,965,5.75,79,Normal
2023-02-18 18:00:00,M-105,65.04,3.93,1499,119.55,49.95,196.0,43.51,0.58,0.0093,0.0,32.75,990,5.63,132,Normal
2023-02-18 19:00:00,M-101,63.28,3.89,1481,121.21,50.09,202.74,45.13,1.0,0.0114,0.0,26.67,1043,3.76,146,Normal
2023-02-18 20:00:00,M-105,78.61,12.97,1449,138.41,51.44,185.31,49.0,0.9,0.0764,2.96,62.69,644,14.25,5,Warning
2023-02-18 21:00:00,M-104,65.62,4.1,1512,120.79,48.48,197.92,45.45,0.94,0.0107,0.06,24.38,992,4.21,121,Normal
2023-02-18 22:00:00,M-105,63.27,5.35,1532,121.39,52.74,202.84,44.37,1.07,0.0189,0.07,31.52,1028,4.98,107,Normal
2023-02-18 23:00:00,M-101,63.55,5.06,1481,121.48,50.98,201.15,44.04,1.09,0.0139,0.01,18.81,983,3.31,155,Normal
2023-02-19 00:00:00,M-103,64.49,5.74,1501,118.71,50.26,198.35,45.88,1.07,0.0084,0.15,23.64,986,3.63,96,Normal
2023-02-19 01:00:00,M-103,67.86,5.63,1504,116.37,50.31,193.35,43.74,0.77,0.0061,0.41,25.4,967,4.75,56,Normal
2023-02-19 02:00:00,M-104,76.67,10.84,1455,130.54,44.33,188.31,61.71,3.81,0.0996,2.34,50.44,709,13.3,9,Warning
2023-02-19 03:00:00,M-102,64.45,6.83,1493,116.05,49.42,196.21,43.33,0.92,0.015,0.37,26.59,944,4.53,59,Normal
2023-02-19 04:00:00,M-101,63.22,6.03,1481,123.23,49.66,196.14,45.74,1.3,0.0156,0.21,23.57,985,3.36,83,Normal
2023-02-19 05:00:00,M-102,65.68,4.48,1514,121.16,50.88,197.31,45.82,1.16,0.0126,0.07,28.04,986,4.42,113,Normal
2023-02-19 06:00:00,M-105,64.37,4.95,1492,118.08,50.29,195.78,44.19,0.81,0.0096,0.0,21.76,1018,3.49,156,Normal
2023-02-19 07:00:00,M-103,65.5,4.95,1495,116.84,50.96,192.8,44.8,0.79,0.015,0.05,15.63,1005,2.27,140,Normal
2023-02-19 08:00:00,M-104,64.78,4.79,1490,120.54,52.26,197.48,44.57,1.11,0.0072,0.0,30.3,1013,4.06,139,Normal
2023-02-19 09:00:00,M-104,64.65,4.07,1507,119.05,48.92,193.95,45.7,0.49,0.0049,0.0,31.46,1028,4.55,137,Normal
2023-02-19 10:00:00,M-102,84.61,23.15,1191,141.63,40.02,163.65,66.31,11.56,0.241,5.59,100.0,338,26.52,0,Failure
2023-02-19 11:00:00,M-102,65.15,4.48,1491,120.8,49.53,200.67,43.1,0.89,0.0095,0.01,27.58,1017,3.7,136,Normal
2023-02-19 12:00:00,M-101,63.42,4.13,1473,119.41,50.9,196.94,47.14,0.95,0.0107,0.0,19.54,972,3.68,160,Normal
2023-02-19 13:00:00,M-101,65.28,4.33,1512,120.7,50.15,194.91,45.36,0.86,0.0116,0.03,21.98,997,3.9,140,Normal
2023-02-19 14:00:00,M-104,64.7,4.43,1507,119.91,48.68,190.34,43.87,1.48,0.0136,0.0,13.19,1003,1.7,173,Normal
2023-02-19 15:00:00,M-104,62.54,4.39,1508,120.19,50.68,193.98,46.44,0.89,0.0124,0.0,35.61,997,5.07,128,Normal
2023-02-19 16:00:00,M-101,65.22,6.64,1489,120.41,50.44,202.6,44.55,1.42,0.0035,0.35,33.78,987,4.82,55,Normal
2023-02-19 17:00:00,M-101,67.7,4.2,1483,116.5,51.8,204.39,44.2,0.85,0.0103,0.27,36.7,984,5.9,60,Normal
2023-02-19 18:00:00,M-104,65.88,4.82,1480,118.16,51.42,200.94,44.68,1.22,0.0043,0.09,12.75,984,1.81,128,Normal
2023-02-19 19:00:00,M-103,65.37,5.28,1517,120.37,48.6,198.75,43.7,0.96,0.017,0.09,17.01,997,2.38,120,Normal
2023-02-19 20:00:00,M-101,74.41,17.13,1484,129.23,47.15,186.85,55.1,2.64,0.0653,3.37,83.32,624,19.7,2,Warning
2023-02-19 21:00:00,M-101,67.2,5.49,1510,118.6,47.57,203.25,45.37,0.82,0.0037,0.32,20.14,964,4.01,70,Normal
2023-02-19 22:00:00,M-105,66.1,5.73,1503,119.46,50.99,200.33,44.54,0.96,0.0013,0.26,35.29,965,5.84,64,Normal
2023-02-19 23:00:00,M-101,75.71,11.64,1479,132.86,46.36,190.55,60.57,4.46,0.0684,2.4,74.49,727,15.67,4,Warning
2023-02-20 00:00:00,M-103,82.46,11.03,1475,136.14,48.05,191.0,52.9,2.92,0.0592,2.95,79.77,663,18.11,3,Warning
2023-02-20 01:00:00,M-105,65.92,4.29,1504,121.5,50.32,190.79,43.41,0.84,0.0094,0.09,31.41,973,5.22,100,Normal
2023-02-20 02:00:00,M-102,77.95,12.83,1402,137.12,45.48,186.83,53.87,0.98,0.0619,2.86,77.67,662,16.29,3,Warning
2023-02-20 03:00:00,M-103,63.09,4.35,1486,117.94,50.2,203.3,42.94,0.89,0.0102,0.0,11.25,978,1.81,177,Normal
2023-02-20 04:00:00,M-102,67.95,3.55,1496,118.61,48.84,198.6,44.14,1.0,0.0101,0.3,21.86,952,3.79,71,Normal
2023-02-20 05:00:00,M-104,71.53,12.69,1462,131.2,45.61,177.16,58.88,3.56,0.031,2.19,64.57,736,14.16,7,Warning
2023-02-20 06:00:00,M-103,59.37,4.8,1501,114.77,51.33,196.43,45.33,0.95,0.0036,0.0,31.8,978,4.63,136,Normal
2023-02-20 07:00:00,M-102,64.75,6.43,1491,122.2,48.53,206.22,45.85,0.97,0.0146,0.29,27.24,955,4.19,67,Normal
2023-02-20 08:00:00,M-104,67.11,4.3,1511,121.76,50.56,203.06,44.38,1.37,0.0102,0.21,19.25,980,3.83,87,Normal
2023-02-20 09:00:00,M-105,62.8,4.77,1504,123.02,48.84,203.97,44.64,0.87,0.0054,0.0,37.42,986,5.86,125,Normal
2023-02-20 10:00:00,M-102,67.9,3.88,1492,118.46,51.62,209.97,45.75,1.16,0.0071,0.29,41.07,1004,7.1,54,Normal
2023-02-20 11:00:00,M-101,61.38,5.39,1517,118.61,50.92,208.86,45.69,1.21,0.0022,0.08,31.32,971,5.57,104,Normal
2023-02-20 12:00:00,M-103,65.52,5.25,1499,117.41,50.87,203.72,44.32,1.14,0.0119,0.1,33.76,962,4.93,94,Normal
2023-02-20 13:00:00,M-104,64.38,4.01,1510,119.5,49.76,204.2,43.32,0.99,0.0099,0.0,29.79,994,4.19,140,Normal
2023-02-20 14:00:00,M-101,65.27,4.1,1497,119.31,49.57,210.01,44.56,0.84,0.0062,0.03,22.66,1017,3.21,139,Normal
2023-02-20 15:00:00,M-105,83.84,22.39,1334,150.0,40.68,156.69,70.15,5.0,0.1707,5.36,100.0,392,25.12,0,Failure
2023-02-20 16:00:00,M-104,90.62,28.06,1279,137.44,34.74,156.91,70.82,9.26,0.1416,7.18,100.0,141,28.29,0,Failure
2023-02-20 17:00:00,M-103,63.37,6.25,1498,119.04,50.17,203.68,46.33,0.91,0.0079,0.25,33.38,965,6.02,66,Normal
2023-02-20 18:00:00,M-103,68.55,5.03,1481,119.64,50.96,198.17,43.53,0.97,0.0057,0.36,22.54,966,4.62,63,Normal
2023-02-20 19:00:00,M-104,66.41,4.21,1491,121.66,48.37,205.4,45.69,0.54,0.0101,0.14,40.91,943,5.82,75,Normal
2023-02-20 20:00:00,M-103,63.58,5.65,1508,115.58,49.35,211.59,45.58,1.14,0.0159,0.13,34.49,984,4.98,86,Normal
2023-02-20 21:00:00,M-104,63.17,5.26,1503,118.01,50.36,193.89,45.01,0.71,0.0166,0.05,15.85,987,2.14,139,Normal
2023-02-20 22:00:00,M-105,64.67,5.4,1509,119.07,51.34,204.69,45.5,1.03,0.0116,0.08,31.08,1014,4.57,104,Normal
2023-02-20 23:00:00,M-101,65.34,2.74,1506,120.3,51.6,196.28,45.52,0.8,0.0094,0.03,21.1,963,3.91,138,Normal
2023-02-21 00:00:00,M-103,65.65,6.36,1500,120.42,51.18,192.28,45.52,1.0,0.0128,0.34,36.33,949,6.16,54,Normal
2023-02-21 01:00:00,M-101,66.01,5.18,1492,117.9,50.7,207.59,43.37,0.71,0.0028,0.14,12.36,998,2.56,112,Normal
2023-02-21 02:00:00,M-102,67.64,3.39,1514,119.49,48.85,198.76,44.28,1.09,0.0068,0.26,19.73,930,2.89,78,Normal
2023-02-21 03:00:00,M-102,64.65,6.93,1506,118.89,49.36,197.99,47.07,0.78,0.01,0.39,19.86,962,4.36,62,Normal
2023-02-21 04:00:00,M-103,67.35,4.52,1490,120.33,48.66,196.7,46.22,1.01,0.0006,0.23,40.68,935,7.4,61,Normal
2023-02-21 05:00:00,M-101,68.82,5.66,1485,116.24,51.38,201.22,46.64,0.73,0.0092,0.51,31.33,958,5.36,44,Normal
2023-02-21 06:00:00,M-103,69.42,5.13,1509,120.09,48.96,207.38,44.38,1.31,0.0165,0.47,33.45,956,5.52,46,Normal
2023-02-21 07:00:00,M-103,65.17,6.16,1477,121.85,49.91,207.21,44.17,0.72,0.0073,0.25,23.67,958,3.94,76,Normal
2023-02-21 08:00:00,M-101,66.19,4.95,1506,119.42,49.33,197.08,47.04,1.05,0.0001,0.12,33.17,975,4.59,90,Normal
2023-02-21 09:00:00,M-104,65.08,4.68,1506,121.75,50.72,199.99,45.55,0.69,0.0155,0.01,23.25,990,4.49,148,Normal
2023-02-21 10:00:00,M-105,58.5,7.11,1502,118.15,50.45,200.95,45.62,1.24,0.0086,0.42,20.5,931,4.09,59,Normal
2023-02-21 11:00:00,M-101,66.02,5.73,1512,117.61,50.02,195.75,44.6,0.85,0.0125,0.25,27.5,991,5.17,72,Normal
2023-02-21 12:00:00,M-105,64.19,4.2,1511,117.9,49.31,202.88,45.94,1.24,0.0063,0.0,14.73,1011,1.88,170,Normal
2023-02-21 13:00:00,M-105,62.42,5.67,1508,118.15,48.77,195.32,45.11,0.72,0.0156,0.13,17.13,1005,3.05,108,Normal
2023-02-21 14:00:00,M-104,65.11,5.76,1484,123.3,50.53,206.8,45.87,1.0,0.0036,0.16,30.69,969,4.43,83,Normal
2023-02-21 15:00:00,M-104,69.07,5.58,1499,118.93,50.32,202.08,45.23,1.21,0.0057,0.52,34.37,917,6.72,42,Normal
2023-02-21 16:00:00,M-101,64.32,7.3,1503,120.74,50.36,202.08,42.62,0.95,0.0098,0.46,24.3,970,3.99,53,Normal
2023-02-21 17:00:00,M-105,75.09,8.77,1487,133.42,46.98,198.58,56.17,3.55,0.0787,1.76,52.31,785,11.68,11,Warning
2023-02-21 18:00:00,M-102,65.22,3.96,1511,119.71,50.03,192.47,46.02,1.13,0.0128,0.02,28.87,981,4.53,130,Normal
2023-02-21 19:00:00,M-102,63.89,4.9,1488,121.45,47.94,205.12,46.15,0.41,0.0164,0.0,19.93,1020,2.84,160,Normal
2023-02-21 20:00:00,M-102,66.75,4.13,1509,119.19,51.21,194.84,44.88,0.9,0.0153,0.18,41.64,968,7.24,68,Normal
2023-02-21 21:00:00,M-103,64.69,5.3,1518,119.74,49.82,206.03,45.01,1.06,0.015,0.06,37.57,992,6.15,100,Normal
2023-02-21 22:00:00,M-102,61.52,4.64,1498,121.49,47.93,200.21,45.51,0.87,0.0104,0.0,18.85,987,3.01,162,Normal
2023-02-21 23:00:00,M-104,64.03,4.32,1493,121.23,48.41,197.96,43.47,1.15,0.0083,0.0,20.14,1010,3.65,159,Normal
2023-02-22 00:00:00,M-103,66.65,5.48,1513,120.9,50.45,207.79,46.1,0.83,0.0132,0.26,38.06,955,6.18,60,Normal
2023-02-22 01:00:00,M-101,67.63,5.51,1503,118.13,50.4,209.89,43.61,1.15,0.0143,0.37,42.18,990,7.42,46,Normal
2023-02-22 02:00:00,M-102,67.57,5.05,1481,116.6,50.74,197.15,45.44,1.02,0.0092,0.27,28.77,966,4.74,69,Normal
2023-02-22 03:00:00,M-104,64.27,4.68,1495,119.13,48.28,201.5,45.67,1.3,0.0143,0.0,26.06,1016,4.06,147,Normal
2023-02-22 04:00:00,M-102,66.23,4.64,1508,120.18,49.89,197.62,45.17,1.2,0.0144,0.12,35.12,992,5.54,87,Normal
2023-02-22 05:00:00,M-102,65.03,2.83,1490,118.92,50.45,191.74,44.48,0.87,0.0106,0.0,15.64,1008,2.03,166,Normal
2023-02-22 06:00:00,M-104,66.44,4.35,1498,118.25,49.45,201.33,44.5,0.95,0.0027,0.14,37.27,1005,5.42,79,Normal
2023-02-22 07:00:00,M-105,67.63,5.08,1500,119.45,49.42,199.12,41.77,0.63,0.012,0.28,31.53,990,5.97,64,Normal
2023-02-22 08:00:00,M-103,64.88,3.99,1498,115.55,49.96,204.1,44.96,0.94,0.0126,0.0,25.4,1012,3.7,149,Normal
2023-02-22 09:00:00,M-104,68.45,16.11,1480,118.92,44.61,189.82,59.11,2.99,0.0533,2.57,49.9,695,12.38,8,Warning
2023-02-22 10:00:00,M-105,63.5,3.72,1499,123.43,50.08,198.34,45.75,0.97,0.0193,0.0,16.57,999,2.88,166,Normal
2023-02-22 11:00:00,M-103,66.88,6.9,1494,119.63,49.15,199.52,45.66,1.12,0.0182,0.57,22.43,941,4.5,47,Normal
2023-02-22 12:00:00,M-102,65.62,5.65,1504,119.47,51.29,198.54,46.06,0.93,0.0052,0.19,32.36,984,5.05,76,Normal
2023-02-22 13:00:00,M-102,78.6,22.92,1226,147.35,16.9,182.15,64.48,5.09,0.2186,4.94,100.0,413,25.31,0,Failure
2023-02-22 14:00:00,M-103,65.42,5.24,1496,118.18,51.24,206.56,44.12,0.97,0.0093,0.09,38.31,988,6.52,90,Normal
2023-02-22 15:00:00,M-104,85.46,18.62,1228,141.3,41.18,171.67,69.1,10.4,0.1293,4.77,100.0,411,22.61,0,Failure
2023-02-22 16:00:00,M-102,66.64,5.95,1493,119.6,49.01,198.95,45.68,1.03,0.0166,0.35,21.44,934,3.44,65,Normal
2023-02-22 17:00:00,M-103,76.22,14.3,1452,123.82,41.42,202.74,52.7,3.77,0.0524,2.98,70.05,621,16.21,4,Warning
2023-02-22 18:00:00,M-104,62.74,5.02,1495,117.37,48.31,195.77,45.19,1.0,0.0075,0.0,13.58,1003,2.15,170,Normal
2023-02-22 19:00:00,M-105,66.41,4.39,1499,119.27,48.73,190.13,44.33,0.5,0.0043,0.14,15.36,993,2.68,108,Normal
2023-02-22 20:00:00,M-105,68.17,5.04,1505,119.02,50.21,203.25,45.66,1.15,0.0082,0.32,32.19,951,5.9,58,Normal
2023-02-22 21:00:00,M-105,62.53,4.12,1502,121.2,50.22,201.63,43.86,0.9,-0.0003,0.0,10.87,981,0.96,178,Normal
2023-02-22 22:00:00,M-104,75.14,12.41,1377,130.07,38.31,195.86,53.33,0.84,0.0337,2.5,64.16,688,14.51,6,Warning
2023-02-22 23:00:00,M-102,65.44,5.7,1501,120.66,49.96,194.93,44.2,0.74,0.0175,0.18,31.3,948,5.54,79,Normal
2023-02-23 00:00:00,M-103,77.4,17.59,1443,128.72,46.83,187.36,60.45,3.19,0.0436,3.76,100.0,538,21.33,0,Warning
2023-02-23 01:00:00,M-101,70.83,11.03,1442,133.34,41.25,207.27,49.62,3.23,0.0443,1.79,60.58,772,12.58,9,Warning
2023-02-23 02:00:00,M-104,65.9,5.27,1497,116.88,49.53,194.27,44.33,1.01,0.0118,0.14,37.02,1018,6.08,79,Normal
2023-02-23 03:00:00,M-102,64.46,5.63,1505,117.39,50.31,205.91,45.98,1.01,0.0116,0.13,41.28,1003,5.88,78,Normal
2023-02-23 04:00:00,M-102,63.94,4.02,1487,120.32,51.51,197.96,45.59,0.98,0.0036,0.0,25.22,1014,4.44,149,Normal
2023-02-23 05:00:00,M-102,62.06,4.58,1495,120.02,48.74,193.44,44.98,0.84,0.0167,0.0,26.91,988,3.52,146,Normal
2023-02-23 06:00:00,M-104,64.72,6.77,1488,120.16,52.2,203.16,45.13,1.1,0.008,0.35,24.9,983,3.86,62,Normal
2023-02-23 07:00:00,M-105,64.76,5.95,1496,119.49,49.02,203.81,46.23,0.99,0.0179,0.19,26.34,966,3.63,83,Normal
2023-02-23 08:00:00,M-104,65.23,5.79,1498,118.93,50.46,199.58,46.69,1.25,0.0148,0.18,31.77,993,5.37,79,Normal
2023-02-23 09:00:00,M-104,64.31,5.91,1508,119.98,48.8,191.07,45.84,1.1,0.0131,0.18,29.28,995,4.31,81,Normal
2023-02-23 10:00:00,M-103,63.23,4.51,1502,121.76,50.18,206.43,44.34,0.77,0.0115,0.0,10.17,998,1.52,179,Normal
2023-02-23 11:00:00,M-105,65.32,4.9,1504,118.42,50.09,197.57,44.75,1.05,0.0153,0.03,39.62,1001,6.32,106,Normal
2023-02-23 12:00:00,M-101,69.51,5.16,1494,125.34,50.41,204.95,45.59,1.12,0.0127,0.48,23.24,919,5.33,52,Normal
2023-02-23 13:00:00,M-102,66.65,6.2,1496,120.96,50.7,198.47,45.68,1.09,0.0135,0.4,27.45,930,5.56,55,Normal
2023-02-23 14:00:00,M-103,63.55,6.05,1512,118.15,50.31,209.17,45.42,1.28,0.015,0.21,30.81,956,5.58,75,Normal
2023-02-23 15:00:00,M-105,65.27,4.86,1510,114.69,50.24,204.73,44.88,0.92,0.0115,0.03,33.47,1023,5.3,120,Normal
2023-02-23 16:00:00,M-104,78.72,14.67,1299,159.33,43.5,178.45,66.35,8.77,0.1274,3.31,100.0,587,18.25,0,Failure
2023-02-23 17:00:00,M-103,75.52,22.07,1266,149.63,23.98,145.07,67.02,8.04,0.1611,4.47,100.0,484,21.1,0,Failure
2023-02-23 18:00:00,M-104,58.81,4.55,1499,119.61,51.46,194.38,44.38,0.62,0.0176,0.0,23.3,995,3.51,153,Normal
2023-02-23 19:00:00,M-101,67.04,3.82,1502,118.59,49.26,203.72,44.88,0.72,0.0105,0.2,31.76,961,4.45,75,Normal
2023-02-23 20:00:00,M-105,60.86,3.85,1484,120.77,49.64,198.9,46.15,0.86,0.0139,0.0,35.58,1030,5.64,128,Normal
2023-02-23 21:00:00,M-105,64.31,3.42,1483,118.3,49.8,193.58,43.87,0.92,0.0143,0.0,39.9,1006,5.55,120,Normal
2023-02-23 22:00:00,M-105,63.46,4.07,1483,120.14,49.43,204.83,43.55,0.89,0.0191,0.0,14.97,981,3.24,170,Normal
2023-02-23 23:00:00,M-103,63.04,3.44,1487,120.78,51.75,208.53,45.84,1.18,0.0123,0.0,30.56,1014,4.74,138,Normal
2023-02-24 00:00:00,M-105,61.41,3.88,1508,121.75,48.45,203.98,45.1,1.16,0.0068,0.0,20.32,1012,1.58,159,Normal
2023-02-24 01:00:00,M-102,68.95,4.16,1509,118.16,50.17,202.25,43.76,1.19,0.009,0.39,16.24,963,3.95,64,Normal
2023-02-24 02:00:00,M-101,64.7,6.02,1499,121.53,49.57,200.98,44.2,1.24,0.0058,0.2,17.46,969,2.75,90,Normal
2023-02-24 03:00:00,M-103,62.97,4.72,1508,119.18,50.22,197.47,47.55,1.3,0.0088,0.0,12.24,1005,1.17,175,Normal
2023-02-24 04:00:00,M-101,62.61,4.34,1499,123.63,50.1,208.27,45.22,0.92,0.0177,0.0,32.56,1008,4.75,134,Normal
2023-02-24 05:00:00,M-102,64.43,4.79,1495,120.21,49.99,208.28,44.5,0.8,0.0132,0.0,31.01,1001,4.31,137,Normal
2023-02-24 06:00:00,M-103,64.5,5.83,1508,123.28,49.96,199.17,44.28,1.11,0.0023,0.17,36.41,995,6.11,76,Normal
2023-02-24 07:00:00,M-102,66.34,3.18,1502,118.99,50.5,195.63,44.42,1.24,0.0156,0.13,15.02,964,3.42,110,Normal
2023-02-24 08:00:00,M-103,65.03,5.88,1516,116.63,49.68,198.67,43.6,0.9,0.0121,0.18,28.62,972,5.63,82,Normal
2023-02-24 09:00:00,M-104,64.66,5.3,1511,119.1,49.22,209.74,44.82,1.04,0.002,0.06,36.79,982,6.58,102,Normal
2023-02-24 10:00:00,M-104,64.83,6.09,1516,122.6,48.93,199.67,45.28,0.95,0.0119,0.22,33.2,990,4.77,71,Normal
2023-02-24 11:00:00,M-103,65.86,6.76,1493,119.26,50.03,203.47,43.57,0.38,0.0111,0.44,27.97,970,4.91,52,Normal
2023-02-24 12:00:00,M-101,64.79,4.48,1491,121.31,51.36,205.32,45.61,0.7,0.0082,0.0,20.1,1038,3.13,159,Normal
2023-02-24 13:00:00,M-103,65.12,3.08,1487,118.4,49.93,190.33,45.6,0.98,0.0048,0.01,18.52,1002,2.08,155,Normal
2023-02-24 14:00:00,M-102,63.57,11.13,1477,124.7,47.15,199.25,45.08,2.85,-0.0075,1.23,40.18,850,10.17,20,Warning
2023-02-24 15:00:00,M-102,64.93,6.11,1510,117.47,48.21,203.21,42.78,1.2,0.0094,0.22,34.6,985,5.79,69,Normal
2023-02-24 16:00:00,M-105,65.16,5.27,1501,118.78,49.95,201.37,45.11,0.7,0.0033,0.07,32.49,1013,4.51,105,Normal
2023-02-24 17:00:00,M-105,62.59,3.67,1483,120.47,49.64,204.38,44.69,0.52,0.0122,0.0,28.68,959,4.41,142,Normal
2023-02-24 18:00:00,M-104,65.46,4.23,1521,122.88,49.26,199.36,45.24,1.17,0.0101,0.05,25.61,973,4.01,125,Normal
2023-02-24 19:00:00,M-104,63.77,5.61,1507,120.79,49.68,202.2,44.84,0.99,0.0061,0.12,34.96,956,5.77,87,Normal
2023-02-24 20:00:00,M-102,64.78,5.03,1498,124.93,49.69,202.93,43.07,1.09,0.0157,0.01,25.04,988,4.08,146,Normal
2023-02-24 21:00:00,M-104,64.7,1.88,1509,117.64,50.85,202.45,44.8,1.19,0.0126,0.0,39.14,1006,5.01,121,Normal
2023-02-24 22:00:00,M-105,71.39,10.55,1377,131.18,45.08,191.51,56.51,3.39,0.0478,1.75,40.98,790,9.21,14,Warning
2023-02-24 23:00:00,M-104,61.85,3.25,1502,121.97,50.91,195.84,46.36,1.41,0.013,0.0,12.47,1029,2.31,175,Normal
2023-02-25 00:00:00,M-104,63.22,3.05,1492,118.92,49.65,195.21,44.27,1.0,0.0061,0.0,28.11,1010,4.4,143,Normal
2023-02-25 01:00:00,M-102,65.05,5.47,1515,119.64,50.18,195.68,45.92,1.14,0.0111,0.1,14.69,967,2.06,122,Normal
2023-02-25 02:00:00,M-101,64.72,4.16,1511,117.96,50.32,202.07,44.05,1.01,0.0055,0.0,12.57,1027,1.66,174,Normal
2023-02-25 03:00:00,M-105,66.91,5.42,1496,119.44,50.7,205.05,43.16,0.97,0.0105,0.27,21.99,977,3.9,74,Normal
2023-02-25 04:00:00,M-103,66.82,4.18,1507,118.25,49.36,203.79,45.86,1.12,0.0048,0.18,15.48,969,2.86,97,Normal
2023-02-25 05:00:00,M-101,65.11,4.75,1512,116.46,50.29,199.67,43.75,1.32,-0.0035,0.01,28.34,1001,4.54,137,Normal
2023-02-25 06:00:00,M-104,65.87,5.31,1500,114.69,48.61,200.5,45.62,1.06,0.0055,0.15,30.95,1000,4.4,86,Normal
2023-02-25 07:00:00,M-103,67.36,5.21,1513,120.73,50.51,198.45,44.81,1.19,0.0093,0.28,23.99,990,4.1,71,Normal
2023-02-25 08:00:00,M-105,66.47,4.7,1513,119.29,51.51,202.17,44.98,0.82,0.0096,0.15,25.51,978,4.39,93,Normal
2023-02-25 09:00:00,M-101,63.46,4.48,1489,119.54,52.1,201.76,44.36,0.91,0.0028,0.0,36.99,977,4.9,126,Normal
2023-02-25 10:00:00,M-104,62.13,5.55,1487,117.69,51.19,194.02,42.68,1.12,0.0085,0.11,35.22,982,5.67,89,Normal
2023-02-25 11:00:00,M-103,72.7,9.96,1444,131.63,48.85,193.01,54.24,3.83,0.07,1.76,62.17,782,12.78,9,Warning
2023-02-25 12:00:00,M-105,63.02,4.39,1508,120.07,48.2,208.74,44.47,0.92,0.0113,0.0,23.14,1012,4.25,153,Normal
2023-02-25 13:00:00,M-102,65.93,3.29,1493,117.81,51.81,192.37,46.8,0.98,0.004,0.09,26.2,1008,4.43,107,Normal
2023-02-25 14:00:00,M-102,64.4,3.82,1495,122.74,50.07,209.65,45.74,0.87,0.0103,0.0,16.27,982,2.44,167,Normal
2023-02-25 15:00:00,M-102,63.48,6.88,1499,121.73,50.93,208.81,43.79,0.65,0.0186,0.38,21.42,966,4.03,62,Normal
2023-02-25 16:00:00,M-102,62.78,4.0,1490,120.65,49.43,210.36,46.9,1.0,0.0198,0.0,19.93,1029,2.58,160,Normal
2023-02-25 17:00:00,M-104,64.85,6.38,1489,124.23,51.11,202.9,44.07,0.96,0.0082,0.28,15.62,942,3.44,80,Normal
2023-02-25 18:00:00,M-105,63.97,5.9,1492,118.89,49.29,205.46,44.51,1.09,0.0199,0.18,32.26,976,5.56,78,Normal
2023-02-25 19:00:00,M-102,65.34,4.96,1484,117.29,50.75,199.1,43.64,0.72,0.0132,0.03,38.88,1013,5.13,107,Normal
2023-02-25 20:00:00,M-105,67.17,5.67,1486,118.39,51.37,198.98,46.19,0.97,0.0052,0.35,41.39,951,7.23,48,Normal
2023-02-25 21:00:00,M-102,65.52,5.0,1504,118.62,49.4,203.64,44.03,1.32,0.0161,0.05,34.95,970,6.08,107,Normal
2023-02-25 22:00:00,M-104,63.08,5.08,1498,118.78,48.82,199.79,44.6,1.14,0.0133,0.02,28.19,1020,3.97,134,Normal
2023-02-25 23:00:00,M-102,63.73,6.01,1495,122.63,49.31,207.19,44.69,1.07,0.0149,0.2,25.74,986,4.8,82,Normal
2023-02-26 00:00:00,M-104,65.52,5.02,1491,122.36,50.52,203.15,44.49,1.17,0.0146,0.06,38.97,979,6.21,99,Normal
2023-02-26 01:00:00,M-103,91.72,22.81,1219,150.48,32.04,186.81,68.1,9.29,0.1291,6.23,100.0,238,26.51,0,Failure
2023-02-26 02:00:00,M-104,65.58,7.75,1500,120.12,50.79,200.21,43.29,1.23,-0.0,0.61,31.26,918,6.08,40,Normal
2023-02-26 03:00:00,M-104,91.06,17.3,1254,152.55,32.75,173.85,73.72,5.58,0.1156,5.06,100.0,382,24.35,0,Failure
2023-02-26 04:00:00,M-105,66.31,5.57,1508,120.08,49.09,197.69,45.34,1.36,0.0076,0.24,33.31,986,5.54,67,Normal
2023-02-26 05:00:00,M-104,64.08,4.15,1514,120.39,48.52,197.51,45.94,0.83,0.0052,0.0,10.11,997,1.75,179,Normal
2023-02-26 06:00:00,M-104,66.41,5.99,1500,124.95,50.82,198.78,44.18,0.81,0.0117,0.34,32.96,949,4.96,56,Normal
2023-02-26 07:00:00,M-104,66.03,6.22,1506,122.31,49.46,206.18,44.28,1.01,0.0075,0.35,17.09,949,2.4,69,Normal
2023-02-26 08:00:00,M-101,65.38,6.03,1491,119.47,50.04,203.31,44.09,0.74,0.0134,0.24,41.57,940,6.66,59,Normal
2023-02-26 09:00:00,M-102,67.29,4.71,1512,117.86,48.81,199.31,45.0,0.83,0.0086,0.23,26.6,999,4.25,76,Normal
2023-02-26 10:00:00,M-103,68.37,2.98,1510,120.5,50.92,197.25,43.23,1.12,0.0053,0.34,33.74,931,5.77,56,Normal
2023-02-26 11:00:00,M-103,64.91,5.78,1501,119.74,49.62,195.03,44.83,1.23,0.0086,0.16,22.83,1009,4.1,94,Normal
2023-02-26 12:00:00,M-104,65.23,5.24,1483,116.39,50.14,203.95,44.33,1.33,0.0137,0.07,29.3,973,5.72,110,Normal
2023-02-26 13:00:00,M-104,65.05,5.62,1493,118.23,48.31,201.95,46.26,1.16,0.0104,0.13,13.19,1009,3.71,114,Normal
2023-02-26 14:00:00,M-101,64.65,5.8,1512,119.78,51.53,207.65,45.85,0.9,0.0069,0.16,20.86,964,2.9,96,Normal
2023-02-26 15:00:00,M-103,66.34,4.38,1502,120.06,48.82,200.38,45.24,1.21,0.0175,0.13,28.31,963,4.69,93,Normal
2023-02-26 16:00:00,M-103,62.89,2.91,1489,120.14,49.44,199.1,45.49,0.94,0.0044,0.0,21.53,998,3.13,156,Normal
2023-02-26 17:00:00,M-101,64.49,4.91,1493,120.73,51.29,193.66,45.45,1.19,0.0078,0.0,19.54,1025,2.9,160,Normal
2023-02-26 18:00:00,M-104,67.42,4.23,1493,121.43,50.15,196.57,44.65,0.99,0.0022,0.24,26.61,986,4.1,74,Normal
2023-02-26 19:00:00,M-104,64.96,2.29,1494,121.84,51.34,197.36,44.44,0.86,0.0072,0.0,22.3,1022,4.16,155,Normal
2023-02-26 20:00:00,M-102,66.16,4.74,1499,121.01,50.97,196.22,45.37,0.9,0.0091,0.12,41.04,989,5.57,80,Normal
2023-02-26 21:00:00,M-101,64.95,3.3,1517,119.29,48.63,197.28,45.21,1.15,0.0165,0.0,33.29,1001,4.83,133,Normal
2023-02-26 22:00:00,M-103,71.79,20.26,1452,127.11,49.24,186.25,59.99,2.13,0.0786,3.73,84.27,556,21.0,1,Warning
2023-02-26 23:00:00,M-101,66.49,3.79,1485,122.28,49.0,203.08,45.13,1.26,0.0125,0.15,33.78,981,6.39,83,Normal
2023-02-27 00:00:00,M-101,63.96,5.61,1488,118.64,51.0,199.38,43.79,0.7,0.0102,0.12,27.9,1008,4.42,96,Normal
2023-02-27 01:00:00,M-102,67.28,4.42,1502,119.28,48.79,202.66,44.99,1.01,0.0099,0.23,34.47,954,6.42,68,Normal
2023-02-27 02:00:00,M-105,65.92,6.05,1500,115.43,50.25,203.81,44.05,0.95,0.0042,0.3,29.49,912,5.15,63,Normal
2023-02-27 03:00:00,M-105,66.85,4.11,1515,121.75,50.47,194.93,45.28,1.07,0.0096,0.18,15.56,995,2.52,97,Normal
2023-02-27 04:00:00,M-102,62.6,3.66,1504,119.19,49.83,198.2,46.52,1.25,0.0038,0.0,31.61,989,4.58,136,Normal
2023-02-27 05:00:00,M-102,76.14,7.03,1447,132.63,42.77,178.16,55.6,5.21,0.0357,1.52,44.84,803,9.67,15,Warning
2023-02-27 06:00:00,M-101,61.8,5.71,1498,120.34,49.1,198.4,44.51,0.98,0.0067,0.14,26.46,952,3.39,93,Normal
2023-02-27 07:00:00,M-105,65.67,6.26,1532,121.85,49.49,190.08,45.54,0.71,0.006,0.32,24.67,979,4.49,66,Normal
2023-02-27 08:00:00,M-105,66.66,4.81,1497,123.0,50.93,200.36,43.37,1.07,0.0135,0.17,15.4,924,2.4,101,Normal
2023-02-27 09:00:00,M-103,65.61,6.28,1496,122.44,49.88,201.69,44.88,1.07,0.0127,0.32,29.9,974,5.12,61,Normal
2023-02-27 10:00:00,M-103,72.16,14.9,1320,128.65,32.35,169.18,65.86,5.62,0.1636,2.7,100.0,696,16.46,0,Failure
2023-02-27 11:00:00,M-105,86.98,20.09,1238,152.69,34.65,143.61,72.54,7.08,0.235,5.22,100.0,379,24.84,0,Failure
2023-02-27 12:00:00,M-101,65.58,6.14,1492,119.56,51.63,199.02,43.73,0.87,0.0053,0.29,18.64,972,3.49,75,Normal
2023-02-27 13:00:00,M-104,71.65,17.36,1438,134.02,48.25,190.05,51.66,2.32,0.0635,3.14,66.52,634,16.9,4,Warning
2023-02-27 14:00:00,M-103,78.63,14.13,1444,132.99,47.68,202.96,57.97,3.06,0.0238,3.19,85.08,620,18.98,2,Warning
2023-02-27 15:00:00,M-102,69.35,4.79,1513,118.09,49.64,198.92,46.95,0.94,0.0006,0.43,25.6,995,4.82,54,Normal
2023-02-27 16:00:00,M-102,65.2,6.03,1495,117.34,48.78,193.54,45.48,1.3,0.0072,0.23,29.36,985,4.49,74,Normal
2023-02-27 17:00:00,M-103,71.63,10.61,1453,131.53,37.9,198.2,54.73,1.88,0.069,1.78,65.55,743,12.61,8,Warning
2023-02-27 18:00:00,M-104,65.06,6.09,1507,123.84,50.15,196.54,44.81,1.08,0.0151,0.22,36.21,943,6.4,67,Normal
2023-02-27 19:00:00,M-105,65.01,5.23,1498,122.31,49.66,195.08,45.52,0.97,0.0112,0.05,13.86,1008,1.88,145,Normal
2023-02-27 20:00:00,M-104,65.04,3.47,1497,120.51,51.78,202.01,45.63,1.23,0.0052,0.0,31.35,996,4.71,135,Normal
2023-02-27 21:00:00,M-101,64.26,6.54,1509,120.91,51.72,194.81,45.78,1.11,0.0088,0.31,15.78,958,3.45,75,Normal
2023-02-27 22:00:00,M-101,67.37,6.82,1513,121.72,49.0,197.96,45.21,0.87,0.0129,0.6,43.52,942,8.34,33,Normal
2023-02-27 23:00:00,M-103,66.71,4.47,1494,120.71,52.29,199.25,45.36,1.18,0.0079,0.17,22.67,995,3.75,91,Normal
2023-02-28 00:00:00,M-103,64.71,6.82,1500,124.68,50.35,198.93,44.1,0.71,0.005,0.36,43.08,938,7.01,46,Normal
2023-02-28 01:00:00,M-104,65.63,5.2,1501,123.94,50.55,209.62,44.93,0.99,0.0075,0.1,20.95,993,3.18,112,Normal
2023-02-28 02:00:00,M-101,66.04,7.67,1446,137.76,45.68,179.19,51.41,4.67,0.0376,0.64,38.38,904,6.66,34,Warning
2023-02-28 03:00:00,M-101,65.74,4.84,1504,120.42,51.83,202.7,44.57,0.92,0.016,0.07,31.81,960,5.2,105,Normal
2023-02-28 04:00:00,M-104,66.71,4.53,1491,118.78,48.55,200.2,44.23,1.16,0.0132,0.17,42.15,1013,6.36,68,Normal
2023-02-28 05:00:00,M-103,80.52,12.1,1437,131.49,40.63,209.61,51.74,3.55,0.0512,2.97,64.17,666,15.66,5,Warning
2023-02-28 06:00:00,M-105,62.57,2.46,1492,117.09,51.48,209.08,43.6,1.26,0.0148,0.0,13.99,968,2.07,172,Normal
2023-02-28 07:00:00,M-104,74.63,10.49,1455,134.19,44.62,184.7,57.98,2.78,0.061,2.06,60.89,750,13.8,8,Warning
2023-02-28 08:00:00,M-104,62.92,5.58,1498,117.17,52.23,198.24,44.62,1.03,0.0187,0.12,13.73,952,2.49,117,Normal
2023-02-28 09:00:00,M-103,63.28,3.76,1500,121.73,50.07,198.75,43.87,0.87,0.0144,0.0,17.03,974,3.44,165,Normal
2023-02-28 10:00:00,M-105,67.88,5.07,1502,120.56,51.11,196.95,45.69,0.83,0.0199,0.3,35.57,947,5.39,58,Normal
2023-02-28 11:00:00,M-104,65.76,6.89,1513,118.18,51.6,204.65,43.95,1.04,0.0124,0.45,32.88,923,6.19,47,Normal
2023-02-28 12:00:00,M-101,68.56,5.56,1493,120.81,48.49,205.28,43.53,0.96,0.0112,0.47,45.34,964,7.23,38,Normal
2023-02-28 13:00:00,M-104,65.4,4.29,1516,118.31,49.53,194.93,43.9,1.01,0.0038,0.04,21.42,991,3.51,135,Normal
2023-02-28 14:00:00,M-102,70.19,3.87,1494,121.03,50.36,202.6,44.56,1.05,0.0103,0.52,43.69,931,6.9,36,Normal
2023-02-28 15:00:00,M-101,87.03,23.34,1272,138.59,37.72,168.86,68.05,10.34,0.1836,5.87,100.0,304,27.35,0,Failure
2023-02-28 16:00:00,M-104,67.1,4.17,1504,121.74,48.93,199.29,45.3,0.84,0.0056,0.21,35.36,972,6.05,70,Normal
2023-02-28 17:00:00,M-102,78.43,13.9,1420,135.71,43.97,189.87,48.37,2.54,0.0406,3.12,57.04,634,14.54,6,Warning
2023-02-28 18:00:00,M-103,65.22,3.93,1496,119.57,48.65,195.81,45.41,1.0,0.0085,0.02,38.29,979,5.65,113,Normal
2023-02-28 19:00:00,M-103,66.91,4.46,1502,119.74,53.22,202.44,43.86,1.35,0.0152,0.19,30.71,978,4.77,78,Normal
2023-02-28 20:00:00,M-103,63.77,4.38,1509,117.98,51.09,201.67,45.52,0.95,0.0069,0.0,12.86,1029,1.38,174,Normal
2023-02-28 21:00:00,M-103,62.55,5.52,1494,118.17,48.79,192.43,43.04,1.02,-0.0031,0.1,35.5,996,5.77,91,Normal
2023-02-28 22:00:00,M-102,65.11,4.93,1510,120.29,51.4,203.1,44.38,0.9,0.0064,0.01,14.22,1023,1.63,164,Normal
2023-02-28 23:00:00,M-103,62.22,5.5,1500,120.06,50.93,199.02,45.83,0.85,0.0063,0.1,31.26,988,5.95,98,Normal
2023-03-01 00:00:00,M-102,65.1,4.33,1504,117.68,52.16,206.59,45.98,0.72,0.011,0.01,15.95,1023,2.63,161,Normal
2023-03-01 01:00:00,M-101,65.36,4.32,1491,120.91,49.32,196.73,44.86,1.03,0.0152,0.04,19.24,971,2.31,141,Normal
2023-03-01 02:00:00,M-101,60.98,4.45,1515,120.53,48.8,205.09,46.23,1.02,0.0202,0.0,16.34,1016,2.83,167,Normal
2023-03-01 03:00:00,M-101,67.57,4.72,1501,123.33,52.1,205.4,44.65,1.0,0.0091,0.26,15.15,983,2.38,83,Normal
2023-03-01 04:00:00,M-102,65.67,5.33,1497,120.54,50.47,203.67,46.73,1.05,0.0103,0.13,20.72,966,3.48,103,Normal
2023-03-01 05:00:00,M-104,65.23,5.73,1497,122.35,49.12,207.22,45.21,0.99,0.0028,0.17,35.9,957,5.9,76,Normal
2023-03-01 06:00:00,M-103,71.1,9.97,1387,136.77,38.31,187.89,51.47,2.12,0.0775,1.6,43.39,811,9.66,15,Warning
2023-03-01 07:00:00,M-104,62.25,5.19,1495,118.6,53.56,202.87,44.72,1.18,0.0085,0.04,35.51,985,5.55,112,Normal
2023-03-01 08:00:00,M-104,65.69,4.07,1512,121.6,50.92,206.32,45.42,1.3,0.0119,0.07,11.58,987,2.56,138,Normal
2023-03-01 09:00:00,M-104,63.39,4.61,1499,120.38,49.44,200.29,45.51,0.6,0.0104,0.0,15.94,992,1.54,168,Normal
2023-03-01 10:00:00,M-101,65.49,4.53,1494,120.28,49.5,201.55,46.11,1.14,0.0144,0.05,18.59,1015,2.74,136,Normal
2023-03-01 11:00:00,M-103,77.45,12.46,1444,132.7,44.0,198.64,58.73,2.45,0.0467,2.74,62.21,664,14.99,6,Warning
2023-03-01 12:00:00,M-102,64.12,7.48,1496,119.35,49.81,199.26,44.22,1.03,0.0154,0.5,18.89,946,3.6,54,Normal
2023-03-01 13:00:00,M-102,67.54,4.66,1496,120.26,51.09,199.78,44.44,1.12,0.0141,0.25,17.42,992,3.1,81,Normal
2023-03-01 14:00:00,M-102,66.75,5.57,1519,120.98,48.01,204.16,43.41,1.09,0.0014,0.29,18.04,955,3.72,75,Normal
2023-03-01 15:00:00,M-105,64.12,6.39,1493,119.42,48.76,207.22,46.58,0.97,0.0026,0.28,14.76,962,2.89,80,Normal
2023-03-01 16:00:00,M-102,64.09,5.16,1500,120.49,47.47,194.65,44.15,1.03,0.0109,0.03,15.99,1008,1.92,149,Normal
2023-03-01 17:00:00,M-102,65.37,5.01,1499,122.04,51.81,201.98,43.79,1.03,0.0071,0.04,37.45,1035,6.04,108,Normal
2023-03-01 18:00:00,M-102,73.64,12.55,1490,129.78,42.34,177.04,56.54,3.25,0.0371,2.37,56.26,735,12.73,8,Warning
2023-03-01 19:00:00,M-105,64.9,5.42,1496,123.86,51.03,202.26,44.57,1.01,0.0155,0.08,14.42,1008,2.78,128,Normal
2023-03-01 20:00:00,M-102,64.5,4.87,1496,120.94,50.08,201.97,44.98,0.68,0.0102,0.0,12.47,1001,2.45,175,Normal
2023-03-01 21:00:00,M-101,67.71,5.7,1492,119.96,49.13,196.73,45.48,0.81,0.0077,0.41,26.97,929,5.2,55,Normal
2023-03-01 22:00:00,M-101,69.85,4.47,1506,123.88,50.79,198.5,44.93,0.83,0.0144,0.49,37.1,953,5.94,42,Normal
2023-03-01 23:00:00,M-104,63.59,5.1,1503,120.81,49.81,195.59,45.99,0.76,0.0075,0.02,37.19,997,5.86,116,Normal
2023-03-02 00:00:00,M-104,66.81,4.61,1497,121.43,50.73,203.99,44.7,1.12,0.0155,0.18,36.08,976,6.32,74,Normal
2023-03-02 01:00:00,M-102,64.33,4.33,1490,114.0,49.6,213.83,46.27,0.8,0.0074,0.0,25.18,989,4.48,149,Normal
2023-03-02 02:00:00,M-101,66.41,5.25,1499,120.04,50.49,199.86,43.13,1.44,0.016,0.19,19.76,951,2.95,90,Normal
2023-03-02 03:00:00,M-105,61.87,3.21,1504,118.14,49.86,207.91,45.38,0.9,0.0041,0.0,21.76,1008,3.2,156,Normal
2023-03-02 04:00:00,M-105,60.65,5.39,1503,120.12,49.85,187.17,44.56,1.36,0.0101,0.08,40.7,984,5.59,90,Normal
2023-03-02 05:00:00,M-101,75.39,11.95,1448,140.43,49.01,204.62,56.03,4.79,0.0329,2.43,71.5,701,15.29,5,Warning
2023-03-02 06:00:00,M-103,65.18,5.91,1492,123.34,48.62,209.7,46.0,0.98,0.008,0.2,13.33,965,2.05,96,Normal
2023-03-02 07:00:00,M-105,62.72,5.09,1496,118.23,50.15,197.13,46.16,0.97,0.0083,0.02,30.1,1003,3.55,130,Normal
2023-03-02 08:00:00,M-104,63.33,5.82,1488,117.81,49.2,208.27,44.75,0.51,0.0161,0.16,26.4,974,4.78,89,Normal
2023-03-02 09:00:00,M-101,63.53,4.75,1511,119.1,50.17,196.97,45.04,1.02,0.0083,0.0,36.88,1021,5.1,126,Normal
2023-03-02 10:00:00,M-102,65.85,4.31,1489,120.08,51.16,208.04,45.8,1.01,0.0113,0.09,26.56,989,4.12,109,Normal
2023-03-02 11:00:00,M-101,62.96,5.37,1487,119.38,51.91,199.64,44.08,1.05,0.0072,0.07,28.15,993,3.78,110,Normal
2023-03-02 12:00:00,M-105,65.41,5.68,1497,117.74,51.31,205.04,44.76,1.05,0.0162,0.18,14.82,995,2.63,99,Normal
2023-03-02 13:00:00,M-101,80.72,24.29,1281,159.64,32.46,150.2,75.6,5.51,0.0893,5.43,100.0,356,26.39,0,Failure
2023-03-02 14:00:00,M-103,63.91,6.79,1502,120.32,49.63,207.95,45.36,0.92,0.006,0.36,36.94,955,6.18,51,Normal
2023-03-02 15:00:00,M-105,64.87,4.96,1509,121.96,49.01,205.34,45.75,0.99,0.0026,0.0,35.42,1004,5.14,129,Normal
2023-03-02 16:00:00,M-105,63.65,6.2,1500,121.49,51.53,205.59,46.12,1.04,0.014,0.24,31.06,975,5.72,70,Normal
2023-03-02 17:00:00,M-104,90.29,14.44,1279,154.37,37.49,169.26,72.54,4.79,0.1893,4.42,100.0,477,23.88,0,Failure
2023-03-02 18:00:00,M-101,66.65,5.3,1493,118.5,49.67,193.51,46.72,1.3,0.0123,0.23,40.83,968,5.97,62,Normal
2023-03-02 19:00:00,M-101,60.99,6.01,1512,117.38,48.2,193.91,44.3,1.38,0.0079,0.2,24.28,992,4.41,83,Normal
2023-03-02 20:00:00,M-102,67.9,4.89,1495,124.52,50.72,201.28,46.36,1.06,0.0075,0.29,25.58,966,5.11,68,Normal
2023-03-02 21:00:00,M-101,76.21,13.62,1447,134.64,42.4,186.33,47.06,2.37,0.0686,2.85,68.54,659,15.51,5,Warning
2023-03-02 22:00:00,M-104,65.25,4.39,1501,120.49,48.76,200.4,46.32,0.64,0.0141,0.03,31.8,1024,5.64,123,Normal
2023-03-02 23:00:00,M-105,63.98,4.81,1498,119.63,48.43,200.82,45.79,0.86,0.0054,0.0,27.61,997,4.53,144,Normal
2023-03-03 00:00:00,M-104,60.57,4.27,1507,117.89,49.02,204.76,45.46,1.08,0.0139,0.0,15.96,991,1.96,168,Normal
2023-03-03 01:00:00,M-101,61.5,6.17,1498,121.5,49.69,202.71,47.33,0.77,0.0061,0.23,40.82,953,7.64,61,Normal
2023-03-03 02:00:00,M-105,71.14,2.82,1513,119.21,48.38,197.37,45.28,1.21,0.0186,0.61,40.78,954,7.21,34,Normal
2023-03-03 03:00:00,M-103,65.46,4.58,1502,118.81,49.83,210.72,45.31,0.91,0.0045,0.05,34.77,992,5.68,110,Normal
2023-03-03 04:00:00,M-101,64.39,5.66,1498,120.17,47.48,200.08,43.17,0.76,0.0033,0.13,18.28,963,3.24,106,Normal
2023-03-03 05:00:00,M-102,79.64,22.09,1341,138.36,32.54,150.2,65.24,9.74,0.1752,4.88,100.0,457,24.4,0,Failure
2023-03-03 06:00:00,M-102,66.07,6.65,1519,119.74,49.03,198.65,48.1,0.69,0.0076,0.44,21.22,919,3.11,57,Normal
2023-03-03 07:00:00,M-104,65.71,3.46,1499,117.23,51.23,189.45,44.72,1.11,0.0118,0.07,24.06,966,2.88,118,Normal
2023-03-03 08:00:00,M-101,65.45,5.5,1492,118.84,49.24,195.67,45.69,0.76,0.0087,0.14,30.92,964,4.76,87,Normal
2023-03-03 09:00:00,M-104,64.67,5.46,1509,119.68,49.36,202.89,43.36,0.57,0.023,0.09,33.66,972,5.03,96,Normal
2023-03-03 10:00:00,M-102,66.7,4.13,1501,118.96,51.22,196.62,44.65,1.19,0.0049,0.17,25.06,980,3.54,89,Normal
2023-03-03 11:00:00,M-101,73.05,14.48,1458,132.19,43.66,193.01,54.4,3.95,0.0639,2.7,75.14,679,16.27,4,Warning
2023-03-03 12:00:00,M-101,68.08,5.91,1494,122.59,50.26,198.03,45.28,1.22,0.0123,0.49,36.87,977,6.37,42,Normal
2023-03-03 13:00:00,M-105,67.61,7.2,1508,116.54,50.62,206.74,42.94,1.19,0.009,0.7,45.73,942,8.23,28,Normal
2023-03-03 14:00:00,M-102,66.11,5.81,1496,122.07,48.92,199.97,45.84,1.2,0.0123,0.27,22.53,959,3.9,74,Normal
2023-03-03 15:00:00,M-102,67.92,4.26,1514,121.97,49.56,195.61,46.93,0.82,0.0115,0.29,21.44,971,3.8,72,Normal
2023-03-03 16:00:00,M-102,64.01,6.68,1488,121.17,50.39,199.88,45.52,0.77,0.0183,0.34,33.51,998,5.51,56,Normal
2023-03-03 17:00:00,M-103,65.0,4.68,1487,119.41,50.91,195.67,42.72,0.75,0.0141,0.0,32.94,965,4.71,133,Normal
2023-03-03 18:00:00,M-103,64.02,5.3,1489,119.64,51.4,202.14,45.13,1.04,0.0081,0.06,29.06,1032,4.2,114,Normal
2023-03-03 19:00:00,M-102,65.11,4.98,1508,121.04,49.65,199.51,45.93,0.75,0.0088,0.01,17.45,1009,2.1,158,Normal
2023-03-03 20:00:00,M-103,65.0,4.79,1487,119.91,47.37,199.19,45.06,1.05,0.0022,0.0,19.04,1004,3.22,161,Normal
2023-03-03 21:00:00,M-101,62.5,4.2,1501,122.92,50.13,202.94,45.1,1.18,0.0197,0.0,38.19,991,5.74,123,Normal
2023-03-03 22:00:00,M-101,63.57,5.25,1515,122.97,48.05,199.98,46.48,1.58,0.0135,0.05,28.85,986,3.68,118,Normal
2023-03-03 23:00:00,M-104,64.49,5.43,1502,118.7,49.47,195.79,45.98,0.63,0.0036,0.09,28.97,997,4.79,105,Normal
2023-03-04 00:00:00,M-101,65.44,4.89,1501,120.13,51.25,201.55,44.46,1.21,0.0162,0.04,27.53,967,4.48,123,Normal
2023-03-04 01:00:00,M-105,65.75,6.22,1503,117.88,49.27,209.14,44.29,1.11,0.0051,0.32,15.88,987,2.79,73,Normal
2023-03-04 02:00:00,M-104,67.38,6.33,1501,120.52,48.81,204.98,45.38,1.11,0.0184,0.5,43.6,927,7.15,37,Normal
2023-03-04 03:00:00,M-103,61.42,4.71,1495,119.38,50.85,207.64,46.11,0.88,0.0127,0.0,20.95,990,2.22,158,Normal
2023-03-04 04:00:00,M-105,67.09,4.94,1511,118.76,50.71,196.41,44.03,0.98,0.0067,0.21,35.62,944,5.87,70,Normal
2023-03-04 05:00:00,M-102,63.86,5.92,1512,118.65,50.55,203.2,45.13,1.31,0.0176,0.18,33.79,960,6.04,76,Normal
2023-03-04 06:00:00,M-101,73.69,13.29,1484,129.27,44.75,195.5,51.62,4.61,0.0324,2.53,70.2,658,16.27,5,Warning
2023-03-04 07:00:00,M-101,65.01,4.03,1520,122.64,49.82,204.98,45.12,1.09,0.0188,0.0,39.55,969,5.76,120,Normal
2023-03-04 08:00:00,M-105,69.04,5.53,1490,117.66,51.25,194.81,46.85,0.45,0.0171,0.51,20.36,948,4.24,52,Normal
2023-03-04 09:00:00,M-101,67.93,3.78,1511,117.15,49.52,199.99,45.41,1.0,0.0109,0.29,15.59,965,2.16,77,Normal
2023-03-04 10:00:00,M-104,66.45,6.49,1509,118.56,50.37,200.32,43.67,1.08,0.0193,0.44,39.89,947,6.87,43,Normal
2023-03-04 11:00:00,M-102,64.88,5.48,1496,120.88,49.08,195.95,43.68,1.45,0.0104,0.1,13.27,1012,1.63,125,Normal
2023-03-04 12:00:00,M-101,65.57,5.32,1488,116.65,49.41,201.98,44.27,0.93,0.0206,0.12,18.16,948,3.3,110,Normal
2023-03-04 13:00:00,M-104,62.72,4.33,1499,123.41,47.17,202.22,45.68,0.86,0.0083,0.0,25.44,1006,3.8,149,Normal
2023-03-04 14:00:00,M-102,66.71,6.13,1495,121.0,50.49,201.64,44.52,0.79,0.0125,0.4,28.07,918,3.89,55,Normal
2023-03-04 15:00:00,M-103,64.69,5.94,1488,120.85,50.32,201.63,44.65,0.91,0.0021,0.19,18.74,975,3.65,92,Normal
2023-03-04 16:00:00,M-101,64.8,3.77,1503,120.56,50.45,201.39,45.73,0.96,0.011,0.0,32.07,992,5.32,135,Normal
2023-03-04 17:00:00,M-101,60.83,3.83,1494,118.41,49.28,204.45,45.11,0.97,0.0089,0.0,21.65,991,3.13,156,Normal
2023-03-04 18:00:00,M-101,68.2,6.8,1479,121.09,50.86,202.71,44.34,0.95,0.0063,0.68,34.22,910,6.43,35,Normal
2023-03-04 19:00:00,M-105,78.97,25.61,1257,145.41,32.78,175.73,74.11,7.57,0.115,5.52,100.0,326,27.22,0,Failure
2023-03-04 20:00:00,M-104,64.39,5.46,1483,118.04,50.13,200.42,45.38,1.09,0.0117,0.09,37.9,992,5.76,90,Normal
2023-03-04 21:00:00,M-104,75.06,12.07,1441,121.88,38.53,196.07,54.46,3.96,0.0424,2.42,59.72,709,14.27,7,Warning
2023-03-04 22:00:00,M-103,66.58,5.99,1493,119.4,49.38,198.04,43.97,0.82,0.0122,0.36,35.93,959,5.81,52,Normal
2023-03-04 23:00:00,M-105,68.17,5.9,1495,119.79,50.89,200.4,46.4,1.11,0.0113,0.5,26.18,945,6.5,49,Normal
2023-03-05 00:00:00,M-103,66.96,4.36,1487,119.63,49.94,195.46,47.1,0.9,0.0042,0.2,28.17,974,5.03,80,Normal
2023-03-05 01:00:00,M-105,68.32,4.36,1504,120.31,50.57,197.71,45.63,1.17,0.0136,0.33,34.72,927,5.16,56,Normal
2023-03-05 02:00:00,M-105,65.5,4.57,1493,120.57,51.14,202.26,44.68,1.1,0.0082,0.05,23.15,1002,4.44,128,Normal
2023-03-05 03:00:00,M-103,65.95,3.39,1512,121.32,51.19,197.21,44.58,0.84,0.0206,0.09,20.51,978,2.79,115,Normal
2023-03-05 04:00:00,M-104,85.58,17.17,1321,156.92,34.26,171.95,80.09,4.62,0.2096,4.49,100.0,482,23.52,0,Failure
2023-03-05 05:00:00,M-102,65.53,6.09,1509,120.31,51.97,202.66,46.32,1.04,0.0081,0.27,17.79,986,3.58,78,Normal
2023-03-05 06:00:00,M-105,62.38,5.98,1492,121.57,48.85,205.16,45.32,0.84,0.0135,0.2,23.56,964,4.0,85,Normal
2023-03-05 07:00:00,M-102,65.39,4.84,1492,122.25,49.36,208.49,44.18,1.06,0.0103,0.04,32.29,993,5.26,117,Normal
2023-03-05 08:00:00,M-104,64.62,4.59,1493,116.32,49.99,193.57,44.97,1.42,0.0075,0.0,36.28,1003,5.52,127,Normal
2023-03-05 09:00:00,M-105,66.19,4.71,1502,116.59,49.11,191.59,45.73,0.73,0.0171,0.12,18.25,992,3.45,110,Normal
2023-03-05 10:00:00,M-101,89.64,19.81,1336,126.72,28.4,189.39,68.88,3.28,0.1151,5.43,100.0,330,24.3,0,Failure
2023-03-05 11:00:00,M-101,62.65,5.09,1504,117.63,50.47,204.73,42.67,1.32,0.0135,0.02,33.18,1016,4.5,124,Normal
2023-03-05 12:00:00,M-104,78.17,13.71,1453,129.12,48.63,187.01,56.11,2.2,0.0368,3.06,81.26,628,18.5,2,Warning
2023-03-05 13:00:00,M-103,66.12,5.15,1483,118.83,49.16,208.66,45.12,0.94,0.0072,0.14,40.28,980,6.7,76,Normal
2023-03-05 14:00:00,M-105,85.07,23.26,1346,139.59,32.57,159.97,68.34,9.85,0.1786,5.66,100.0,298,26.13,0,Failure
2023-03-05 15:00:00,M-104,63.73,4.44,1487,121.57,50.97,198.06,44.5,0.86,0.0077,0.0,32.5,985,4.8,134,Normal
2023-03-05 16:00:00,M-101,86.8,28.98,1340,148.91,25.17,176.65,78.61,0.98,0.1845,6.98,100.0,159,29.2,0,Failure
2023-03-05 17:00:00,M-102,62.04,4.19,1504,121.47,49.74,192.84,45.34,1.01,0.0047,0.0,28.91,960,4.62,142,Normal
2023-03-05 18:00:00,M-101,63.59,5.07,1489,123.2,51.41,197.33,46.78,1.0,0.0229,0.01,33.05,1001,5.77,126,Normal
2023-03-05 19:00:00,M-102,80.85,15.54,1393,128.82,42.92,199.37,54.08,4.75,0.052,3.69,92.42,556,21.06,1,Warning
2023-03-05 20:00:00,M-105,68.49,4.43,1480,115.64,48.82,204.08,44.37,1.09,0.0182,0.35,40.09,936,7.05,49,Normal
2023-03-05 21:00:00,M-103,66.78,4.13,1496,120.89,49.65,200.35,44.2,1.27,0.0147,0.18,23.45,1003,4.2,89,Normal
2023-03-05 22:00:00,M-101,64.0,4.46,1497,118.76,50.82,201.34,44.51,1.13,0.0086,0.0,39.13,993,5.21,121,Normal
2023-03-05 23:00:00,M-105,65.41,4.66,1511,119.45,50.46,200.57,42.52,0.71,0.0119,0.04,28.85,1001,4.37,122,Normal
2023-03-06 00:00:00,M-104,64.47,6.47,1475,122.24,50.79,202.28,41.66,1.26,0.0049,0.29,42.6,954,7.48,52,Normal
2023-03-06 01:00:00,M-105,63.77,5.91,1506,120.34,50.6,206.47,45.6,1.19,0.0056,0.18,22.13,989,3.93,89,Normal
2023-03-06 02:00:00,M-102,62.68,6.08,1497,123.37,48.48,208.82,44.64,0.92,0.011,0.22,38.69,960,7.07,65,Normal
2023-03-06 03:00:00,M-103,73.8,10.53,1427,127.37,40.81,184.81,51.37,3.72,0.0796,1.99,54.1,766,11.75,10,Warning
2023-03-06 04:00:00,M-104,64.67,5.34,1509,121.85,50.23,199.19,47.02,0.98,0.0078,0.07,28.59,979,4.42,112,Normal
2023-03-06 05:00:00,M-103,60.97,6.47,1486,119.62,50.0,195.19,46.85,0.86,0.0087,0.29,42.47,950,6.61,52,Normal
2023-03-06 06:00:00,M-103,63.9,4.92,1487,120.71,47.68,199.87,44.4,1.2,0.0188,0.0,23.0,993,3.76,153,Normal
2023-03-06 07:00:00,M-102,67.22,5.12,1473,120.14,50.2,204.48,44.96,0.85,0.0095,0.25,14.34,963,2.9,86,Normal
2023-03-06 08:00:00,M-105,65.77,4.12,1486,119.69,49.48,201.68,44.28,0.88,0.0153,0.08,26.48,993,4.17,112,Normal
2023-03-06 09:00:00,M-101,63.67,4.63,1502,121.12,51.5,191.87,45.26,1.04,0.0097,0.0,27.42,1007,4.0,145,Normal
2023-03-06 10:00:00,M-104,64.82,3.95,1498,121.2,49.59,203.04,46.16,1.05,0.0099,0.0,29.19,1016,4.13,141,Normal
2023-03-06 11:00:00,M-101,64.47,4.05,1488,120.08,50.11,201.12,44.97,0.98,0.004,0.0,31.51,990,4.81,136,Normal
2023-03-06 12:00:00,M-102,67.21,6.31,1482,120.95,48.69,208.79,45.44,0.84,0.0088,0.48,41.77,936,7.83,39,Normal
2023-03-06 13:00:00,M-104,67.91,3.19,1485,122.19,50.87,202.51,45.01,0.98,0.0127,0.29,29.72,968,5.69,64,Normal
2023-03-06 14:00:00,M-101,65.21,4.37,1501,120.49,49.48,202.21,43.75,0.87,0.0138,0.02,21.26,962,2.29,145,Normal
2023-03-06 15:00:00,M-103,82.45,10.42,1441,122.43,46.15,187.91,55.18,2.21,0.0596,2.83,75.42,644,17.01,3,Warning
2023-03-06 16:00:00,M-105,63.39,5.17,1501,122.35,48.39,199.62,44.24,1.17,0.0138,0.03,34.02,1006,4.83,116,Normal
2023-03-06 17:00:00,M-103,61.92,4.74,1473,119.64,48.75,215.57,46.06,1.01,0.0167,0.0,33.92,1014,4.51,132,Normal
2023-03-06 18:00:00,M-102,90.5,15.17,1279,137.6,43.59,179.59,84.24,6.06,0.1138,4.58,100.0,447,23.18,0,Failure
2023-03-06 19:00:00,M-104,66.14,4.02,1500,120.07,49.97,208.12,44.98,0.97,0.0066,0.11,21.49,969,3.65,107,Normal
2023-03-06 20:00:00,M-103,65.37,4.46,1502,122.21,47.47,202.46,44.54,1.09,0.0055,0.04,31.5,1019,4.52,119,Normal
2023-03-06 21:00:00,M-102,66.41,5.68,1506,118.82,49.42,200.66,44.75,1.18,0.0086,0.28,33.32,960,4.74,63,Normal
2023-03-06 22:00:00,M-104,75.28,15.16,1478,128.36,43.45,188.13,59.34,2.72,0.0516,3.06,73.73,624,17.09,3,Warning
2023-03-06 23:00:00,M-105,65.75,4.54,1482,122.64,49.2,206.37,45.7,1.06,0.0098,0.07,27.14,1005,3.75,112,Normal
2023-03-07 00:00:00,M-102,64.8,6.34,1508,121.47,47.99,204.65,44.87,0.91,0.0026,0.27,19.22,967,4.74,77,Normal
2023-03-07 01:00:00,M-101,76.03,13.48,1405,129.69,47.81,210.13,52.95,1.18,0.0345,2.8,81.88,648,17.5,2,Warning
2023-03-07 02:00:00,M-102,65.76,5.82,1504,119.76,49.84,204.68,45.46,1.01,0.0098,0.24,39.02,978,5.86,62,Normal
2023-03-07 03:00:00,M-101,69.18,10.64,1434,130.74,51.44,185.94,50.78,2.67,0.0708,1.55,53.23,809,11.4,13,Warning
2023-03-07 04:00:00,M-102,64.81,5.4,1488,122.06,50.51,191.95,44.96,1.08,0.007,0.08,30.5,960,4.27,105,Normal
2023-03-07 05:00:00,M-104,65.08,7.03,1489,119.98,49.12,201.99,42.94,0.79,0.0164,0.41,34.27,950,5.6,49,Normal
2023-03-07 06:00:00,M-101,63.81,3.85,1481,120.73,50.65,198.02,44.99,0.77,0.0107,0.0,31.52,1009,4.55,136,Normal
2023-03-07 07:00:00,M-103,74.8,15.88,1492,129.52,42.04,173.19,48.7,3.47,0.059,3.16,59.51,607,15.89,5,Warning
2023-03-07 08:00:00,M-101,67.67,3.88,1521,118.51,48.82,200.66,47.21,0.62,0.0093,0.27,43.41,977,6.25,54,Normal
2023-03-07 09:00:00,M-101,65.52,4.64,1496,119.2,49.96,201.3,44.97,1.23,0.0138,0.05,19.37,992,2.49,133,Normal
2023-03-07 10:00:00,M-104,84.27,8.74,1488,130.27,43.19,179.43,55.42,4.45,0.0422,2.68,72.73,677,16.3,4,Warning
2023-03-07 11:00:00,M-101,76.25,12.16,1484,129.51,51.51,195.58,58.03,3.01,0.0562,2.56,62.67,659,14.23,6,Warning
2023-03-07 12:00:00,M-103,61.64,5.98,1492,118.19,49.96,196.78,45.1,0.96,0.004,0.2,29.27,966,5.55,79,Normal
2023-03-07 13:00:00,M-104,64.91,5.51,1503,120.83,49.66,201.65,44.85,1.07,0.0091,0.1,41.33,982,5.67,83,Normal
2023-03-07 14:00:00,M-105,70.88,4.33,1493,121.39,49.4,198.54,43.91,1.1,0.0125,0.59,28.62,923,4.47,42,Normal
2023-03-07 15:00:00,M-104,67.59,4.8,1493,121.78,49.79,194.77,43.48,1.14,0.0138,0.26,38.53,960,6.96,60,Normal
2023-03-07 16:00:00,M-104,61.4,5.07,1489,118.55,49.7,198.31,45.14,1.14,0.0082,0.01,37.26,1006,5.24,118,Normal
2023-03-07 17:00:00,M-102,65.02,4.57,1491,119.84,49.81,196.17,44.22,1.16,0.0121,0.0,20.24,1018,2.9,158,Normal
2023-03-07 18:00:00,M-102,63.82,3.95,1484,122.63,48.86,203.74,44.0,1.26,0.021,0.0,30.59,966,4.9,138,Normal
2023-03-07 19:00:00,M-104,73.03,9.21,1473,123.98,44.5,179.99,55.37,1.08,0.0204,1.64,59.32,785,12.49,10,Warning
2023-03-07 20:00:00,M-101,63.77,3.09,1505,122.6,49.08,192.27,45.8,0.67,0.0161,0.0,27.39,981,3.89,145,Normal
2023-03-07 21:00:00,M-105,63.35,4.48,1486,122.86,53.38,196.38,45.59,0.97,0.0122,0.0,34.17,1021,4.55,131,Normal
2023-03-07 22:00:00,M-103,67.77,4.32,1502,120.85,50.7,205.64,44.28,0.98,0.0069,0.28,22.99,965,3.15,73,Normal
2023-03-07 23:00:00,M-105,66.55,5.94,1505,121.77,49.82,197.43,45.95,0.79,0.0045,0.34,25.05,967,4.66,63,Normal
2023-03-08 00:00:00,M-101,62.9,5.27,1500,119.99,49.48,197.1,43.92,1.1,0.0067,0.05,14.86,1012,1.92,140,Normal
2023-03-08 01:00:00,M-102,64.68,4.25,1486,120.76,50.46,208.5,44.57,0.62,0.0141,0.0,28.57,1018,4.86,142,Normal
2023-03-08 02:00:00,M-105,68.07,5.99,1509,119.39,49.16,198.24,43.34,1.27,0.0086,0.5,37.62,965,6.15,41,Normal
2023-03-08 03:00:00,M-105,63.67,6.5,1484,121.83,51.83,199.15,44.61,1.02,0.0044,0.3,36.84,1017,6.46,57,Normal
2023-03-08 04:00:00,M-104,64.32,4.2,1492,118.89,52.15,209.03,45.75,0.81,0.0145,0.0,25.61,995,3.21,148,Normal
2023-03-08 05:00:00,M-103,63.45,4.62,1497,119.89,49.98,203.37,43.24,0.68,0.0067,0.0,39.22,1017,5.56,121,Normal
2023-03-08 06:00:00,M-104,64.34,4.89,1514,120.54,50.57,201.37,45.23,1.06,0.0003,0.0,25.21,995,5.01,149,Normal
2023-03-08 07:00:00,M-105,65.09,5.53,1489,124.39,49.21,198.07,43.47,1.07,0.0086,0.12,12.96,955,2.14,119,Normal
2023-03-08 08:00:00,M-104,62.85,5.66,1500,120.55,50.96,193.59,45.81,0.89,0.0155,0.13,14.17,990,3.03,112,Normal
2023-03-08 09:00:00,M-101,63.37,3.9,1505,117.37,49.2,192.1,46.15,0.8,0.0067,0.0,38.88,974,5.64,122,Normal
2023-03-08 10:00:00,M-102,61.12,3.86,1506,117.46,49.66,209.73,44.95,1.07,0.0053,0.0,19.66,1043,2.91,160,Normal
2023-03-08 11:00:00,M-103,63.4,5.98,1502,118.79,49.46,196.27,45.83,0.91,0.004,0.2,31.48,995,4.98,76,Normal
2023-03-08 12:00:00,M-104,66.74,2.62,1497,117.8,50.14,197.91,45.59,1.0,0.0005,0.17,42.55,959,5.6,67,Normal
2023-03-08 13:00:00,M-105,87.89,15.87,1277,122.36,37.83,158.9,67.5,7.18,0.0515,4.46,100.0,465,21.08,0,Failure
2023-03-08 14:00:00,M-102,64.24,5.17,1508,121.68,51.29,204.19,45.24,0.91,0.0081,0.03,38.79,978,6.14,107,Normal
2023-03-08 15:00:00,M-102,65.01,4.95,1491,120.34,49.42,204.35,44.16,1.05,0.0087,0.0,13.32,1005,1.97,172,Normal
2023-03-08 16:00:00,M-101,65.52,4.59,1511,118.05,49.81,192.98,44.65,0.66,0.0137,0.05,26.26,1009,3.97,121,Normal
2023-03-08 17:00:00,M-102,65.52,5.6,1486,119.03,50.13,192.02,46.37,1.15,0.013,0.17,20.06,1005,3.72,94,Normal
2023-03-08 18:00:00,M-104,66.04,4.96,1490,118.55,50.29,192.88,45.13,1.11,0.0149,0.1,30.31,959,4.19,98,Normal
2023-03-08 19:00:00,M-102,65.64,3.99,1519,120.06,49.63,197.23,45.33,1.1,0.0018,0.06,29.42,1020,4.78,112,Normal
2023-03-08 20:00:00,M-105,66.6,5.18,1484,119.48,49.66,194.33,43.51,1.1,0.0116,0.2,35.78,953,6.18,72,Normal
2023-03-08 21:00:00,M-103,67.77,12.1,1438,132.46,52.22,170.88,56.2,5.2,0.0398,1.7,61.18,799,12.91,9,Warning
2023-03-08 22:00:00,M-101,65.12,6.13,1512,117.23,49.18,199.47,45.1,0.95,0.0122,0.24,30.65,991,4.78,71,Normal
2023-03-08 23:00:00,M-103,81.88,17.63,1426,126.64,45.14,188.4,60.13,2.14,0.0549,4.21,89.56,479,21.92,1,Warning
2023-03-09 00:00:00,M-105,67.09,5.15,1490,121.68,50.18,204.76,43.85,1.07,0.0139,0.24,28.25,962,4.95,73,Normal
2023-03-09 01:00:00,M-102,71.19,8.56,1479,124.22,43.95,186.48,51.28,3.31,0.0475,1.33,44.01,827,10.3,17,Warning
2023-03-09 02:00:00,M-104,62.12,4.52,1505,115.32,51.59,200.85,46.36,0.82,0.0125,0.0,21.56,1001,3.94,156,Normal
2023-03-09 03:00:00,M-102,67.5,5.15,1490,118.47,48.15,203.94,45.21,1.06,0.0099,0.28,19.9,943,3.7,75,Normal
2023-03-09 04:00:00,M-101,64.83,5.04,1488,119.87,51.57,197.9,43.76,0.97,0.0064,0.01,12.21,972,2.74,169,Normal
2023-03-09 05:00:00,M-105,67.81,4.86,1493,116.48,49.09,190.13,45.74,1.27,0.0081,0.28,29.38,973,4.43,66,Normal
2023-03-09 06:00:00,M-105,67.17,4.07,1488,125.41,51.06,202.95,45.07,1.05,0.0026,0.22,16.09,977,3.68,89,Normal
2023-03-09 07:00:00,M-103,75.86,17.23,1423,115.84,43.61,183.31,50.52,4.3,0.0233,3.53,75.87,587,19.45,3,Warning
2023-03-09 08:00:00,M-102,73.86,8.65,1458,131.02,44.03,191.19,51.53,3.76,0.0301,1.62,57.51,793,12.46,11,Warning
2023-03-09 09:00:00,M-103,68.18,3.84,1507,124.12,49.14,206.0,45.56,1.19,0.0062,0.32,28.44,999,4.57,63,Normal
2023-03-09 10:00:00,M-103,66.57,6.8,1495,120.81,49.03,204.22,45.9,1.48,0.0124,0.52,42.7,952,7.73,37,Normal
2023-03-09 11:00:00,M-102,62.6,6.16,1502,119.05,49.87,201.81,45.18,1.12,0.0183,0.23,39.24,951,6.73,62,Normal
2023-03-09 12:00:00,M-102,69.17,2.71,1507,121.43,50.54,200.88,45.55,1.17,0.0064,0.42,24.4,955,3.93,56,Normal
2023-03-09 13:00:00,M-105,74.22,11.75,1445,132.46,46.55,189.48,56.04,3.83,0.034,2.27,60.09,746,13.25,7,Warning
2023-03-09 14:00:00,M-101,63.67,5.87,1528,120.71,50.86,203.47,43.58,1.12,0.0115,0.17,34.38,973,5.76,77,Normal
2023-03-09 15:00:00,M-104,62.42,3.8,1498,116.42,50.26,199.63,44.09,0.89,0.0105,0.0,10.92,970,1.34,178,Normal
2023-03-09 16:00:00,M-103,66.0,4.48,1488,119.61,49.7,197.04,44.46,1.24,0.0084,0.1,28.16,965,4.47,102,Normal
2023-03-09 17:00:00,M-102,83.46,27.99,1349,133.25,40.98,134.99,73.06,8.4,0.2343,6.44,100.0,231,27.56,0,Failure
2023-03-09 18:00:00,M-104,66.81,4.69,1496,120.69,49.87,204.45,45.83,1.12,-0.0026,0.18,40.18,980,6.01,69,Normal
2023-03-09 19:00:00,M-104,63.32,5.95,1496,119.19,50.61,200.4,45.39,0.94,0.0082,0.19,41.93,962,7.03,65,Normal
2023-03-09 20:00:00,M-102,67.83,6.0,1502,119.57,50.85,201.96,45.24,1.21,0.0171,0.48,26.42,916,4.89,50,Normal
2023-03-09 21:00:00,M-105,61.79,4.91,1484,122.22,49.48,194.79,45.66,0.99,0.0126,0.0,29.82,997,5.05,140,Normal
2023-03-09 22:00:00,M-105,69.0,4.03,1505,118.71,51.12,197.61,45.29,0.87,0.0147,0.4,28.06,938,5.26,55,Normal
2023-03-09 23:00:00,M-102,65.39,5.66,1512,119.9,48.12,206.0,44.73,1.51,0.007,0.17,33.59,971,5.75,78,Normal
2023-03-10 00:00:00,M-102,64.35,5.4,1498,119.51,48.8,189.59,45.82,1.05,0.0145,0.08,13.99,981,2.26,130,Normal
2023-03-10 01:00:00,M-103,63.82,4.85,1493,119.49,50.39,194.82,46.08,1.01,0.0071,0.0,28.52,993,4.86,142,Normal
2023-03-10 02:00:00,M-101,75.52,12.54,1468,125.93,50.05,190.1,51.74,2.98,0.0437,2.56,63.93,748,13.72,6,Warning
2023-03-10 03:00:00,M-105,60.85,7.74,1521,120.29,50.43,201.25,43.23,1.29,0.0166,0.55,19.23,909,4.14,50,Normal
2023-03-10 04:00:00,M-105,63.34,3.14,1506,119.5,48.63,199.61,45.73,0.97,0.0061,0.0,19.09,995,2.18,161,Normal
2023-03-10 05:00:00,M-105,64.98,6.25,1498,119.0,49.24,191.38,46.18,1.1,0.0138,0.25,17.13,975,2.66,83,Normal
2023-03-10 06:00:00,M-105,63.54,4.44,1504,117.72,48.74,201.24,44.97,1.03,0.0116,0.0,27.16,1001,4.03,145,Normal
2023-03-10 07:00:00,M-105,66.25,5.0,1471,118.08,51.43,202.6,42.15,0.7,0.0136,0.13,32.49,973,3.77,89,Normal
2023-03-10 08:00:00,M-104,66.49,5.86,1495,121.34,49.4,195.05,46.16,0.97,0.0126,0.32,22.96,969,3.29,67,Normal
2023-03-10 09:00:00,M-101,66.37,5.33,1493,120.83,49.12,205.53,45.53,1.07,0.0077,0.2,25.69,991,4.86,82,Normal
2023-03-10 10:00:00,M-103,66.85,5.95,1512,121.07,48.97,199.31,43.35,1.08,0.0092,0.38,27.12,954,4.91,58,Normal
2023-03-10 11:00:00,M-101,80.45,11.95,1441,129.0,39.44,195.47,54.55,3.08,0.046,2.93,55.33,650,13.51,7,Warning
2023-03-10 12:00:00,M-103,62.85,5.0,1529,123.69,50.05,200.8,44.02,0.84,0.0118,0.0,30.72,989,4.38,138,Normal
2023-03-10 13:00:00,M-103,65.22,5.68,1512,120.18,50.47,195.43,43.49,1.11,0.006,0.16,17.14,962,3.21,101,Normal
2023-03-10 14:00:00,M-101,63.6,3.8,1493,116.77,50.68,201.97,45.56,0.81,0.004,0.0,11.33,1001,2.23,177,Normal
2023-03-10 15:00:00,M-101,66.82,6.97,1495,124.39,50.65,208.45,45.99,0.87,0.0058,0.58,41.87,894,6.43,35,Normal
2023-03-10 16:00:00,M-101,62.89,4.59,1492,118.61,49.78,208.65,44.33,1.33,0.0142,0.0,25.24,1007,3.9,149,Normal
2023-03-10 17:00:00,M-104,92.47,18.08,1235,131.01,41.27,183.52,68.67,7.6,0.2035,5.36,100.0,352,24.85,0,Failure
2023-03-10 18:00:00,M-104,63.47,4.72,1481,120.81,48.73,205.66,44.38,0.98,0.01,0.0,10.73,1004,2.15,178,Normal
2023-03-10 19:00:00,M-104,65.24,5.74,1510,120.78,49.1,202.02,46.49,0.94,0.0128,0.17,31.34,989,4.86,81,Normal
2023-03-10 20:00:00,M-104,70.57,5.98,1488,118.47,52.28,198.93,45.05,0.81,0.0178,0.75,28.35,919,6.05,35,Normal
2023-03-10 21:00:00,M-104,61.55,4.68,1498,120.24,49.97,200.74,44.06,0.93,0.0087,0.0,13.2,1023,1.63,173,Normal
2023-03-10 22:00:00,M-105,65.17,5.42,1508,122.61,50.29,194.65,44.73,0.8,0.0185,0.1,15.09,1027,2.27,120,Normal
2023-03-10 23:00:00,M-102,65.43,4.92,1483,121.24,48.67,201.03,44.55,1.48,0.0094,0.04,24.49,1001,4.04,128,Normal
2023-03-11 00:00:00,M-101,64.94,5.33,1500,119.19,50.04,190.19,43.45,1.07,0.0178,0.07,18.99,999,2.26,128,Normal
2023-03-11 01:00:00,M-101,63.54,5.57,1508,119.78,50.12,200.6,43.77,0.99,0.0112,0.11,23.13,984,2.73,105,Normal
2023-03-11 02:00:00,M-103,68.04,5.73,1502,118.53,51.0,199.4,46.57,0.8,0.0063,0.45,28.03,929,4.57,51,Normal
2023-03-11 03:00:00,M-101,63.3,5.11,1528,125.47,49.68,204.8,43.75,0.58,0.0102,0.02,22.14,1008,3.76,142,Normal
2023-03-11 04:00:00,M-102,69.1,12.57,1446,128.28,46.06,191.52,56.37,3.14,0.0584,1.92,53.94,770,11.56,10,Warning
2023-03-11 05:00:00,M-102,62.61,7.06,1501,121.88,50.21,205.25,45.08,1.12,0.0045,0.41,28.74,915,4.9,53,Normal
2023-03-11 06:00:00,M-105,78.44,11.66,1440,127.27,50.62,192.84,56.65,3.16,0.0554,2.68,56.57,706,14.76,7,Warning
2023-03-11 07:00:00,M-101,64.06,5.61,1523,116.65,48.98,202.82,47.17,0.86,0.0222,0.12,15.1,987,1.53,114,Normal
2023-03-11 08:00:00,M-105,74.52,9.79,1423,134.59,39.91,193.82,57.39,2.78,0.051,1.91,45.78,794,10.97,12,Warning
2023-03-11 09:00:00,M-101,63.91,3.56,1487,120.74,50.11,201.94,46.56,1.12,0.012,0.0,26.12,1047,3.78,147,Normal
2023-03-11 10:00:00,M-102,66.92,5.15,1488,118.84,48.56,198.92,45.93,1.0,0.0151,0.22,18.32,980,3.3,86,Normal
2023-03-11 11:00:00,M-104,66.69,5.09,1496,121.6,50.16,189.32,44.65,0.9,0.0107,0.19,24.11,978,3.02,86,Normal
2023-03-11 12:00:00,M-101,66.79,4.48,1510,120.12,49.84,203.78,44.47,0.94,0.0134,0.18,29.51,977,4.41,82,Normal
2023-03-11 13:00:00,M-102,65.66,4.89,1488,119.72,50.46,207.07,46.64,0.89,0.0069,0.07,26.84,992,3.89,115,Normal
2023-03-11 14:00:00,M-105,66.53,5.07,1490,121.81,50.21,202.69,46.73,0.84,0.0054,0.17,34.06,975,5.72,79,Normal
2023-03-11 15:00:00,M-105,66.57,6.72,1486,119.72,51.38,203.73,45.49,1.3,0.0091,0.5,33.3,891,5.81,44,Normal
2023-03-11 16:00:00,M-103,67.36,5.91,1509,116.18,49.34,197.06,44.16,1.35,0.0099,0.42,40.47,949,6.89,44,Normal
2023-03-11 17:00:00,M-101,67.88,7.52,1491,120.28,48.49,199.93,44.71,1.25,0.0041,0.79,22.11,878,5.66,37,Normal
2023-03-11 18:00:00,M-105,66.44,3.66,1512,121.45,49.88,189.87,45.95,0.88,0.0117,0.14,26.48,984,4.62,93,Normal
2023-03-11 19:00:00,M-104,66.47,6.45,1499,118.87,49.64,203.2,44.89,1.46,0.0101,0.44,28.27,928,5.28,52,Normal
2023-03-11 20:00:00,M-103,64.36,3.82,1497,119.32,50.73,188.97,44.27,0.85,0.0159,0.0,17.74,977,2.77,164,Normal
2023-03-11 21:00:00,M-101,66.05,5.68,1524,117.95,49.11,208.41,45.65,1.01,0.0076,0.24,32.31,966,5.22,68,Normal
2023-03-11 22:00:00,M-105,63.85,3.16,1513,117.4,50.54,199.83,46.29,0.84,0.0103,0.0,26.58,966,3.82,146,Normal
2023-03-11 23:00:00,M-101,60.94,5.69,1490,118.49,50.93,197.63,44.91,1.15,0.0065,0.14,19.8,957,3.48,103,Normal
2023-03-12 00:00:00,M-102,63.95,5.57,1512,117.52,48.5,211.7,44.82,1.05,0.0065,0.11,30.19,996,4.7,95,Normal
2023-03-12 01:00:00,M-101,67.15,5.81,1505,120.83,49.26,200.71,45.78,0.95,0.009,0.38,31.07,945,5.27,54,Normal
2023-03-12 02:00:00,M-101,62.73,2.38,1517,121.11,49.88,196.66,42.12,0.85,0.0136,0.0,28.22,1018,4.17,143,Normal
2023-03-12 03:00:00,M-104,66.38,4.53,1511,119.0,50.7,204.98,43.82,0.87,0.0065,0.14,38.75,1005,5.5,78,Normal
2023-03-12 04:00:00,M-103,66.93,5.51,1492,120.15,50.13,195.4,43.9,0.86,0.0202,0.3,25.98,956,4.8,67,Normal
2023-03-12 05:00:00,M-105,66.6,5.96,1486,120.49,51.1,197.99,46.36,0.88,0.0106,0.35,20.86,965,4.21,65,Normal
2023-03-12 06:00:00,M-103,69.04,10.04,1390,137.79,44.31,207.34,57.41,3.45,0.0383,1.41,44.28,809,9.41,16,Warning
2023-03-12 07:00:00,M-103,65.75,6.54,1488,121.16,49.9,200.17,45.97,0.9,0.0108,0.38,26.51,975,5.26,58,Normal
2023-03-12 08:00:00,M-101,68.75,4.11,1499,119.1,49.58,205.93,43.69,1.09,0.0136,0.37,32.61,952,5.56,53,Normal
2023-03-12 09:00:00,M-104,64.05,3.64,1516,119.96,49.55,207.81,44.65,0.82,0.0064,0.0,27.97,982,3.66,144,Normal
2023-03-12 10:00:00,M-103,60.86,4.64,1485,117.18,50.57,204.38,45.79,1.22,0.0162,0.0,17.6,957,2.98,164,Normal
2023-03-12 11:00:00,M-102,66.64,4.7,1487,123.0,49.55,207.65,45.37,0.9,0.012,0.16,22.02,1003,3.67,94,Normal
2023-03-12 12:00:00,M-101,67.65,4.67,1497,119.68,50.27,197.09,42.11,1.24,0.019,0.27,27.55,955,4.29,70,Normal
2023-03-12 13:00:00,M-103,74.49,18.45,1462,134.3,43.07,199.43,58.99,3.5,0.0483,3.64,73.87,574,17.55,3,Warning
2023-03-12 14:00:00,M-104,75.45,18.05,1378,151.65,32.27,162.22,70.5,8.03,0.2126,3.65,100.0,552,19.02,0,Failure
2023-03-12 15:00:00,M-105,63.69,6.03,1497,117.52,50.56,192.04,46.44,1.04,0.0056,0.21,32.21,998,5.83,74,Normal
2023-03-12 16:00:00,M-101,89.41,12.12,1492,135.06,47.99,204.19,53.74,2.5,0.0564,3.87,90.77,532,20.54,1,Warning
2023-03-12 17:00:00,M-105,65.69,4.75,1513,122.33,49.14,206.56,45.54,0.96,0.0074,0.07,26.11,968,3.44,115,Normal
2023-03-12 18:00:00,M-105,64.11,3.26,1513,118.46,51.65,205.57,44.35,0.79,0.009,0.0,28.08,997,4.17,143,Normal
2023-03-12 19:00:00,M-104,65.14,6.16,1513,118.8,49.73,204.02,44.82,1.14,0.0145,0.25,27.18,990,4.61,73,Normal
2023-03-12 20:00:00,M-102,65.46,4.76,1498,119.88,50.28,195.2,43.53,1.13,0.0145,0.05,38.3,1009,6.54,104,Normal
2023-03-12 21:00:00,M-101,65.85,4.18,1508,119.56,48.05,195.1,44.93,0.98,0.0047,0.09,27.67,1004,4.58,107,Normal
2023-03-12 22:00:00,M-101,60.31,4.49,1496,119.33,49.83,207.24,45.67,1.19,0.0102,0.0,23.32,972,4.14,153,Normal
2023-03-12 23:00:00,M-105,65.77,10.79,1400,130.07,51.73,191.83,54.34,0.18,0.0279,1.23,55.0,849,10.77,15,Warning
2023-03-13 00:00:00,M-105,66.6,5.36,1500,120.41,49.31,198.47,44.42,1.18,0.0095,0.23,27.5,946,6.17,75,Normal
2023-03-13 01:00:00,M-104,63.67,6.47,1499,118.88,50.66,200.4,44.82,0.99,0.012,0.29,23.03,950,3.8,70,Normal
2023-03-13 02:00:00,M-102,81.0,12.96,1236,151.99,34.29,162.4,69.97,9.33,0.1502,3.19,100.0,627,16.61,0,Failure
2023-03-13 03:00:00,M-102,63.09,7.32,1508,121.64,50.93,188.33,45.7,1.46,0.0138,0.46,27.03,939,4.43,51,Normal
2023-03-13 04:00:00,M-104,63.6,4.74,1497,119.42,50.83,198.67,44.62,0.73,0.0151,0.0,11.5,986,1.44,176,Normal
2023-03-13 05:00:00,M-104,63.79,5.02,1501,119.15,49.33,199.9,46.44,0.71,0.0157,0.0,19.29,966,3.08,159,Normal
2023-03-13 06:00:00,M-102,71.18,13.25,1481,131.72,44.32,184.95,58.34,5.07,0.0527,2.27,72.09,746,15.6,5,Warning
2023-03-13 07:00:00,M-103,63.9,3.91,1514,121.0,49.51,191.73,46.22,1.25,0.0089,0.0,37.34,986,5.47,125,Normal
2023-03-13 08:00:00,M-101,61.83,3.82,1501,119.77,50.59,193.86,44.68,1.24,0.004,0.0,30.87,1029,4.43,138,Normal
2023-03-13 09:00:00,M-105,65.77,6.18,1496,120.79,49.68,188.52,44.96,0.75,0.0164,0.31,23.99,988,3.81,67,Normal
2023-03-13 10:00:00,M-103,77.24,10.36,1449,137.02,50.72,192.08,47.02,3.3,0.0687,2.3,65.07,728,14.18,6,Warning
2023-03-13 11:00:00,M-105,66.59,5.71,1495,123.1,49.22,202.19,44.4,0.66,0.0118,0.3,14.86,1002,2.8,77,Normal
2023-03-13 12:00:00,M-101,66.29,7.14,1507,118.42,48.92,195.24,47.0,0.93,0.0067,0.56,41.11,929,8.18,36,Normal
2023-03-13 13:00:00,M-105,64.1,5.9,1495,121.36,50.05,200.14,44.17,1.11,0.017,0.18,27.26,957,4.03,84,Normal
2023-03-13 14:00:00,M-104,68.1,5.25,1488,115.86,47.67,203.85,44.38,0.91,0.0124,0.36,32.78,946,5.85,55,Normal
2023-03-13 15:00:00,M-102,64.97,5.55,1507,121.16,49.33,202.12,42.88,1.31,0.0177,0.11,13.69,1004,2.9,120,Normal
2023-03-13 16:00:00,M-105,69.03,4.48,1489,117.73,49.78,194.98,46.67,1.04,0.0149,0.4,17.21,945,3.17,63,Normal
2023-03-13 17:00:00,M-101,71.55,14.86,1437,130.92,44.37,190.0,59.59,3.57,0.0256,2.63,68.22,677,15.28,5,Warning
2023-03-13 18:00:00,M-105,66.94,7.34,1508,119.67,49.68,198.95,44.24,1.05,0.0043,0.66,36.35,882,6.3,34,Normal
2023-03-13 19:00:00,M-103,73.71,16.49,1471,121.81,44.65,195.77,61.68,2.66,0.0263,3.17,83.02,626,18.77,2,Warning
2023-03-13 20:00:00,M-103,77.13,12.96,1463,131.32,44.8,184.7,56.55,4.53,0.04,2.81,61.62,642,14.44,6,Warning
2023-03-13 21:00:00,M-103,62.5,6.17,1500,121.41,50.51,198.95,45.96,0.9,0.0092,0.23,41.97,957,7.46,59,Normal
2023-03-13 22:00:00,M-104,67.53,4.68,1490,117.87,50.74,200.15,45.63,1.12,-0.0001,0.25,19.55,946,3.01,79,Normal
2023-03-13 23:00:00,M-104,67.06,3.97,1481,120.86,49.86,205.2,45.81,0.99,0.0028,0.21,36.53,951,5.01,69,Normal
2023-03-14 00:00:00,M-103,67.28,4.69,1501,117.73,48.9,203.63,45.88,1.01,0.0039,0.23,32.25,973,5.11,70,Normal
2023-03-14 01:00:00,M-105,65.15,4.59,1493,115.71,49.23,201.26,45.88,1.02,0.0153,0.01,34.88,996,4.82,123,Normal
2023-03-14 02:00:00,M-104,62.93,3.41,1492,119.18,50.82,194.4,46.55,0.73,0.0217,0.0,17.46,1034,2.4,165,Normal
2023-03-14 03:00:00,M-103,65.04,6.85,1482,118.85,49.25,197.15,42.89,1.26,0.0166,0.37,42.23,966,6.41,46,Normal
2023-03-14 04:00:00,M-101,65.45,5.06,1498,118.18,49.94,201.21,45.4,1.04,0.0088,0.06,11.69,992,2.03,143,Normal
2023-03-14 05:00:00,M-103,77.24,13.6,1465,128.18,42.91,191.1,59.53,2.98,0.062,2.94,82.45,648,19.27,2,Warning
2023-03-14 06:00:00,M-101,62.22,4.48,1508,119.13,47.78,199.84,43.91,1.03,0.0178,0.0,34.8,1015,5.14,130,Normal
2023-03-14 07:00:00,M-103,66.45,4.74,1501,117.12,49.74,204.62,43.67,1.16,-0.0001,0.15,14.4,958,2.29,108,Normal
2023-03-14 08:00:00,M-104,79.98,13.5,1416,122.09,43.35,195.0,55.01,1.96,0.073,3.2,79.39,649,18.25,2,Warning
2023-03-14 09:00:00,M-101,81.76,25.9,1260,141.91,38.29,166.39,68.03,6.38,0.1157,5.86,100.0,306,26.73,0,Failure
2023-03-14 10:00:00,M-102,63.86,4.52,1495,119.04,50.01,200.65,42.9,1.13,0.0086,0.0,19.87,1038,3.13,160,Normal
2023-03-14 11:00:00,M-104,64.68,4.47,1482,118.66,49.76,197.52,44.5,0.84,0.0183,0.0,15.76,1014,2.84,168,Normal
2023-03-14 12:00:00,M-103,68.22,5.42,1512,123.35,49.08,204.69,43.48,1.08,0.0096,0.4,35.36,976,6.21,49,Normal
2023-03-14 13:00:00,M-104,65.29,4.31,1504,120.68,51.02,203.6,45.19,0.84,0.0061,0.03,23.85,1029,3.68,136,Normal
2023-03-14 14:00:00,M-101,63.5,7.11,1511,120.8,50.56,195.41,44.73,1.29,0.0069,0.42,27.06,970,4.9,54,Normal
2023-03-14 15:00:00,M-102,66.55,15.0,1472,138.1,41.8,182.25,58.16,4.13,0.077,2.16,71.57,764,15.16,5,Warning
2023-03-14 16:00:00,M-104,66.51,3.49,1497,118.14,50.57,204.62,45.1,0.95,0.0103,0.15,18.99,986,3.21,101,Normal
2023-03-14 17:00:00,M-105,74.86,12.99,1405,137.0,43.44,187.0,57.6,3.61,0.09,2.58,64.9,670,14.43,6,Warning
2023-03-14 18:00:00,M-101,65.72,4.6,1491,119.33,47.56,197.04,44.3,1.11,0.0092,0.07,25.3,1004,3.12,116,Normal
2023-03-14 19:00:00,M-102,63.82,4.69,1507,117.01,50.45,203.12,45.68,1.21,0.0042,0.0,28.02,1010,5.09,143,Normal
2023-03-14 20:00:00,M-105,63.41,5.14,1496,124.06,51.1,199.06,45.88,0.75,0.0113,0.03,39.96,977,6.44,107,Normal
2023-03-14 21:00:00,M-105,73.12,15.29,1413,128.48,45.96,174.65,53.49,3.71,0.0415,2.87,71.15,619,15.97,4,Warning
2023-03-14 22:00:00,M-101,63.61,4.28,1474,121.13,49.75,199.43,46.35,1.02,0.0078,0.0,27.99,1011,4.06,144,Normal
2023-03-14 23:00:00,M-102,79.3,9.98,1425,127.56,43.46,190.97,53.26,0.98,0.0737,2.43,51.51,718,12.66,9,Warning
2023-03-15 00:00:00,M-102,62.16,3.81,1501,114.38,49.41,207.04,45.98,0.9,0.0078,0.0,19.44,1011,2.63,161,Normal
2023-03-15 01:00:00,M-101,67.28,10.57,1436,137.63,43.65,192.02,59.79,1.93,0.0375,1.34,35.46,828,7.17,20,Warning
2023-03-15 02:00:00,M-102,68.15,4.49,1489,121.3,50.17,189.4,45.66,1.43,-0.003,0.32,29.68,937,5.81,62,Normal
2023-03-15 03:00:00,M-104,60.38,5.29,1508,121.36,51.56,205.09,46.86,0.98,0.0079,0.06,34.9,986,6.04,105,Normal
2023-03-15 04:00:00,M-101,63.14,4.13,1506,117.19,49.8,206.64,45.29,0.99,0.0098,0.0,22.25,979,3.2,155,Normal
2023-03-15 05:00:00,M-102,64.05,6.21,1504,124.93,50.53,202.76,45.27,0.95,0.0068,0.24,42.0,966,6.69,59,Normal
2023-03-15 06:00:00,M-105,62.32,4.71,1507,122.83,49.75,196.75,45.32,0.79,0.0091,0.0,39.27,999,5.25,121,Normal
2023-03-15 07:00:00,M-104,63.41,4.44,1495,122.0,49.75,193.38,46.43,1.05,0.0121,0.0,37.67,1013,5.03,124,Normal
2023-03-15 08:00:00,M-103,68.49,4.97,1497,119.2,48.44,203.31,44.89,1.1,0.0192,0.35,30.96,950,5.0,57,Normal
2023-03-15 09:00:00,M-103,64.61,6.01,1502,118.05,51.53,200.99,44.77,0.97,0.013,0.2,28.11,963,5.41,79,Normal
2023-03-15 10:00:00,M-101,62.04,5.16,1512,117.28,50.07,198.12,45.95,0.76,0.0122,0.03,29.84,983,5.09,124,Normal
2023-03-15 11:00:00,M-104,68.31,5.82,1501,119.05,49.88,208.15,44.8,1.0,0.0174,0.49,45.38,936,7.4,36,Normal
2023-03-15 12:00:00,M-105,63.54,3.91,1508,121.81,49.79,203.83,42.03,1.27,0.0092,0.0,33.76,1002,4.87,132,Normal
2023-03-15 13:00:00,M-102,74.78,12.51,1437,134.71,44.02,182.16,56.79,4.88,0.0266,2.48,71.47,699,16.22,5,Warning
2023-03-15 14:00:00,M-102,64.16,6.39,1519,120.02,49.25,204.05,44.75,1.12,0.0087,0.28,36.26,997,5.75,60,Normal
2023-03-15 15:00:00,M-103,63.56,6.05,1489,121.26,49.19,199.78,43.48,1.16,0.0092,0.21,26.92,986,4.37,79,Normal
2023-03-15 16:00:00,M-105,62.84,5.26,1509,117.05,52.51,205.95,45.0,0.83,0.0091,0.05,33.59,995,5.74,109,Normal
2023-03-15 17:00:00,M-101,65.55,5.56,1495,119.61,49.17,201.52,44.76,1.07,0.0051,0.17,41.08,988,6.58,70,Normal
2023-03-15 18:00:00,M-102,65.42,2.76,1525,119.96,49.69,197.39,45.38,1.08,0.0148,0.04,30.79,976,3.99,118,Normal
2023-03-15 19:00:00,M-105,74.49,12.99,1471,132.63,42.45,194.12,55.96,3.32,0.0281,2.55,62.46,675,15.37,6,Warning
2023-03-15 20:00:00,M-102,65.59,5.8,1489,119.98,49.74,200.52,44.46,1.26,0.0107,0.22,21.69,956,4.32,83,Normal
2023-03-15 21:00:00,M-103,67.54,4.3,1477,120.68,51.32,191.98,44.63,1.07,0.0058,0.25,23.37,934,3.64,76,Normal
2023-03-15 22:00:00,M-103,68.87,4.37,1506,120.33,47.22,208.96,45.68,0.85,0.0099,0.39,28.45,930,5.36,56,Normal
2023-03-15 23:00:00,M-104,75.95,14.35,1432,115.88,48.3,196.07,59.71,3.07,0.0583,2.97,78.73,690,16.81,3,Warning
2023-03-16 00:00:00,M-104,68.16,6.21,1500,120.65,51.51,195.27,46.67,0.95,0.0176,0.56,31.91,932,5.83,42,Normal
2023-03-16 01:00:00,M-104,63.29,2.92,1505,121.54,48.85,207.38,43.62,1.14,0.0138,0.0,23.49,1021,2.54,153,Normal
2023-03-16 02:00:00,M-105,72.26,11.21,1437,124.63,50.78,196.31,58.65,1.78,0.0536,1.97,44.29,774,11.19,12,Warning
2023-03-16 03:00:00,M-104,69.64,4.65,1508,123.71,48.55,209.0,45.2,1.01,0.0073,0.46,36.8,937,6.08,44,Normal
2023-03-16 04:00:00,M-101,64.04,4.14,1509,122.65,50.16,195.79,44.56,0.87,0.0051,0.0,39.81,997,6.21,120,Normal
2023-03-16 05:00:00,M-103,63.88,6.03,1498,118.58,49.97,206.21,46.84,1.12,0.0071,0.21,15.44,976,2.68,92,Normal
2023-03-16 06:00:00,M-105,66.7,4.05,1500,116.38,51.53,193.2,44.49,1.27,0.0088,0.17,35.7,955,5.35,76,Normal
2023-03-16 07:00:00,M-103,66.44,4.72,1505,119.93,49.2,196.53,43.31,0.78,0.0131,0.14,31.48,1006,4.71,86,Normal
2023-03-16 08:00:00,M-104,67.36,3.75,1504,122.87,50.51,202.39,44.53,1.04,0.0162,0.24,25.23,978,4.45,76,Normal
2023-03-16 09:00:00,M-103,62.38,6.71,1511,123.32,51.13,195.36,45.33,1.12,0.0033,0.34,33.06,935,6.01,56,Normal
2023-03-16 10:00:00,M-103,61.62,5.24,1508,119.84,51.91,194.59,43.79,0.87,0.0065,0.05,18.12,1004,1.88,137,Normal
2023-03-16 11:00:00,M-103,63.48,3.23,1509,122.03,49.7,201.02,46.07,1.16,0.02,0.0,13.33,1005,2.73,173,Normal
2023-03-16 12:00:00,M-105,66.18,5.7,1495,120.98,49.07,194.78,43.88,1.0,0.0041,0.26,21.83,960,4.18,76,Normal
2023-03-16 13:00:00,M-101,76.79,12.16,1438,135.17,47.7,189.11,59.06,2.81,0.0541,2.61,73.08,675,15.99,4,Warning
2023-03-16 14:00:00,M-105,63.86,4.55,1493,120.4,48.59,201.52,45.68,0.88,0.0196,0.0,23.58,1000,3.01,152,Normal
2023-03-16 15:00:00,M-103,65.38,3.3,1490,119.57,50.27,206.2,44.3,1.08,0.0033,0.04,31.76,1015,5.49,118,Normal
2023-03-16 16:00:00,M-101,66.67,4.66,1501,119.16,49.78,200.34,45.71,1.08,0.0092,0.17,38.24,981,5.7,74,Normal
2023-03-16 17:00:00,M-103,67.85,4.76,1479,119.22,50.58,200.41,43.06,1.04,0.0106,0.28,23.52,946,4.38,71,Normal
2023-03-16 18:00:00,M-104,69.91,4.7,1498,121.36,51.6,197.28,44.0,0.75,0.018,0.49,20.56,920,2.63,53,Normal
2023-03-16 19:00:00,M-101,63.89,4.31,1490,120.37,48.53,206.01,45.91,1.27,0.0074,0.0,11.57,1004,2.15,176,Normal
2023-03-16 20:00:00,M-105,72.17,11.49,1439,123.66,37.95,182.49,60.41,2.69,0.0655,2.01,49.32,715,12.04,11,Warning
2023-03-16 21:00:00,M-103,61.85,6.79,1499,122.72,50.27,197.7,42.09,0.78,0.0134,0.36,16.25,987,2.45,68,Normal
2023-03-16 22:00:00,M-102,69.06,3.71,1500,116.37,49.57,201.56,45.51,1.12,0.012,0.41,19.71,962,2.36,61,Normal
2023-03-16 23:00:00,M-104,78.34,14.69,1434,126.47,44.83,182.72,52.74,3.31,0.0662,3.27,78.58,613,19.77,3,Warning
2023-03-17 00:00:00,M-103,65.67,6.58,1498,121.36,48.86,198.45,46.16,0.86,0.0094,0.38,32.71,922,6.0,53,Normal
2023-03-17 01:00:00,M-102,75.62,15.38,1469,135.95,45.88,183.32,52.96,3.21,0.0593,3.14,68.38,615,17.54,4,Warning
2023-03-17 02:00:00,M-105,62.96,5.15,1479,115.91,52.17,203.09,45.12,1.07,0.0107,0.03,29.26,1016,3.53,126,Normal
2023-03-17 03:00:00,M-101,67.81,5.2,1514,119.37,48.94,193.74,46.06,1.16,0.007,0.32,31.01,908,5.84,60,Normal
2023-03-17 04:00:00,M-103,65.5,1.79,1507,122.24,49.96,200.42,45.07,0.84,0.0122,0.05,24.29,989,3.59,126,Normal
2023-03-17 05:00:00,M-105,66.2,5.55,1498,120.71,48.66,206.71,44.45,0.96,0.0047,0.23,15.22,956,3.57,88,Normal
2023-03-17 06:00:00,M-102,75.12,17.66,1496,133.1,49.35,188.57,55.9,2.7,0.0242,3.54,78.64,598,20.06,2,Warning
2023-03-17 07:00:00,M-103,64.98,4.59,1499,119.21,49.18,203.07,44.85,0.98,-0.0025,0.0,33.41,995,4.47,133,Normal
2023-03-17 08:00:00,M-102,64.8,4.84,1482,122.02,49.04,198.82,45.6,1.29,0.0046,0.0,27.8,991,3.82,144,Normal
2023-03-17 09:00:00,M-103,67.09,4.82,1495,121.5,49.83,206.15,44.59,0.89,0.0101,0.21,15.53,994,2.87,91,Normal
2023-03-17 10:00:00,M-103,67.56,5.21,1509,117.86,51.04,205.34,45.29,0.84,0.0098,0.3,43.29,976,7.37,51,Normal
2023-03-17 11:00:00,M-105,66.84,3.74,1510,119.88,51.46,206.35,43.97,1.0,0.0007,0.18,42.07,970,6.86,66,Normal
2023-03-17 12:00:00,M-101,65.12,4.23,1494,119.18,51.44,199.64,43.68,1.05,0.0141,0.01,28.7,998,3.87,135,Normal
2023-03-17 13:00:00,M-105,67.48,4.4,1492,116.44,50.27,209.08,45.37,0.85,0.0126,0.25,14.09,986,3.19,86,Normal
2023-03-17 14:00:00,M-105,65.34,4.49,1489,119.32,50.7,200.22,46.45,1.15,0.0133,0.03,14.81,963,2.08,149,Normal
2023-03-17 15:00:00,M-102,64.82,6.09,1496,122.21,49.59,200.65,47.15,1.02,0.0096,0.22,31.89,976,5.05,72,Normal
2023-03-17 16:00:00,M-104,61.9,4.65,1510,119.62,49.09,192.25,44.05,0.66,0.0103,0.0,26.99,1017,4.05,146,Normal
2023-03-17 17:00:00,M-104,62.36,5.11,1508,121.64,48.15,200.58,44.52,1.3,0.0106,0.02,39.3,951,6.13,111,Normal
2023-03-17 18:00:00,M-102,65.3,3.78,1503,116.02,49.14,200.55,46.19,1.29,0.0088,0.03,19.36,999,2.51,144,Normal
2023-03-17 19:00:00,M-102,65.75,4.58,1501,121.86,49.56,203.23,46.22,1.08,0.0135,0.07,31.97,999,4.95,104,Normal
2023-03-17 20:00:00,M-105,68.9,17.09,1441,132.85,44.02,184.38,56.45,4.04,0.0595,2.81,67.24,652,14.57,5,Warning
2023-03-17 21:00:00,M-104,65.42,4.6,1508,119.44,49.42,204.68,46.28,0.98,0.0096,0.04,21.61,1020,3.9,134,Normal
2023-03-17 22:00:00,M-102,65.71,3.64,1487,119.28,50.73,202.98,46.13,0.7,0.0111,0.07,28.49,1019,4.48,111,Normal
2023-03-17 23:00:00,M-104,67.83,5.35,1524,119.37,50.45,197.0,44.62,0.93,0.0162,0.35,18.56,961,2.26,67,Normal
2023-03-18 00:00:00,M-102,67.64,5.16,1484,117.5,50.59,198.88,44.93,0.88,0.0125,0.29,17.31,958,2.34,75,Normal
2023-03-18 01:00:00,M-101,61.79,4.77,1503,118.18,50.36,200.55,45.54,0.79,0.0199,0.0,28.12,977,3.91,143,Normal
2023-03-18 02:00:00,M-103,64.74,5.43,1498,121.08,49.31,188.78,45.98,1.2,0.0225,0.09,12.18,945,1.48,130,Normal
2023-03-18 03:00:00,M-102,62.38,6.89,1519,122.04,50.99,203.77,44.26,1.06,0.0075,0.38,36.39,902,6.77,50,Normal
2023-03-18 04:00:00,M-102,67.12,5.35,1485,118.61,52.34,201.79,46.0,0.96,0.0073,0.28,20.93,966,4.62,74,Normal
2023-03-18 05:00:00,M-101,64.08,5.35,1480,118.79,50.58,199.04,45.45,1.19,0.0128,0.07,36.98,998,5.78,98,Normal
2023-03-18 06:00:00,M-104,66.97,3.59,1502,123.43,49.9,202.42,45.78,0.79,0.0192,0.2,21.25,986,4.43,88,Normal
2023-03-18 07:00:00,M-104,66.1,4.83,1512,118.32,51.05,197.02,44.45,0.93,0.0095,0.11,31.09,1005,4.23,95,Normal
2023-03-18 08:00:00,M-104,64.61,4.61,1481,121.39,51.65,196.81,44.88,1.09,0.0186,0.0,11.42,1003,2.04,177,Normal
2023-03-18 09:00:00,M-101,63.98,4.66,1509,122.69,49.34,196.69,44.65,0.87,0.0028,0.0,32.2,999,4.5,135,Normal
2023-03-18 10:00:00,M-103,81.07,22.13,1387,140.98,29.09,162.49,70.64,8.38,0.2003,5.03,100.0,375,24.39,0,Failure
2023-03-18 11:00:00,M-103,63.97,4.53,1501,118.27,49.32,203.11,43.98,1.11,0.0141,0.0,11.75,1013,1.88,176,Normal
2023-03-18 12:00:00,M-105,64.39,3.81,1488,116.32,49.54,198.08,45.79,1.0,0.0075,0.0,31.19,997,4.18,137,Normal
2023-03-18 13:00:00,M-101,63.36,6.18,1490,120.68,51.24,194.09,43.89,0.95,0.0103,0.24,42.72,958,7.87,58,Normal
2023-03-18 14:00:00,M-102,64.15,5.41,1498,123.61,50.59,195.38,44.52,1.01,0.0165,0.08,15.56,1018,3.01,126,Normal
2023-03-18 15:00:00,M-103,61.43,5.07,1489,117.28,51.69,204.44,44.39,0.97,0.0084,0.01,18.28,975,2.5,154,Normal
2023-03-18 16:00:00,M-101,64.22,5.37,1506,122.18,50.52,190.23,43.94,0.97,0.0107,0.07,37.52,1008,5.55,96,Normal
2023-03-18 17:00:00,M-105,64.26,5.2,1501,118.08,50.07,201.29,44.7,1.45,0.0093,0.04,17.27,959,2.17,142,Normal
2023-03-18 18:00:00,M-101,77.98,15.09,1407,124.54,45.83,208.76,58.74,2.75,0.0016,3.32,64.58,603,16.47,4,Warning
2023-03-18 19:00:00,M-103,80.02,12.78,1428,136.49,44.06,191.44,57.25,4.56,0.0574,3.06,82.83,684,18.49,2,Warning
2023-03-18 20:00:00,M-104,66.85,5.55,1503,121.96,50.52,204.29,45.16,0.95,0.0073,0.29,26.25,951,3.96,67,Normal
2023-03-18 21:00:00,M-105,62.65,4.47,1491,119.96,49.61,202.58,45.38,0.94,0.0162,0.0,11.67,981,2.25,176,Normal
2023-03-18 22:00:00,M-104,79.55,16.03,1464,136.16,45.53,188.62,58.54,3.49,0.0353,3.66,67.15,580,17.27,4,Warning
2023-03-18 23:00:00,M-102,61.8,6.29,1488,120.54,49.67,198.81,45.68,0.84,0.0123,0.26,35.22,978,5.41,63,Normal
2023-03-19 00:00:00,M-104,64.29,7.21,1511,121.41,50.65,204.92,44.0,1.04,0.0119,0.44,40.73,938,6.45,42,Normal
2023-03-19 01:00:00,M-102,69.1,4.52,1473,115.45,50.33,193.63,45.05,0.7,0.0115,0.41,39.73,962,6.87,45,Normal
2023-03-19 02:00:00,M-104,63.12,3.95,1498,119.3,50.0,195.47,46.01,1.17,0.0091,0.0,18.65,990,2.66,162,Normal
2023-03-19 03:00:00,M-102,63.41,5.95,1485,119.76,51.01,196.85,45.44,0.99,0.0098,0.19,42.49,987,5.82,65,Normal
2023-03-19 04:00:00,M-102,63.98,6.25,1518,122.33,50.56,203.81,46.86,1.15,0.0071,0.25,19.77,977,3.89,80,Normal
2023-03-19 05:00:00,M-101,65.91,5.3,1499,119.18,48.61,203.22,44.82,0.95,0.0009,0.15,37.98,983,5.32,77,Normal
2023-03-19 06:00:00,M-102,66.88,4.41,1491,121.7,50.37,194.07,44.2,1.31,0.0054,0.19,27.72,996,4.52,82,Normal
2023-03-19 07:00:00,M-101,64.82,7.06,1526,121.28,49.32,203.4,43.3,0.89,0.0019,0.41,28.94,961,4.56,53,Normal
2023-03-19 08:00:00,M-103,62.32,4.88,1482,123.2,50.4,200.68,46.47,1.03,0.0111,0.0,16.42,1002,1.67,167,Normal
2023-03-19 09:00:00,M-105,63.17,5.14,1504,122.51,49.49,195.48,44.45,1.45,0.0175,0.03,34.85,993,5.92,117,Normal
2023-03-19 10:00:00,M-101,66.41,3.24,1494,117.45,49.63,202.36,44.4,1.17,0.0057,0.14,31.74,1000,4.53,87,Normal
2023-03-19 11:00:00,M-101,67.61,2.54,1493,119.72,50.35,197.61,43.87,1.25,0.0153,0.26,36.34,961,5.08,62,Normal
2023-03-19 12:00:00,M-101,64.51,5.62,1509,119.74,49.69,188.91,44.22,0.77,0.0134,0.12,41.83,980,6.48,77,Normal
2023-03-19 13:00:00,M-104,68.09,6.58,1486,119.13,52.43,196.56,46.62,1.2,0.016,0.63,41.25,915,7.23,33,Normal
2023-03-19 14:00:00,M-103,64.69,3.4,1504,116.97,49.07,206.09,46.18,1.07,0.0114,0.0,19.69,989,3.02,160,Normal
2023-03-19 15:00:00,M-102,62.92,5.63,1494,125.08,50.6,195.39,45.88,1.32,0.01,0.13,21.66,969,3.52,104,Normal
2023-03-19 16:00:00,M-101,66.27,3.74,1509,117.4,50.64,196.76,45.48,1.18,0.0108,0.13,20.13,960,3.47,105,Normal
2023-03-19 17:00:00,M-101,62.13,4.02,1496,115.41,50.71,197.56,45.29,0.79,0.0201,0.0,10.91,971,1.39,178,Normal
2023-03-19 18:00:00,M-103,64.1,5.9,1503,120.28,47.99,206.35,45.22,0.98,0.0157,0.18,25.48,1003,4.42,86,Normal
2023-03-19 19:00:00,M-102,66.55,5.72,1484,119.77,49.98,198.73,45.21,0.58,0.0106,0.3,44.39,958,6.2,50,Normal
2023-03-19 20:00:00,M-101,62.53,4.64,1486,121.18,49.95,198.11,43.71,0.94,0.0079,0.0,37.46,1006,5.42,125,Normal
2023-03-19 21:00:00,M-105,65.15,3.24,1495,119.78,51.76,195.4,45.79,1.0,0.0043,0.01,18.51,985,3.24,154,Normal
2023-03-19 22:00:00,M-101,64.5,5.24,1504,120.25,49.16,197.88,45.73,0.77,0.0077,0.05,16.34,1006,2.53,140,Normal
2023-03-19 23:00:00,M-104,64.68,4.72,1496,122.76,49.55,201.5,47.42,0.83,0.011,0.0,12.65,1004,1.89,174,Normal
2023-03-20 00:00:00,M-102,61.24,5.18,1523,122.54,51.12,201.23,45.36,0.52,0.0138,0.04,18.5,984,2.82,142,Normal
2023-03-20 01:00:00,M-105,84.91,14.54,1302,135.83,35.31,199.1,63.05,6.71,0.1182,3.9,100.0,511,20.4,0,Failure
2023-03-20 02:00:00,M-103,68.56,6.2,1495,118.43,50.2,192.76,43.0,0.91,0.0093,0.6,48.19,930,8.56,30,Normal
2023-03-20 03:00:00,M-103,64.2,5.95,1496,119.61,49.34,203.02,47.21,0.94,0.0085,0.19,16.61,976,3.0,94,Normal
2023-03-20 04:00:00,M-105,63.6,4.14,1478,120.28,48.75,199.16,44.49,0.96,0.0093,0.0,32.71,1003,4.72,134,Normal
2023-03-20 05:00:00,M-102,60.7,6.02,1489,119.03,50.78,203.91,43.89,1.11,0.0043,0.2,28.47,980,4.29,78,Normal
2023-03-20 06:00:00,M-104,65.63,4.19,1485,119.45,49.88,188.95,44.29,1.06,0.0073,0.06,28.84,1011,4.93,113,Normal
2023-03-20 07:00:00,M-101,63.17,5.4,1517,118.4,49.16,194.88,44.66,1.25,0.0044,0.08,18.21,980,3.38,123,Normal
2023-03-20 08:00:00,M-101,73.48,11.78,1480,133.45,45.15,187.91,49.68,4.29,0.0411,2.2,63.37,766,13.09,7,Warning
2023-03-20 09:00:00,M-105,65.22,6.48,1506,119.85,50.29,202.66,45.15,0.94,0.0063,0.32,41.18,964,6.75,51,Normal
2023-03-20 10:00:00,M-102,69.53,12.02,1457,124.98,50.82,190.51,52.55,1.37,0.0512,1.86,50.54,771,11.41,11,Warning
2023-03-20 11:00:00,M-105,66.32,3.5,1493,120.82,49.84,202.23,47.1,1.1,0.0078,0.13,17.73,971,2.54,107,Normal
2023-03-20 12:00:00,M-101,81.65,15.69,1351,135.78,44.78,184.33,51.98,2.05,0.0364,3.8,77.65,521,19.32,2,Warning
2023-03-20 13:00:00,M-102,66.42,4.23,1479,120.22,50.47,203.37,43.98,0.88,0.0045,0.14,12.27,968,1.73,111,Normal
2023-03-20 14:00:00,M-103,64.28,5.67,1501,120.04,51.89,190.82,43.96,0.78,0.0011,0.13,39.48,969,6.42,78,Normal
2023-03-20 15:00:00,M-101,65.84,3.91,1509,116.33,49.6,197.68,44.22,1.25,0.0115,0.08,25.3,961,3.33,111,Normal
2023-03-20 16:00:00,M-102,80.12,14.2,1476,121.28,49.54,183.81,53.47,2.3,0.0689,3.35,77.49,594,17.15,3,Warning
2023-03-20 17:00:00,M-103,62.69,6.24,1503,120.93,50.93,202.34,45.15,1.22,0.008,0.25,35.59,969,6.25,64,Normal
2023-03-20 18:00:00,M-103,62.87,4.62,1486,120.74,51.06,199.39,43.38,1.2,0.0011,0.0,12.6,969,1.7,174,Normal
2023-03-20 19:00:00,M-101,62.16,5.02,1490,121.84,51.07,198.71,46.58,0.97,0.0035,0.0,12.18,1023,2.64,172,Normal
2023-03-20 20:00:00,M-101,64.06,4.21,1495,122.86,49.86,193.36,43.49,1.44,0.0089,0.0,29.84,1008,4.35,140,Normal
2023-03-20 21:00:00,M-102,63.2,4.16,1507,117.76,50.29,200.28,44.05,0.85,0.0117,0.0,13.6,999,2.06,172,Normal
2023-03-20 22:00:00,M-102,63.98,4.54,1475,119.8,49.86,202.44,44.48,0.85,0.01,0.0,18.75,967,3.85,162,Normal
2023-03-20 23:00:00,M-104,85.98,25.64,1347,142.71,33.9,149.05,70.98,7.11,0.1072,6.23,100.0,275,27.06,0,Failure
2023-03-21 00:00:00,M-103,75.06,9.9,1503,132.88,34.03,186.11,50.85,2.2,0.0471,1.99,41.69,768,10.34,13,Warning
2023-03-21 01:00:00,M-101,64.58,6.4,1504,120.97,50.46,193.56,45.2,1.05,0.0044,0.28,29.16,984,3.92,66,Normal
2023-03-21 02:00:00,M-103,64.19,5.09,1505,117.8,50.36,200.17,44.7,1.23,0.0055,0.02,21.86,1003,3.69,145,Normal
2023-03-21 03:00:00,M-104,67.83,3.68,1499,118.74,50.84,202.05,46.18,0.92,0.0094,0.28,38.78,973,6.25,57,Normal
2023-03-21 04:00:00,M-104,62.79,7.45,1495,124.27,48.63,205.13,45.5,1.17,0.0148,0.49,31.98,931,6.15,45,Normal
2023-03-21 05:00:00,M-104,65.82,5.55,1510,121.85,49.6,202.11,46.5,1.01,0.0075,0.19,39.81,964,6.78,68,Normal
2023-03-21 06:00:00,M-104,64.84,4.95,1502,119.41,51.34,198.13,43.29,1.55,0.0084,0.0,34.06,1026,5.24,131,Normal
2023-03-21 07:00:00,M-102,63.44,5.59,1503,121.03,48.64,190.05,43.87,1.1,0.0134,0.12,14.2,1008,2.17,116,Normal
2023-03-21 08:00:00,M-101,89.75,23.61,1280,153.51,32.68,193.56,70.56,9.46,0.1443,6.2,100.0,257,28.48,0,Failure
2023-03-21 09:00:00,M-102,66.98,5.51,1502,118.68,50.67,199.67,45.06,1.18,0.0114,0.3,23.78,964,4.89,69,Normal
2023-03-21 10:00:00,M-105,65.83,4.92,1503,117.32,49.22,205.17,45.0,1.07,0.0073,0.08,39.94,990,6.23,90,Normal
2023-03-21 11:00:00,M-105,62.42,3.56,1482,122.74,51.21,199.99,43.79,0.94,0.0171,0.0,16.37,989,2.0,167,Normal
2023-03-21 12:00:00,M-102,64.39,4.07,1492,120.15,50.22,192.88,45.4,0.92,0.0136,0.0,34.48,1015,5.53,131,Normal
2023-03-21 13:00:00,M-103,63.24,6.37,1488,120.74,49.32,191.41,44.43,0.98,0.0169,0.27,24.96,1003,4.22,71,Normal
2023-03-21 14:00:00,M-102,67.52,4.28,1496,119.07,48.67,195.26,45.98,1.1,0.0114,0.25,24.81,943,5.41,74,Normal
2023-03-21 15:00:00,M-104,65.23,4.97,1500,120.45,49.27,194.38,44.65,1.03,0.005,0.02,29.21,970,4.21,129,Normal
2023-03-21 16:00:00,M-104,64.92,3.36,1471,117.86,49.38,203.22,45.07,1.02,0.0049,0.0,18.39,989,3.09,163,Normal
2023-03-21 17:00:00,M-101,61.14,4.71,1494,119.39,49.51,201.88,46.1,1.09,0.0083,0.0,35.43,1012,5.69,129,Normal
2023-03-21 18:00:00,M-103,65.06,7.39,1487,118.83,50.97,200.71,45.76,1.03,0.0169,0.48,36.72,921,7.06,43,Normal
2023-03-21 19:00:00,M-105,67.73,4.5,1496,115.05,48.93,206.09,44.4,1.08,0.0112,0.27,40.87,992,5.67,56,Normal
2023-03-21 20:00:00,M-105,63.56,5.44,1504,121.35,50.87,193.19,44.49,0.62,0.0137,0.09,18.35,985,1.99,120,Normal
2023-03-21 21:00:00,M-102,90.21,25.77,1395,150.62,31.32,153.93,67.9,11.36,0.1524,6.68,100.0,200,29.04,0,Failure
2023-03-21 22:00:00,M-103,66.75,3.63,1505,119.07,49.68,210.01,44.8,1.15,0.0136,0.17,29.82,955,4.21,82,Normal
2023-03-21 23:00:00,M-105,62.42,3.43,1492,121.9,51.32,189.61,43.79,0.72,0.0057,0.0,19.64,995,2.75,160,Normal
2023-03-22 00:00:00,M-102,68.02,5.26,1505,119.73,50.29,204.66,44.0,1.05,0.0135,0.35,30.53,988,5.02,57,Normal
2023-03-22 01:00:00,M-104,68.67,2.56,1505,121.29,50.37,202.2,45.52,1.11,0.0083,0.37,37.98,950,5.75,50,Normal
2023-03-22 02:00:00,M-105,70.65,17.44,1465,139.61,47.59,179.41,56.94,2.02,0.0501,3.05,67.83,632,16.36,4,Warning
2023-03-22 03:00:00,M-105,61.16,5.3,1500,121.05,50.8,187.92,44.53,0.98,0.0085,0.06,24.76,985,4.36,121,Normal
2023-03-22 04:00:00,M-102,63.13,4.05,1501,118.78,52.16,194.71,46.4,1.04,0.014,0.0,24.98,1014,4.03,150,Normal
2023-03-22 05:00:00,M-104,74.24,17.54,1410,126.34,53.43,195.37,47.1,4.02,0.0295,3.43,78.62,576,19.93,2,Warning
2023-03-22 06:00:00,M-102,61.36,5.56,1516,121.63,51.61,198.87,44.39,1.02,0.0083,0.11,15.81,999,2.72,116,Normal
2023-03-22 07:00:00,M-104,64.08,6.05,1510,119.52,50.66,210.21,46.04,1.13,0.0165,0.21,40.33,1008,7.23,64,Normal
2023-03-22 08:00:00,M-103,81.22,21.72,1331,149.41,37.44,171.39,75.13,9.48,0.1869,4.97,100.0,392,23.07,0,Failure
2023-03-22 09:00:00,M-101,63.77,5.12,1486,119.81,51.98,194.0,46.43,1.42,0.0061,0.02,26.36,1003,3.35,134,Normal
2023-03-22 10:00:00,M-105,64.13,4.65,1492,122.25,50.81,195.62,44.1,1.19,0.0119,0.0,20.37,1015,3.88,159,Normal
2023-03-22 11:00:00,M-104,72.9,11.52,1405,132.67,51.23,197.55,61.64,2.61,0.0238,2.09,61.04,778,13.43,8,Warning
2023-03-22 12:00:00,M-101,65.8,4.94,1498,119.54,48.82,196.56,44.58,1.02,0.0072,0.08,31.7,973,5.04,103,Normal
2023-03-22 13:00:00,M-105,65.63,5.26,1487,119.61,51.37,198.99,43.85,0.91,0.0037,0.12,39.85,942,6.12,82,Normal
2023-03-22 14:00:00,M-104,67.36,5.22,1507,122.38,49.87,200.0,43.43,1.25,0.0093,0.28,36.26,946,5.94,60,Normal
2023-03-22 15:00:00,M-101,87.02,27.84,1307,137.93,32.95,178.1,68.52,6.07,0.1034,6.77,100.0,211,28.48,0,Failure
2023-03-22 16:00:00,M-101,66.43,4.88,1497,119.46,50.01,203.27,44.95,0.73,0.0129,0.14,38.07,992,6.53,78,Normal
2023-03-22 17:00:00,M-104,65.4,7.47,1502,119.13,51.51,198.95,44.4,0.76,0.0124,0.53,18.97,926,3.53,51,Normal
2023-03-22 18:00:00,M-105,63.27,5.87,1503,118.58,50.61,199.21,44.11,0.86,0.0122,0.17,37.41,997,5.71,73,Normal
2023-03-22 19:00:00,M-101,62.44,5.88,1503,121.94,50.46,209.02,44.78,1.01,0.014,0.18,24.94,996,4.26,87,Normal
2023-03-22 20:00:00,M-105,66.68,2.48,1499,119.21,50.4,199.03,44.91,0.83,0.0137,0.17,20.95,1012,3.11,94,Normal
2023-03-22 21:00:00,M-105,64.52,4.34,1510,117.66,51.38,211.96,43.45,0.88,0.0131,0.0,12.27,980,1.7,175,Normal
2023-03-22 22:00:00,M-104,78.85,24.07,1244,145.83,45.21,164.79,65.19,7.76,0.0887,5.2,100.0,410,25.1,0,Failure
2023-03-22 23:00:00,M-103,79.26,9.95,1421,135.11,48.45,185.71,56.53,2.13,0.0431,2.42,66.91,673,15.05,6,Warning
2023-03-23 00:00:00,M-102,77.19,11.76,1433,129.49,48.24,180.46,53.76,2.25,0.0492,2.57,54.83,677,13.28,8,Warning
2023-03-23 01:00:00,M-103,63.35,5.53,1478,119.04,50.31,210.49,43.63,1.02,0.0127,0.11,23.47,988,3.12,107,Normal
2023-03-23 02:00:00,M-105,62.18,4.9,1488,120.01,50.58,207.51,43.46,1.2,0.0107,0.0,21.2,990,2.71,157,Normal
2023-03-23 03:00:00,M-103,66.45,5.73,1503,119.53,49.64,199.68,43.1,0.99,0.0174,0.29,31.41,960,5.28,63,Normal
2023-03-23 04:00:00,M-101,65.67,4.52,1508,117.67,51.24,207.75,44.09,0.82,0.0121,0.07,35.52,968,6.15,101,Normal
2023-03-23 05:00:00,M-102,62.46,4.29,1500,122.35,50.45,195.26,46.78,0.94,0.0054,0.0,24.78,984,3.05,150,Normal
2023-03-23 06:00:00,M-103,78.08,5.84,1470,123.54,43.79,194.15,61.59,3.12,0.0103,1.48,51.4,841,10.62,14,Warning
2023-03-23 07:00:00,M-103,64.43,4.6,1500,124.33,50.11,197.78,45.3,0.74,0.0064,0.0,25.62,1019,3.94,148,Normal
2023-03-23 08:00:00,M-103,62.57,6.38,1484,118.42,49.06,206.88,44.51,0.77,0.0122,0.28,24.17,980,4.7,72,Normal
2023-03-23 09:00:00,M-101,81.67,16.05,1481,126.24,46.98,199.72,60.57,3.17,0.0402,3.88,85.29,517,21.04,1,Warning
2023-03-23 10:00:00,M-104,64.82,4.44,1502,119.17,49.72,202.3,44.57,1.02,0.0024,0.0,16.86,983,2.08,166,Normal
2023-03-23 11:00:00,M-104,65.7,5.4,1508,120.66,50.16,200.39,45.68,0.58,0.0097,0.15,40.24,988,7.23,74,Normal
2023-03-23 12:00:00,M-105,63.45,3.93,1509,118.8,49.9,195.39,44.25,0.97,0.0119,0.0,11.95,948,2.08,176,Normal
2023-03-23 13:00:00,M-101,75.05,12.08,1462,120.84,45.39,189.4,54.98,2.42,0.0459,2.42,63.48,717,15.17,6,Warning
2023-03-23 14:00:00,M-104,66.73,4.41,1506,120.53,50.24,192.21,46.06,1.02,0.0095,0.17,18.07,967,3.16,96,Normal
2023-03-23 15:00:00,M-102,66.11,5.2,1490,118.02,48.46,189.9,43.44,1.23,0.0136,0.15,40.43,992,6.26,74,Normal
2023-03-23 16:00:00,M-101,68.71,3.47,1490,118.23,50.93,208.2,43.92,1.28,0.0065,0.37,29.61,962,4.72,56,Normal
2023-03-23 17:00:00,M-101,73.28,16.32,1483,129.63,38.53,193.14,56.11,2.07,0.0666,3.09,62.82,609,16.02,5,Warning
2023-03-23 18:00:00,M-105,68.86,5.51,1504,120.73,48.68,209.69,45.48,1.14,0.0012,0.49,23.25,957,3.63,52,Normal
2023-03-23 19:00:00,M-104,63.74,5.21,1478,120.87,49.53,199.69,43.83,0.98,0.0184,0.04,36.08,987,4.39,109,Normal
2023-03-23 20:00:00,M-105,92.65,24.26,1208,145.88,36.49,186.21,79.1,8.82,0.172,6.62,100.0,219,28.43,0,Failure
2023-03-23 21:00:00,M-102,84.87,25.5,1304,149.39,40.18,150.03,64.88,5.18,0.247,6.09,100.0,282,27.54,0,Failure
2023-03-23 22:00:00,M-101,64.9,6.9,1491,116.54,49.72,203.95,44.07,0.73,0.0111,0.38,20.12,925,3.5,63,Normal
2023-03-23 23:00:00,M-101,66.27,4.02,1502,119.92,50.4,202.68,45.64,1.17,0.0127,0.13,19.88,990,2.9,106,Normal
2023-03-24 00:00:00,M-104,69.3,7.89,1508,135.56,51.22,187.04,55.31,3.53,0.0498,1.01,54.9,864,10.96,17,Warning
2023-03-24 01:00:00,M-104,68.19,10.86,1471,125.52,40.36,185.85,58.13,2.13,0.0429,1.49,36.72,829,8.2,18,Warning
2023-03-24 02:00:00,M-102,63.38,4.34,1493,119.58,51.77,193.12,46.3,1.15,0.0178,0.0,28.94,1062,3.85,142,Normal
2023-03-24 03:00:00,M-102,67.62,3.8,1491,115.83,50.73,188.42,45.99,1.36,0.0186,0.26,37.94,943,5.28,60,Normal
2023-03-24 04:00:00,M-102,66.32,4.61,1502,121.52,50.56,206.7,45.52,1.01,0.0062,0.13,20.61,974,2.76,103,Normal
2023-03-24 05:00:00,M-105,65.87,4.82,1508,119.1,50.63,198.08,44.84,0.99,0.0015,0.09,30.49,986,5.03,103,Normal
2023-03-24 06:00:00,M-103,63.84,4.91,1492,120.01,50.32,202.42,46.51,0.74,0.0117,0.0,34.68,987,4.92,130,Normal
2023-03-24 07:00:00,M-104,66.68,5.16,1482,122.45,49.39,199.12,45.31,0.89,0.0138,0.2,28.2,954,4.34,79,Normal
2023-03-24 08:00:00,M-105,75.4,15.65,1439,127.32,50.99,202.08,52.71,3.14,0.0566,3.17,72.86,623,17.5,3,Warning
2023-03-24 09:00:00,M-102,65.48,6.38,1511,118.08,50.89,205.76,45.28,1.12,0.0085,0.32,33.56,936,6.63,57,Normal
2023-03-24 10:00:00,M-103,90.69,20.35,1346,144.67,45.64,171.95,66.8,7.84,0.1662,5.64,100.0,346,26.42,0,Failure
2023-03-24 11:00:00,M-104,70.9,8.17,1452,130.91,41.85,194.57,56.85,3.16,0.0503,1.22,32.37,827,6.66,22,Warning
2023-03-24 12:00:00,M-102,67.28,6.36,1499,118.12,49.92,210.46,46.0,1.11,0.0148,0.5,43.1,970,7.35,37,Normal
2023-03-24 13:00:00,M-105,66.66,5.42,1495,122.82,50.46,196.25,44.13,1.39,0.0075,0.25,33.7,985,5.74,66,Normal
2023-03-24 14:00:00,M-105,81.97,13.54,1428,132.92,44.89,171.22,56.39,3.12,0.0731,3.4,77.01,576,18.63,3,Warning
2023-03-24 15:00:00,M-105,62.38,4.34,1500,122.05,48.48,202.47,45.73,1.18,0.0096,0.0,24.22,1020,3.23,151,Normal
2023-03-24 16:00:00,M-102,65.17,5.12,1498,120.39,51.2,204.23,45.03,1.34,0.0144,0.04,35.84,986,5.29,110,Normal
2023-03-24 17:00:00,M-103,62.5,5.46,1496,118.5,51.28,195.12,45.56,0.7,0.0028,0.09,31.74,998,4.78,99,Normal
2023-03-24 18:00:00,M-102,80.26,17.95,1211,146.71,31.34,194.95,72.05,6.66,0.1179,4.12,100.0,476,20.34,0,Failure
2023-03-24 19:00:00,M-102,63.61,5.76,1495,121.49,51.1,202.78,41.93,0.94,0.0092,0.15,14.0,980,1.36,106,Normal
2023-03-24 20:00:00,M-103,64.55,4.61,1487,116.76,49.71,197.99,44.8,0.98,0.0074,0.0,31.1,995,3.88,137,Normal
2023-03-24 21:00:00,M-103,62.94,4.67,1495,117.17,50.68,201.56,44.4,0.97,0.0046,0.0,39.33,1017,6.93,121,Normal
2023-03-24 22:00:00,M-105,66.34,5.7,1502,119.92,49.57,196.18,44.9,0.74,0.007,0.27,41.28,989,5.84,56,Normal
2023-03-24 23:00:00,M-104,69.67,4.78,1501,118.53,50.78,203.53,43.44,1.03,0.0144,0.47,24.79,967,4.98,52,Normal
2023-03-25 00:00:00,M-105,64.39,6.22,1495,117.9,49.2,196.28,44.16,0.89,0.0143,0.24,33.1,1006,6.05,67,Normal
2023-03-25 01:00:00,M-104,72.24,12.6,1418,131.09,39.7,198.5,53.07,3.3,0.0598,2.24,71.25,719,14.78,5,Warning
2023-03-25 02:00:00,M-105,66.34,4.9,1505,119.75,50.22,202.87,44.6,0.75,0.0114,0.13,37.43,1007,5.52,81,Normal
2023-03-25 03:00:00,M-104,64.92,3.88,1486,121.21,50.8,199.83,45.05,0.88,0.0108,0.0,11.51,1039,2.23,176,Normal
2023-03-25 04:00:00,M-101,66.54,4.54,1498,119.52,51.16,198.71,43.77,0.69,0.0118,0.15,19.61,966,2.61,99,Normal
2023-03-25 05:00:00,M-102,87.96,27.14,1283,139.5,37.38,194.04,76.71,6.85,0.1058,6.72,100.0,188,27.61,0,Failure
2023-03-25 06:00:00,M-103,62.02,4.39,1493,124.28,51.67,203.65,44.66,1.24,0.0043,0.0,23.06,1021,3.05,153,Normal
2023-03-25 07:00:00,M-101,67.87,5.3,1492,120.27,49.94,190.45,43.27,1.22,0.0137,0.35,38.39,928,6.39,51,Normal
2023-03-25 08:00:00,M-103,63.09,4.47,1492,120.47,50.08,201.4,44.16,0.99,-0.0003,0.0,20.07,1002,2.49,159,Normal
2023-03-25 09:00:00,M-105,65.84,5.45,1514,119.54,50.7,200.24,45.3,1.16,0.0129,0.17,36.67,981,5.54,74,Normal
2023-03-25 10:00:00,M-104,63.59,5.1,1496,120.32,49.58,196.62,45.2,1.01,0.0153,0.02,24.31,989,4.01,140,Normal
2023-03-25 11:00:00,M-105,67.53,10.14,1405,135.29,43.25,190.61,55.37,3.21,-0.0079,1.28,47.12,853,9.36,17,Warning
2023-03-25 12:00:00,M-105,66.56,6.09,1508,117.58,50.36,204.24,44.04,0.88,0.006,0.37,16.34,970,2.99,66,Normal
2023-03-25 13:00:00,M-105,60.06,5.58,1490,120.22,49.18,198.28,44.6,0.83,0.0089,0.12,21.62,976,2.95,107,Normal
2023-03-25 14:00:00,M-103,64.59,5.12,1502,120.62,49.24,205.29,44.56,1.09,0.0092,0.02,37.89,1004,5.96,113,Normal
2023-03-25 15:00:00,M-101,73.98,15.35,1449,129.34,46.02,203.08,53.18,4.04,0.0336,2.97,58.19,644,14.27,6,Warning
2023-03-25 16:00:00,M-104,62.95,4.12,1495,120.89,50.55,202.9,43.41,1.0,0.009,0.0,10.26,969,1.85,179,Normal
2023-03-25 17:00:00,M-103,85.21,23.23,1242,147.41,36.64,180.07,68.36,6.99,0.1853,5.67,100.0,298,25.44,0,Failure
2023-03-25 18:00:00,M-101,66.05,3.73,1485,124.76,48.64,208.25,44.83,0.9,0.0128,0.1,22.46,1014,3.83,109,Normal
2023-03-25 19:00:00,M-103,62.67,5.31,1508,120.19,51.36,202.78,45.31,1.04,0.0107,0.06,29.57,1010,4.48,113,Normal
2023-03-25 20:00:00,M-104,78.78,13.29,1465,124.95,43.35,196.75,59.27,1.06,0.0386,3.03,58.48,636,14.7,6,Warning
2023-03-25 21:00:00,M-103,64.07,5.82,1491,122.99,50.41,199.87,44.23,1.18,0.0078,0.16,13.85,994,2.61,104,Normal
2023-03-25 22:00:00,M-105,65.64,6.76,1500,122.62,49.35,200.29,43.79,1.18,0.0094,0.42,42.28,957,6.79,43,Normal
2023-03-25 23:00:00,M-102,64.06,4.81,1522,120.58,49.34,205.44,45.19,1.26,0.0196,0.0,38.63,970,4.61,122,Normal
2023-03-26 00:00:00,M-102,64.67,3.89,1491,123.82,49.01,194.96,44.3,0.76,0.0101,0.0,17.21,1021,2.16,165,Normal
2023-03-26 01:00:00,M-102,83.75,21.04,1342,140.96,38.49,146.07,74.49,9.6,0.1385,5.08,100.0,373,24.63,0,Failure
2023-03-26 02:00:00,M-101,67.6,4.97,1486,116.7,51.22,198.13,43.79,0.55,0.008,0.26,20.51,976,4.11,77,Normal
2023-03-26 03:00:00,M-102,63.67,3.54,1486,121.33,48.63,198.01,45.1,0.66,0.0109,0.0,37.81,993,4.72,124,Normal
2023-03-26 04:00:00,M-101,65.63,5.15,1504,119.49,49.52,195.92,43.59,0.78,0.0082,0.09,30.67,956,4.53,100,Normal
2023-03-26 05:00:00,M-104,64.53,4.64,1518,116.55,52.19,200.72,45.96,1.0,0.0141,0.0,25.66,981,3.17,148,Normal
2023-03-26 06:00:00,M-103,68.89,5.31,1506,117.67,50.69,205.45,45.25,1.0,0.0055,0.45,41.41,941,7.46,41,Normal
2023-03-26 07:00:00,M-105,71.29,10.84,1417,129.46,44.58,196.04,57.22,3.39,0.0572,1.8,52.73,805,11.39,11,Warning
2023-03-26 08:00:00,M-101,68.59,4.76,1506,118.72,48.97,199.02,43.64,0.81,0.013,0.36,21.66,946,4.08,64,Normal
2023-03-26 09:00:00,M-102,66.13,5.13,1509,121.9,51.51,201.72,45.34,1.35,0.016,0.14,29.37,993,3.99,90,Normal
2023-03-26 10:00:00,M-103,63.14,4.33,1511,121.07,50.68,204.48,44.76,1.07,0.0113,0.0,34.67,982,5.44,130,Normal
2023-03-26 11:00:00,M-105,75.35,13.95,1478,126.86,46.78,188.19,55.94,3.84,0.021,2.83,82.35,639,17.67,2,Warning
2023-03-26 12:00:00,M-103,63.13,6.7,1501,118.55,51.1,202.47,43.23,0.89,0.0114,0.34,43.2,916,7.42,48,Normal
2023-03-26 13:00:00,M-105,68.19,4.76,1497,123.54,50.02,195.98,45.74,0.95,0.0059,0.32,24.38,963,4.71,66,Normal
2023-03-26 14:00:00,M-101,63.37,4.61,1514,119.73,50.0,202.55,45.51,0.82,0.0097,0.0,35.5,1000,5.27,128,Normal
2023-03-26 15:00:00,M-103,67.57,6.73,1504,119.27,51.56,207.59,45.25,1.24,0.0061,0.6,29.04,886,5.08,41,Normal
2023-03-26 16:00:00,M-102,63.94,5.42,1497,119.02,51.42,207.57,44.59,0.66,-0.0008,0.08,27.54,994,5.21,108,Normal
2023-03-26 17:00:00,M-105,64.34,4.83,1526,117.28,48.95,207.02,43.44,1.1,0.007,0.0,25.03,967,4.02,149,Normal
2023-03-26 18:00:00,M-105,64.52,3.61,1487,121.16,50.19,202.94,44.64,1.16,0.0079,0.0,17.58,1022,2.61,164,Normal
2023-03-26 19:00:00,M-101,66.36,5.02,1502,123.45,49.98,197.34,45.44,0.66,0.0014,0.14,36.31,980,5.26,81,Normal
2023-03-26 20:00:00,M-102,63.81,3.24,1515,121.14,50.8,204.81,44.84,1.02,0.0174,0.0,12.82,1003,1.59,174,Normal
2023-03-26 21:00:00,M-103,68.26,6.63,1498,122.06,50.56,197.52,45.41,0.85,0.0056,0.65,34.65,931,6.75,36,Normal
2023-03-26 22:00:00,M-102,91.1,23.51,1285,144.01,39.34,169.45,67.21,9.43,0.1591,6.31,100.0,231,27.21,0,Failure
2023-03-26 23:00:00,M-105,68.67,4.09,1492,122.33,51.5,201.77,43.71,1.02,0.0032,0.37,25.33,1005,4.68,60,Normal
2023-03-27 00:00:00,M-105,74.38,15.14,1478,137.05,45.85,182.88,57.78,3.12,0.0453,2.97,84.09,634,19.35,2,Warning
2023-03-27 01:00:00,M-101,67.39,4.31,1492,118.24,49.85,190.43,46.37,0.8,0.0043,0.24,19.68,963,2.76,82,Normal
2023-03-27 02:00:00,M-103,63.57,5.38,1505,120.52,49.76,198.69,44.16,0.84,0.0135,0.08,11.97,955,1.25,135,Normal
2023-03-27 03:00:00,M-105,72.43,12.47,1451,116.66,46.9,199.91,53.28,1.27,0.0347,2.24,55.22,715,13.36,9,Warning
2023-03-27 04:00:00,M-102,85.42,15.85,1256,152.46,35.95,161.48,66.51,8.24,0.1606,4.21,100.0,470,22.06,0,Failure
2023-03-27 05:00:00,M-103,64.93,5.16,1494,120.27,48.56,196.44,45.79,1.11,0.0094,0.03,17.15,1004,3.39,146,Normal
2023-03-27 06:00:00,M-101,67.9,4.6,1494,121.39,49.31,201.37,45.04,0.92,0.0099,0.29,38.24,1000,6.93,57,Normal
2023-03-27 07:00:00,M-105,66.76,3.91,1491,117.44,50.43,200.49,46.35,1.12,0.0035,0.18,29.72,969,3.75,82,Normal
2023-03-27 08:00:00,M-101,78.49,12.05,1424,129.76,40.82,185.24,54.86,1.45,0.0601,2.76,62.43,649,14.67,6,Warning
2023-03-27 09:00:00,M-103,61.06,3.86,1501,121.3,50.35,195.89,44.43,0.86,0.0128,0.0,17.19,1002,2.36,165,Normal
2023-03-27 10:00:00,M-105,66.1,4.72,1504,119.11,49.17,200.02,45.52,1.06,0.0125,0.11,25.01,971,4.38,104,Normal
2023-03-27 11:00:00,M-101,66.96,5.75,1499,122.4,48.53,207.75,45.74,1.1,0.0062,0.35,22.0,977,4.56,65,Normal
2023-03-27 12:00:00,M-102,66.3,3.89,1505,117.9,47.57,199.2,45.26,0.98,0.0243,0.13,40.43,991,6.5,78,Normal
2023-03-27 13:00:00,M-101,75.47,15.15,1433,127.79,47.07,202.58,53.1,3.24,0.0424,3.08,59.67,641,14.28,6,Warning
2023-03-27 14:00:00,M-102,81.8,14.31,1291,157.29,27.71,171.79,73.99,11.6,0.1254,3.54,100.0,562,17.2,0,Failure
2023-03-27 15:00:00,M-105,62.85,3.89,1487,120.43,48.95,206.44,43.85,1.11,0.0177,0.0,17.56,1001,1.74,164,Normal
2023-03-27 16:00:00,M-101,65.41,5.31,1505,119.98,48.04,202.68,45.1,0.82,0.0022,0.1,31.05,1018,4.62,97,Normal
2023-03-27 17:00:00,M-102,80.83,17.98,1442,131.36,46.05,191.87,55.74,4.36,0.014,4.18,94.59,485,22.87,1,Warning
2023-03-27 18:00:00,M-104,76.7,9.24,1490,132.66,42.94,190.64,52.44,4.5,0.0825,2.02,56.06,771,12.82,9,Warning
2023-03-27 19:00:00,M-102,66.61,6.83,1496,118.98,51.22,202.43,44.96,0.99,0.0091,0.53,44.87,934,7.78,35,Normal
2023-03-27 20:00:00,M-104,63.02,4.13,1494,121.64,51.04,202.54,45.63,1.13,-0.0025,0.0,26.71,1000,3.94,146,Normal
2023-03-27 21:00:00,M-101,61.2,3.94,1494,122.68,51.15,200.36,45.06,1.21,0.0157,0.0,20.67,988,3.44,158,Normal
2023-03-27 22:00:00,M-102,64.33,4.61,1492,121.7,48.83,199.14,46.17,1.18,0.0161,0.0,17.2,988,3.13,165,Normal
2023-03-27 23:00:00,M-103,66.83,4.75,1495,118.17,48.24,203.86,45.68,1.1,-0.0042,0.18,14.01,974,2.78,99,Normal
2023-03-28 00:00:00,M-101,65.84,6.5,1486,121.32,51.13,192.57,44.82,0.79,0.0122,0.38,17.1,946,3.99,65,Normal
2023-03-28 01:00:00,M-103,62.13,5.45,1505,119.42,50.62,199.06,45.8,0.79,0.0194,0.09,22.03,1017,2.37,114,Normal
2023-03-28 02:00:00,M-105,77.21,15.62,1418,133.73,45.17,191.33,56.88,2.24,0.1017,3.35,65.85,625,16.8,4,Warning
2023-03-28 03:00:00,M-103,64.68,4.23,1495,117.81,50.74,189.2,45.95,0.98,0.0126,0.0,39.68,1012,6.01,120,Normal
2023-03-28 04:00:00,M-104,67.74,3.3,1486,116.65,50.25,194.13,43.65,1.04,0.0123,0.27,35.54,967,6.31,61,Normal
2023-03-28 05:00:00,M-104,64.92,3.94,1502,117.38,50.2,195.4,43.03,0.67,0.007,0.0,11.92,1010,2.42,176,Normal
2023-03-28 06:00:00,M-104,64.23,5.42,1499,120.4,49.3,200.97,46.11,0.89,0.0146,0.08,28.51,988,5.55,107,Normal
2023-03-28 07:00:00,M-105,61.87,4.53,1505,120.53,51.05,198.08,45.21,0.85,0.0153,0.0,18.24,1000,3.44,163,Normal
2023-03-28 08:00:00,M-105,67.38,6.59,1498,120.09,50.52,198.68,45.52,0.98,0.0151,0.56,30.25,947,5.7,43,Normal
2023-03-28 09:00:00,M-105,66.78,4.37,1502,121.77,50.31,202.81,44.24,1.06,0.0062,0.18,20.82,978,3.23,92,Normal
2023-03-28 10:00:00,M-101,64.25,4.98,1510,124.1,50.68,193.83,44.65,1.12,0.0124,0.0,11.01,1019,1.73,177,Normal
2023-03-28 11:00:00,M-105,60.3,4.08,1510,118.44,49.75,199.74,43.66,1.32,0.0098,0.0,27.85,982,4.5,144,Normal
2023-03-28 12:00:00,M-103,64.88,4.72,1494,122.82,48.95,201.58,46.19,1.08,0.0162,0.0,34.0,1011,4.87,132,Normal
2023-03-28 13:00:00,M-103,66.38,5.36,1508,120.2,50.6,197.58,45.7,0.75,0.0083,0.21,19.52,960,5.1,87,Normal
2023-03-28 14:00:00,M-104,63.47,5.35,1498,118.79,48.3,195.74,44.18,0.75,0.0084,0.07,38.17,968,6.22,96,Normal
2023-03-28 15:00:00,M-101,62.87,4.62,1490,120.89,49.82,208.87,44.33,0.79,0.0115,0.0,11.34,996,1.95,177,Normal
2023-03-28 16:00:00,M-105,62.93,3.75,1502,118.45,51.23,192.69,45.49,0.8,0.0059,0.0,13.35,1010,1.77,173,Normal
2023-03-28 17:00:00,M-104,63.74,5.5,1490,122.27,47.62,197.74,43.94,1.25,0.0154,0.1,40.07,999,7.17,85,Normal
2023-03-28 18:00:00,M-105,59.02,5.42,1496,119.51,48.1,202.47,43.55,1.02,0.0145,0.08,37.46,980,5.4,93,Normal
2023-03-28 19:00:00,M-102,66.49,6.46,1508,118.38,50.67,198.72,46.13,1.04,0.0026,0.44,26.78,942,4.49,52,Normal
2023-03-28 20:00:00,M-103,91.27,24.44,1238,130.87,31.87,142.23,69.22,11.9,0.0702,6.51,100.0,214,28.43,0,Failure
2023-03-28 21:00:00,M-101,67.67,4.75,1501,119.5,48.89,200.85,44.84,0.63,0.0155,0.27,17.5,970,2.81,79,Normal
2023-03-28 22:00:00,M-105,66.57,5.63,1488,120.29,49.32,205.06,44.84,0.7,0.0089,0.28,41.41,975,6.31,54,Normal
2023-03-28 23:00:00,M-101,66.2,4.19,1495,117.55,49.06,204.48,46.05,1.22,0.0155,0.12,20.8,978,3.69,107,Normal
2023-03-29 00:00:00,M-105,63.31,5.75,1500,121.74,51.0,196.37,45.03,1.0,0.0084,0.15,27.72,971,4.3,90,Normal
2023-03-29 01:00:00,M-105,76.43,15.07,1450,134.53,46.61,194.57,56.85,2.73,0.0302,3.16,85.89,652,19.58,2,Warning
2023-03-29 02:00:00,M-103,62.79,4.85,1502,120.19,50.95,203.1,44.13,0.97,0.0084,0.0,38.66,999,6.43,122,Normal
2023-03-29 03:00:00,M-103,64.98,4.07,1501,118.88,48.61,204.02,44.74,0.4,0.0113,0.0,36.28,1005,6.42,127,Normal
2023-03-29 04:00:00,M-105,61.94,4.99,1493,121.84,49.97,193.61,43.5,1.0,-0.0021,0.0,14.06,989,2.95,171,Normal
2023-03-29 05:00:00,M-102,66.27,4.02,1516,120.0,48.87,199.61,45.99,0.77,0.0048,0.13,23.79,1020,3.97,101,Normal
2023-03-29 06:00:00,M-103,65.11,5.93,1502,122.63,48.0,199.06,46.64,1.19,0.0166,0.2,18.45,976,3.78,91,Normal
2023-03-29 07:00:00,M-102,62.78,4.63,1484,120.21,50.38,203.22,46.57,1.01,0.0042,0.0,28.72,982,3.93,142,Normal
2023-03-29 08:00:00,M-105,73.33,12.03,1457,128.61,41.48,189.57,50.04,2.77,0.0412,2.24,72.7,728,15.05,5,Warning
2023-03-29 09:00:00,M-105,66.58,6.05,1497,121.84,48.06,188.21,45.83,0.92,0.021,0.37,32.91,954,5.17,54,Normal
2023-03-29 10:00:00,M-105,63.57,6.64,1493,120.79,51.03,202.43,45.19,1.19,0.0055,0.33,25.3,950,3.76,64,Normal
2023-03-29 11:00:00,M-101,65.37,5.06,1495,118.65,50.77,187.59,45.63,1.09,0.0038,0.05,37.05,955,5.95,105,Normal
2023-03-29 12:00:00,M-102,64.55,5.25,1502,118.58,50.62,188.4,44.55,1.03,0.0083,0.05,18.76,957,2.69,135,Normal
2023-03-29 13:00:00,M-104,81.82,23.96,1306,151.29,32.78,179.04,70.04,8.19,0.1461,5.47,100.0,378,24.73,0,Failure
2023-03-29 14:00:00,M-103,66.56,6.46,1513,119.23,51.04,201.24,46.12,1.11,0.0114,0.45,38.22,954,6.8,44,Normal
2023-03-29 15:00:00,M-102,61.9,3.98,1510,119.44,49.4,202.2,45.32,0.96,0.0137,0.0,21.27,974,2.32,157,Normal
2023-03-29 16:00:00,M-105,62.64,6.39,1499,119.27,48.56,199.28,43.26,0.93,0.0203,0.28,41.73,980,6.27,55,Normal
2023-03-29 17:00:00,M-102,64.18,4.3,1484,120.87,49.24,200.74,44.89,0.77,0.004,0.0,31.02,993,4.0,137,Normal
2023-03-29 18:00:00,M-104,67.7,6.17,1517,120.35,49.21,210.38,44.67,0.84,0.0091,0.5,22.93,919,4.67,51,Normal
2023-03-29 19:00:00,M-103,65.65,5.25,1475,120.1,50.61,199.96,46.14,0.98,0.012,0.12,19.13,966,3.39,110,Normal
2023-03-29 20:00:00,M-102,63.87,6.29,1507,117.85,50.44,198.05,44.32,0.7,0.0149,0.26,16.9,941,2.01,81,Normal
2023-03-29 21:00:00,M-103,73.9,10.91,1460,130.25,42.14,171.93,52.69,1.73,0.0258,2.07,52.57,736,12.44,10,Warning
2023-03-29 22:00:00,M-104,61.56,4.3,1508,118.89,50.4,196.98,45.64,0.93,0.0038,0.0,39.58,994,6.07,120,Normal
2023-03-29 23:00:00,M-103,62.48,3.05,1510,118.18,49.9,196.99,46.34,0.99,0.0031,0.0,14.1,994,2.68,171,Normal
2023-03-30 00:00:00,M-102,62.96,3.91,1512,119.16,49.26,208.09,45.81,0.93,0.0121,0.0,32.11,995,4.99,135,Normal
2023-03-30 01:00:00,M-104,62.84,5.85,1506,120.87,48.9,196.74,45.28,1.11,0.0048,0.17,20.96,1014,3.4,94,Normal
2023-03-30 02:00:00,M-103,62.94,5.5,1505,120.11,49.5,200.71,45.27,1.36,0.0056,0.1,16.84,976,2.25,118,Normal
2023-03-30 03:00:00,M-103,74.67,11.9,1480,119.77,40.94,193.44,48.31,2.25,0.0969,2.35,62.54,712,14.41,7,Warning
2023-03-30 04:00:00,M-104,67.08,4.18,1494,121.01,50.32,200.42,43.64,1.02,0.0148,0.21,23.66,964,4.42,83,Normal
2023-03-30 05:00:00,M-103,66.46,6.51,1500,120.35,48.01,195.45,45.51,1.17,0.0035,0.45,40.58,944,8.06,42,Normal
2023-03-30 06:00:00,M-101,67.08,4.95,1491,122.25,51.63,194.9,43.96,1.01,0.0148,0.21,15.45,952,3.09,92,Normal
2023-03-30 07:00:00,M-105,65.57,5.19,1501,119.65,49.17,200.23,45.75,0.98,0.0054,0.1,27.69,964,3.87,104,Normal
2023-03-30 08:00:00,M-103,64.72,4.98,1489,129.62,43.4,197.56,53.79,3.27,0.0505,0.0,12.88,990,1.66,174,Warning
2023-03-30 09:00:00,M-102,75.74,8.76,1405,123.6,44.78,177.08,60.85,4.95,0.0677,1.83,64.41,773,13.07,8,Warning
2023-03-30 10:00:00,M-102,63.14,5.6,1507,120.23,48.93,197.36,44.94,1.14,0.0021,0.12,38.53,974,5.86,83,Normal
2023-03-30 11:00:00,M-101,67.22,4.95,1495,119.38,49.72,195.83,44.78,0.77,0.0083,0.22,29.73,963,5.02,74,Normal
2023-03-30 12:00:00,M-101,72.6,12.89,1457,127.91,44.19,178.37,59.21,3.69,0.063,2.34,53.54,687,12.79,8,Warning
2023-03-30 13:00:00,M-101,71.15,15.09,1395,138.13,51.77,188.69,51.92,2.42,0.0695,2.63,75.37,677,15.1,4,Warning
2023-03-30 14:00:00,M-105,63.54,5.28,1501,120.34,49.78,208.11,44.87,1.32,0.0128,0.06,37.57,1000,6.31,101,Normal
2023-03-30 15:00:00,M-105,64.72,7.04,1506,119.81,48.8,201.03,44.18,1.09,0.0133,0.41,36.21,971,6.52,48,Normal
2023-03-30 16:00:00,M-101,60.46,5.33,1508,123.4,48.54,206.03,46.64,0.6,0.0124,0.07,14.55,1004,2.91,135,Normal
2023-03-30 17:00:00,M-105,66.87,12.38,1451,137.48,47.49,196.55,53.67,3.67,0.0403,1.66,64.04,798,13.22,9,Warning
2023-03-30 18:00:00,M-105,62.59,6.82,1493,121.86,50.84,193.7,44.0,0.94,0.0057,0.36,42.34,990,7.89,46,Normal
2023-03-30 19:00:00,M-102,63.62,7.01,1501,123.58,48.95,197.84,43.4,1.21,0.0113,0.4,21.17,992,3.74,60,Normal
2023-03-30 20:00:00,M-102,75.12,9.93,1489,123.9,43.92,185.95,56.85,3.05,0.0478,2.0,51.96,723,12.37,10,Warning
2023-03-30 21:00:00,M-105,65.44,3.7,1482,122.31,48.35,203.8,45.57,1.33,0.0069,0.04,26.61,1013,4.78,124,Normal
2023-03-30 22:00:00,M-103,64.61,4.84,1487,119.9,51.86,204.92,44.46,1.01,0.0035,0.0,11.57,980,2.44,176,Normal
2023-03-30 23:00:00,M-105,67.52,4.38,1506,114.09,49.0,205.35,44.49,0.96,0.0054,0.25,39.62,948,5.2,60,Normal
2023-03-31 00:00:00,M-104,64.47,4.81,1488,120.82,49.87,196.21,44.39,0.75,0.008,0.0,26.81,995,4.66,146,Normal
2023-03-31 01:00:00,M-101,62.91,4.4,1508,121.38,50.52,196.81,45.58,1.16,0.0122,0.0,39.13,999,6.16,121,Normal
2023-03-31 02:00:00,M-105,62.23,4.57,1521,120.41,52.3,192.78,45.75,0.49,0.01,0.0,17.6,1012,2.27,164,Normal
2023-03-31 03:00:00,M-105,67.38,4.33,1497,120.49,49.36,204.79,44.7,0.62,0.0108,0.24,37.55,987,6.83,64,Normal
2023-03-31 04:00:00,M-102,62.92,5.45,1489,123.21,50.81,199.64,46.26,0.68,0.0063,0.09,24.95,984,3.13,110,Normal
2023-03-31 05:00:00,M-105,68.32,6.18,1495,121.86,49.79,196.98,44.35,0.95,0.008,0.57,32.2,932,6.77,41,Normal
2023-03-31 06:00:00,M-102,66.86,5.2,1502,118.87,50.5,204.27,45.06,1.5,0.0022,0.23,33.63,976,5.15,69,Normal
2023-03-31 07:00:00,M-104,69.13,16.37,1416,129.06,44.57,193.79,51.12,3.86,0.0749,2.69,79.07,664,17.21,3,Warning
2023-03-31 08:00:00,M-101,65.98,4.03,1502,121.07,49.31,194.74,45.09,0.93,0.0174,0.1,11.8,1003,2.26,126,Normal
2023-03-31 09:00:00,M-104,66.53,4.61,1490,119.86,52.26,197.35,45.43,1.08,0.0081,0.15,26.68,1011,5.1,90,Normal
2023-03-31 10:00:00,M-103,68.92,6.33,1506,124.02,49.71,195.84,44.47,0.8,0.0106,0.66,20.1,927,4.2,44,Normal
2023-03-31 11:00:00,M-101,68.62,6.4,1500,117.97,50.81,212.63,46.36,0.74,0.009,0.64,19.94,908,3.81,44,Normal
2023-03-31 12:00:00,M-105,75.98,13.65,1470,138.87,49.5,183.51,57.91,2.62,0.0472,2.83,67.29,638,16.18,5,Warning
2023-03-31 13:00:00,M-103,63.1,5.69,1495,119.09,48.89,206.94,46.61,1.2,0.0113,0.14,39.39,986,6.73,78,Normal
2023-03-31 14:00:00,M-104,76.21,12.99,1405,129.22,45.75,193.67,52.23,1.73,0.0453,2.72,53.24,712,13.64,7,Warning
2023-03-31 15:00:00,M-101,81.91,22.46,1196,151.12,39.06,192.81,72.87,6.26,0.0993,5.18,100.0,361,24.64,0,Failure
2023-03-31 16:00:00,M-103,63.49,4.23,1526,119.61,51.37,208.42,44.82,1.07,0.0105,0.0,25.26,967,4.16,149,Normal
2023-03-31 17:00:00,M-105,62.98,6.9,1495,120.85,49.98,200.93,44.56,1.26,0.0091,0.38,18.54,966,3.84,64,Normal
2023-03-31 18:00:00,M-103,72.95,13.73,1500,129.28,43.98,188.03,59.86,3.86,0.079,2.54,77.4,701,15.55,4,Warning
2023-03-31 19:00:00,M-103,67.42,5.22,1489,120.33,51.45,208.73,43.98,0.83,0.0035,0.29,33.85,970,5.79,61,Normal
2023-03-31 20:00:00,M-105,64.01,5.79,1511,123.52,48.89,202.04,44.04,0.8,0.0118,0.16,41.0,982,6.1,72,Normal
2023-03-31 21:00:00,M-104,62.94,4.9,1495,118.43,49.12,196.8,43.81,1.11,0.0156,0.0,17.73,1008,3.35,164,Normal
2023-03-31 22:00:00,M-101,66.04,5.42,1498,118.12,51.35,199.49,44.12,1.09,0.0063,0.19,16.55,958,3.36,95,Normal
2023-03-31 23:00:00,M-104,80.33,25.23,1275,129.05,33.28,194.59,66.57,6.53,0.1504,5.58,100.0,334,26.93,0,Failure
2023-04-01 00:00:00,M-102,65.66,5.24,1478,120.86,50.17,197.96,44.86,0.99,0.0091,0.11,12.06,1028,2.2,120,Normal
2023-04-01 01:00:00,M-103,72.39,10.28,1442,130.76,49.82,183.58,50.04,4.4,0.0324,1.79,60.7,814,13.32,9,Warning
2023-04-01 02:00:00,M-103,62.72,6.84,1490,119.46,50.71,203.78,45.57,0.92,0.007,0.37,16.06,1006,3.92,67,Normal
2023-04-01 03:00:00,M-104,69.87,11.74,1423,138.48,52.22,191.68,56.48,2.9,0.0472,1.83,43.76,781,9.56,13,Warning
2023-04-01 04:00:00,M-101,65.86,6.86,1504,119.1,48.64,193.89,43.7,1.38,0.0114,0.46,25.35,933,4.56,52,Normal
2023-04-01 05:00:00,M-102,63.89,4.81,1498,120.81,50.54,199.24,44.96,0.38,0.0077,0.0,21.32,1028,3.42,157,Normal
2023-04-01 06:00:00,M-102,65.83,4.53,1487,118.07,49.09,200.04,45.19,0.97,0.0098,0.08,35.74,969,5.0,96,Normal
2023-04-01 07:00:00,M-103,65.42,5.21,1498,123.72,50.24,202.87,42.76,0.81,0.0126,0.08,36.58,995,5.46,95,Normal
2023-04-01 08:00:00,M-102,63.13,5.46,1502,119.64,50.86,197.14,45.27,0.97,0.0069,0.09,17.84,999,4.03,120,Normal
2023-04-01 09:00:00,M-105,62.53,5.78,1481,121.32,52.69,205.29,46.34,0.98,0.0147,0.16,33.02,986,6.28,82,Normal
2023-04-01 10:00:00,M-101,63.25,4.56,1488,121.53,49.41,184.72,47.46,0.89,0.0071,0.0,15.74,1033,2.48,168,Normal
2023-04-01 11:00:00,M-104,72.69,8.76,1428,136.68,39.82,199.23,59.1,2.64,0.0592,1.52,49.25,801,10.56,14,Warning
2023-04-01 12:00:00,M-101,62.22,5.41,1511,119.23,49.79,194.31,45.01,1.15,0.014,0.08,17.35,1001,3.12,124,Normal
2023-04-01 13:00:00,M-104,63.47,4.06,1483,119.42,51.22,203.33,46.12,0.87,0.0092,0.0,20.53,961,3.58,158,Normal
2023-04-01 14:00:00,M-105,64.25,6.93,1494,122.89,49.87,194.09,44.53,0.74,0.0057,0.39,32.9,936,5.32,52,Normal
2023-04-01 15:00:00,M-104,64.68,4.21,1502,120.33,52.48,196.19,44.99,0.81,0.0197,0.0,28.19,1034,3.44,143,Normal
2023-04-01 16:00:00,M-101,66.51,3.88,1515,120.9,50.65,202.23,43.49,0.76,0.0074,0.15,26.09,994,3.54,92,Normal
2023-04-01 17:00:00,M-105,64.13,3.93,1508,119.68,50.53,193.9,46.3,1.1,0.012,0.0,30.53,1018,4.74,138,Normal
2023-04-01 18:00:00,M-105,65.93,3.74,1502,118.87,48.89,198.55,45.18,1.05,0.0153,0.09,14.58,1014,2.47,124,Normal
2023-04-01 19:00:00,M-105,65.22,3.06,1519,119.92,50.5,193.43,46.46,1.28,0.0143,0.02,19.33,1002,4.11,148,Normal
2023-04-01 20:00:00,M-102,66.43,5.25,1503,120.27,48.91,211.84,44.5,1.09,0.0068,0.19,21.86,931,3.33,88,Normal
2023-04-01 21:00:00,M-102,64.59,4.41,1489,118.9,50.51,197.32,44.81,1.42,0.0154,0.0,18.56,1004,2.91,162,Normal
2023-04-01 22:00:00,M-104,65.02,5.02,1485,119.86,50.32,206.67,44.25,1.46,0.0128,0.01,31.6,968,4.8,133,Normal
2023-04-01 23:00:00,M-105,60.35,4.78,1502,115.89,50.61,196.49,45.3,1.03,0.0087,0.0,25.59,1015,3.98,148,Normal
2023-04-02 00:00:00,M-103,82.39,12.8,1444,129.67,42.77,183.88,56.33,2.84,0.0566,3.3,85.93,574,19.74,1,Warning
2023-04-02 01:00:00,M-102,58.55,4.77,1489,116.84,48.8,200.35,45.66,0.82,0.0129,0.0,14.18,1016,2.29,171,Normal
2023-04-02 02:00:00,M-104,73.46,9.8,1418,133.32,47.59,193.19,52.52,3.33,0.0117,1.81,47.4,809,10.97,12,Warning
2023-04-02 03:00:00,M-102,64.59,4.4,1503,116.03,49.74,194.47,43.65,0.9,0.0224,0.0,20.02,1012,2.44,159,Normal
2023-04-02 04:00:00,M-104,62.64,6.56,1510,122.47,51.89,200.41,43.99,0.98,0.0072,0.31,16.57,948,2.66,74,Normal
2023-04-02 05:00:00,M-105,80.65,10.51,1507,126.86,43.63,198.03,54.67,3.29,0.0238,2.67,63.21,682,15.0,6,Warning
2023-04-02 06:00:00,M-102,66.66,5.55,1510,120.49,51.29,200.28,45.0,1.13,0.0179,0.28,37.59,997,6.62,59,Normal
2023-04-02 07:00:00,M-105,66.41,6.07,1510,119.86,49.44,202.13,43.55,1.12,0.0137,0.35,37.03,953,6.29,52,Normal
2023-04-02 08:00:00,M-103,77.99,14.75,1438,137.49,47.09,191.01,58.3,5.59,0.0266,3.25,74.1,594,16.85,3,Warning
2023-04-02 09:00:00,M-105,65.92,5.11,1507,114.81,51.07,205.38,43.62,1.28,0.019,0.11,20.12,959,3.3,109,Normal
2023-04-02 10:00:00,M-102,67.94,5.12,1486,119.37,50.26,196.77,43.99,0.96,0.0047,0.32,30.05,974,5.36,61,Normal
2023-04-02 11:00:00,M-102,64.62,4.57,1485,119.84,50.21,193.15,46.08,1.06,0.0058,0.0,28.79,998,4.74,142,Normal
2023-04-02 12:00:00,M-102,62.21,6.79,1485,121.37,49.02,189.65,44.63,1.18,0.0039,0.36,22.94,968,4.78,63,Normal
2023-04-02 13:00:00,M-105,66.4,2.97,1495,121.92,51.11,202.07,45.18,0.81,0.0154,0.14,13.03,959,1.43,111,Normal
2023-04-02 14:00:00,M-102,67.13,5.92,1501,122.38,49.06,205.39,44.21,1.25,0.0099,0.4,39.23,912,6.28,46,Normal
2023-04-02 15:00:00,M-102,66.36,4.56,1492,125.8,48.79,209.33,44.19,1.13,0.0095,0.14,30.38,998,4.14,90,Normal
2023-04-02 16:00:00,M-105,63.7,3.39,1489,119.11,47.63,197.62,44.8,0.74,0.0048,0.0,13.94,995,2.76,172,Normal
2023-04-02 17:00:00,M-105,66.91,7.27,1505,122.6,49.58,199.06,45.41,0.62,0.0127,0.64,29.28,910,5.45,39,Normal
2023-04-02 18:00:00,M-101,65.67,5.08,1513,124.95,48.74,200.74,45.15,1.0,0.0046,0.08,14.78,971,1.98,128,Normal
2023-04-02 19:00:00,M-102,75.76,12.42,1452,125.51,45.39,200.31,55.88,4.07,0.0522,2.56,67.31,679,15.65,5,Warning
2023-04-02 20:00:00,M-105,81.88,8.83,1476,133.73,42.29,198.07,56.49,4.89,0.0539,2.45,55.52,703,12.58,8,Warning
2023-04-02 21:00:00,M-104,64.48,4.66,1495,121.63,50.1,194.03,43.82,0.61,0.0144,0.0,24.71,995,4.08,150,Normal
2023-04-02 22:00:00,M-103,80.97,12.53,1404,131.88,46.03,199.78,54.07,3.01,0.0371,3.1,78.39,639,17.6,3,Warning
2023-04-02 23:00:00,M-105,64.02,3.18,1498,120.01,50.05,192.75,45.35,0.8,0.0088,0.0,32.56,985,5.46,134,Normal
2023-04-03 00:00:00,M-104,66.09,5.11,1493,120.48,50.88,200.43,45.1,0.83,0.0157,0.13,35.78,1005,5.52,84,Normal
2023-04-03 01:00:00,M-104,66.36,4.88,1495,117.82,50.65,197.16,45.63,1.0,0.0086,0.14,34.5,966,6.1,84,Normal
2023-04-03 02:00:00,M-105,62.5,4.77,1502,118.98,50.76,198.95,42.92,1.11,0.0056,0.0,27.81,992,4.84,144,Normal
2023-04-03 03:00:00,M-102,65.73,4.36,1490,119.42,49.43,202.48,44.92,1.23,0.0132,0.07,18.79,973,2.75,125,Normal
2023-04-03 04:00:00,M-102,77.11,7.37,1477,127.99,47.97,200.31,56.92,2.19,0.025,1.68,48.94,769,10.65,13,Warning
2023-04-03 05:00:00,M-101,63.82,5.15,1496,121.15,50.42,201.63,45.19,1.0,0.003,0.03,15.56,1004,2.76,151,Normal
2023-04-03 06:00:00,M-105,65.49,5.61,1498,121.62,49.94,203.62,44.54,0.92,0.013,0.17,28.6,972,4.97,84,Normal
2023-04-03 07:00:00,M-102,65.42,6.25,1500,120.4,49.62,194.65,45.56,0.69,0.0053,0.29,44.18,968,6.79,51,Normal
2023-04-03 08:00:00,M-101,68.33,7.2,1503,120.02,49.65,204.12,47.19,1.36,0.0157,0.77,45.28,929,8.32,26,Normal
2023-04-03 09:00:00,M-101,63.46,4.98,1508,118.35,50.16,190.95,44.19,0.83,0.0184,0.0,28.29,973,4.44,143,Normal
2023-04-03 10:00:00,M-104,63.98,5.21,1502,120.46,50.15,196.79,44.84,1.01,0.011,0.04,27.28,993,4.27,124,Normal
2023-04-03 11:00:00,M-103,65.96,5.42,1517,120.58,49.05,202.98,45.73,0.84,0.0057,0.18,17.56,997,2.73,95,Normal
2023-04-03 12:00:00,M-101,63.96,4.51,1484,121.02,50.37,202.13,45.28,0.85,0.0148,0.0,31.69,1019,4.5,136,Normal
2023-04-03 13:00:00,M-105,63.16,4.66,1509,117.64,48.68,190.93,43.74,0.84,0.0106,0.0,11.48,976,2.05,177,Normal
2023-04-03 14:00:00,M-105,64.41,4.33,1502,120.0,51.0,186.86,44.08,1.11,0.0103,0.0,18.29,1015,2.83,163,Normal
2023-04-03 15:00:00,M-103,66.21,7.64,1494,118.69,50.47,209.13,45.67,0.93,0.0149,0.65,35.38,958,6.22,35,Normal
2023-04-03 16:00:00,M-104,65.37,4.75,1513,120.6,50.13,194.0,45.66,0.9,0.0078,0.04,13.86,985,1.95,149,Normal
2023-04-03 17:00:00,M-104,63.85,5.99,1501,122.55,47.75,197.4,44.26,0.95,0.0048,0.2,38.36,943,6.49,68,Normal
2023-04-03 18:00:00,M-105,63.94,3.89,1507,119.62,49.68,200.55,44.83,0.6,0.0075,0.0,21.3,1017,2.85,157,Normal
2023-04-03 19:00:00,M-103,64.21,5.76,1499,119.73,49.08,206.9,45.98,1.18,0.0097,0.15,33.15,989,3.99,83,Normal
2023-04-03 20:00:00,M-104,62.25,5.09,1493,119.45,51.98,193.89,45.3,0.82,0.0085,0.02,16.93,1012,2.74,154,Normal
2023-04-03 21:00:00,M-103,66.31,4.79,1491,121.55,51.81,205.62,46.98,0.88,0.0152,0.13,19.36,1009,2.92,105,Normal
2023-04-03 22:00:00,M-104,65.59,4.85,1474,119.13,48.83,202.47,44.81,0.87,0.0232,0.06,28.93,1013,3.66,114,Normal
2023-04-03 23:00:00,M-101,65.61,4.76,1501,121.27,49.2,199.73,43.19,1.02,-0.0003,0.06,37.57,1018,5.02,100,Normal
2023-04-04 00:00:00,M-104,66.88,6.96,1498,125.62,50.21,204.75,44.39,1.32,0.0152,0.58,23.61,959,3.81,45,Normal
2023-04-04 01:00:00,M-102,65.24,6.63,1504,120.06,49.16,192.49,45.86,1.01,0.0131,0.35,21.03,914,4.22,65,Normal
2023-04-04 02:00:00,M-105,65.13,4.54,1489,120.58,50.54,200.61,44.44,1.12,0.009,0.01,28.78,974,4.13,135,Normal
2023-04-04 03:00:00,M-103,77.24,18.54,1440,121.01,38.59,210.16,49.27,3.08,0.0197,3.93,77.27,512,19.13,2,Warning
2023-04-04 04:00:00,M-105,66.67,4.76,1504,121.01,51.27,193.96,45.92,1.0,0.0081,0.17,18.26,956,3.59,98,Normal
2023-04-04 05:00:00,M-101,67.36,6.84,1504,122.47,50.62,197.93,43.49,0.95,0.0043,0.6,40.34,948,7.82,34,Normal
2023-04-04 06:00:00,M-101,79.3,8.2,1465,129.22,48.27,176.76,56.1,3.23,0.0102,2.07,53.95,733,12.8,9,Warning
2023-04-04 07:00:00,M-102,62.37,5.92,1501,119.97,49.05,197.75,45.01,1.04,0.0055,0.18,38.05,992,6.48,71,Normal
2023-04-04 08:00:00,M-105,64.8,4.87,1505,121.58,50.06,205.6,45.66,0.64,0.003,0.0,33.13,1023,5.03,133,Normal
2023-04-04 09:00:00,M-101,64.63,5.0,1494,117.53,50.06,196.1,45.59,0.99,0.0004,0.0,16.81,1027,2.74,166,Normal
2023-04-04 10:00:00,M-103,64.9,3.91,1504,118.29,51.58,202.47,44.72,1.02,0.0145,0.0,26.66,1003,3.17,146,Normal
2023-04-04 11:00:00,M-101,67.22,5.36,1501,122.69,49.21,193.3,43.98,1.11,0.0075,0.29,44.38,947,6.76,51,Normal
2023-04-04 12:00:00,M-104,63.39,3.2,1510,119.11,48.93,196.23,46.72,0.87,0.0094,0.0,20.39,991,3.43,159,Normal
2023-04-04 13:00:00,M-105,62.54,5.79,1484,116.98,50.02,196.23,44.47,1.03,0.0072,0.16,30.82,962,5.18,84,Normal
2023-04-04 14:00:00,M-105,68.49,4.93,1495,122.29,49.98,194.17,45.04,0.84,-0.005,0.35,21.12,940,3.31,65,Normal
2023-04-04 15:00:00,M-102,64.03,4.18,1506,117.05,50.78,202.65,47.06,1.36,0.006,0.0,31.89,1024,4.62,136,Normal
2023-04-04 16:00:00,M-104,67.09,5.11,1501,122.56,50.11,196.36,45.59,0.58,0.0166,0.23,33.68,999,5.16,68,Normal
2023-04-04 17:00:00,M-105,65.65,5.49,1488,122.89,49.5,198.92,44.74,1.01,0.0246,0.16,13.5,968,1.58,104,Normal
2023-04-04 18:00:00,M-101,67.13,5.22,1507,120.89,49.68,194.99,45.26,1.02,0.0146,0.26,20.02,966,3.7,78,Normal
2023-04-04 19:00:00,M-105,63.65,3.53,1489,117.6,51.23,191.32,45.63,0.86,0.0152,0.0,33.75,991,5.08,132,Normal
2023-04-04 20:00:00,M-102,62.6,5.47,1492,118.32,51.4,211.05,45.94,0.78,0.0188,0.09,29.0,957,4.59,103,Normal
2023-04-04 21:00:00,M-101,63.63,3.99,1504,117.54,48.79,197.58,45.51,1.29,0.0113,0.0,18.99,1009,3.34,162,Normal
2023-04-04 22:00:00,M-101,87.77,25.7,1281,146.43,35.32,167.78,70.85,9.51,0.2037,6.42,100.0,206,28.02,0,Failure
2023-04-04 23:00:00,M-101,85.74,20.02,1294,150.82,36.92,183.56,67.4,9.17,0.1191,5.08,100.0,394,24.87,0,Failure
2023-04-05 00:00:00,M-104,68.96,4.91,1501,120.64,49.94,202.71,43.29,1.04,0.0031,0.4,27.53,933,4.81,56,Normal
2023-04-05 01:00:00,M-104,66.39,4.85,1507,120.14,51.17,197.49,43.13,0.68,0.0075,0.14,22.16,965,3.31,100,Normal
2023-04-05 02:00:00,M-102,62.19,6.54,1493,115.54,49.64,194.38,44.12,1.14,0.0078,0.31,39.18,939,6.72,54,Normal
2023-04-05 03:00:00,M-101,75.48,11.67,1435,139.84,53.38,182.93,51.79,3.04,0.0045,2.38,74.26,715,16.91,4,Warning
2023-04-05 04:00:00,M-105,65.09,4.94,1488,116.97,50.39,200.94,45.94,1.15,0.006,0.01,32.85,1021,5.03,129,Normal
2023-04-05 05:00:00,M-105,80.93,16.77,1456,127.34,48.11,194.29,56.54,3.78,0.031,3.95,70.27,543,18.51,3,Warning
2023-04-05 06:00:00,M-103,65.05,6.31,1500,120.17,50.33,202.3,44.67,1.07,0.0048,0.27,36.27,952,5.8,61,Normal
2023-04-05 07:00:00,M-103,64.27,5.37,1506,116.89,49.27,196.14,44.77,0.6,0.0157,0.07,32.98,992,5.03,103,Normal
2023-04-05 08:00:00,M-102,64.89,6.27,1479,123.75,50.69,200.51,44.11,0.91,0.013,0.25,20.14,982,3.75,79,Normal
2023-04-05 09:00:00,M-104,67.94,5.0,1490,120.02,50.77,189.39,44.99,1.13,0.0112,0.29,19.11,957,2.85,74,Normal
2023-04-05 10:00:00,M-103,71.32,4.74,1498,121.24,50.98,200.85,46.16,0.76,0.0062,0.63,24.41,947,3.81,42,Normal
2023-04-05 11:00:00,M-105,65.09,6.16,1500,121.15,50.55,198.42,42.57,1.27,0.0122,0.24,38.18,945,6.4,62,Normal
2023-04-05 12:00:00,M-101,67.63,5.2,1496,124.89,49.88,201.27,45.18,0.97,0.0122,0.3,23.56,946,5.13,69,Normal
2023-04-05 13:00:00,M-103,79.62,13.13,1448,128.55,42.04,205.57,51.9,2.15,0.0461,3.09,66.6,627,16.47,5,Warning
2023-04-05 14:00:00,M-105,77.71,20.63,1278,141.15,44.28,152.01,69.49,7.68,0.101,4.4,100.0,482,23.55,0,Failure
2023-04-05 15:00:00,M-105,71.29,19.7,1442,125.39,45.41,196.11,54.58,3.24,0.07,3.57,69.53,552,17.65,3,Warning
2023-04-05 16:00:00,M-105,64.84,3.33,1497,123.43,49.83,194.8,45.5,0.87,0.0097,0.0,30.8,974,4.3,138,Normal
2023-04-05 17:00:00,M-104,85.46,29.46,1325,143.87,24.67,169.22,73.88,8.92,0.2155,6.94,100.0,154,28.67,0,Failure
2023-04-05 18:00:00,M-105,66.68,4.85,1493,119.23,50.77,191.95,44.64,1.21,0.0092,0.17,33.33,985,4.88,79,Normal
2023-04-05 19:00:00,M-102,66.88,4.93,1497,118.16,50.8,209.33,45.61,0.91,0.0169,0.19,26.44,984,4.13,83,Normal
2023-04-05 20:00:00,M-104,64.52,6.25,1494,119.02,50.48,207.84,44.79,0.49,0.0022,0.25,25.11,975,3.86,74,Normal
2023-04-05 21:00:00,M-105,68.89,8.09,1450,122.1,40.59,191.66,53.15,3.36,0.0432,1.01,49.79,875,9.87,19,Warning
2023-04-05 22:00:00,M-104,63.81,4.59,1488,117.42,48.35,193.35,46.63,0.86,-0.0047,0.0,11.8,988,1.79,176,Normal
2023-04-05 23:00:00,M-101,62.77,5.46,1496,120.59,49.97,192.91,46.3,1.0,0.0082,0.09,28.88,1000,3.94,103,Normal
2023-04-06 00:00:00,M-102,64.52,4.87,1505,122.99,49.51,203.46,44.18,1.07,0.0149,0.0,34.77,974,5.73,130,Normal
2023-04-06 01:00:00,M-102,72.53,8.61,1489,130.13,48.19,189.48,61.61,4.18,0.0468,1.47,43.11,823,9.43,16,Warning
2023-04-06 02:00:00,M-104,87.79,17.0,1292,138.8,35.92,158.28,70.37,6.46,0.1424,4.68,100.0,479,22.02,0,Failure
2023-04-06 03:00:00,M-105,63.71,7.15,1494,119.09,51.75,204.85,44.56,1.15,0.0088,0.43,30.42,944,5.02,51,Normal
2023-04-06 04:00:00,M-103,69.1,4.03,1501,119.68,50.9,200.57,45.15,0.47,0.0058,0.41,22.3,965,4.26,58,Normal
2023-04-06 05:00:00,M-101,68.77,4.91,1484,123.79,49.6,207.27,45.63,0.97,0.0148,0.38,25.75,940,4.47,59,Normal
2023-04-06 06:00:00,M-103,64.3,6.3,1494,119.32,50.74,192.9,44.16,0.85,0.0103,0.26,18.4,961,3.84,80,Normal
2023-04-06 07:00:00,M-102,62.55,5.24,1498,118.05,48.78,196.46,44.19,0.96,0.0079,0.05,36.98,1002,6.05,105,Normal
2023-04-06 08:00:00,M-103,64.79,4.05,1507,118.15,49.98,199.73,44.79,0.92,0.0059,0.0,22.15,967,3.06,155,Normal
2023-04-06 09:00:00,M-105,65.79,5.39,1489,117.69,50.24,197.84,45.89,0.78,0.0007,0.16,24.01,993,2.97,93,Normal
2023-04-06 10:00:00,M-102,65.85,4.75,1511,117.86,49.18,190.33,45.77,0.84,0.0101,0.08,26.07,1009,3.92,110,Normal
2023-04-06 11:00:00,M-102,65.56,4.67,1521,122.58,52.11,202.37,45.91,0.79,0.0087,0.06,13.08,1011,2.23,142,Normal
2023-04-06 12:00:00,M-102,71.04,12.45,1477,138.2,39.67,190.21,56.47,3.3,0.0702,2.09,49.88,761,12.03,10,Warning
2023-04-06 13:00:00,M-102,64.17,3.64,1505,123.93,50.26,203.21,43.83,0.99,0.0094,0.0,16.67,982,2.72,166,Normal
2023-04-06 14:00:00,M-102,76.42,14.32,1405,129.97,47.61,175.16,54.81,1.78,0.0372,3.01,58.26,589,14.72,6,Warning
2023-04-06 15:00:00,M-103,65.69,5.62,1511,119.29,49.33,204.26,43.34,1.15,0.0107,0.19,39.62,985,6.51,68,Normal
2023-04-06 16:00:00,M-101,63.82,6.07,1503,117.17,49.07,207.76,43.57,1.46,0.0071,0.21,39.87,1005,7.05,64,Normal
2023-04-06 17:00:00,M-101,62.16,3.87,1504,120.91,49.77,197.79,44.57,0.82,0.0098,0.0,34.13,968,5.69,131,Normal
2023-04-06 18:00:00,M-104,61.52,6.4,1501,120.06,51.09,204.36,44.24,0.91,0.0044,0.28,36.65,937,6.25,59,Normal
2023-04-06 19:00:00,M-105,87.92,28.19,1334,143.61,43.53,151.34,65.3,7.44,0.1543,6.93,100.0,184,28.94,0,Failure
2023-04-06 20:00:00,M-104,65.89,5.37,1505,120.36,48.54,202.53,45.28,0.71,0.0169,0.16,15.9,991,2.56,101,Normal
2023-04-06 21:00:00,M-103,63.28,4.15,1493,119.32,49.72,207.84,45.92,1.06,0.0193,0.0,36.33,997,5.69,127,Normal
2023-04-06 22:00:00,M-105,72.1,15.57,1459,126.58,43.75,184.11,61.07,3.0,0.0532,2.82,72.51,675,17.08,4,Warning
2023-04-06 23:00:00,M-104,62.74,6.12,1498,118.62,47.65,206.57,44.72,0.98,0.0116,0.22,40.22,1010,6.37,63,Normal
2023-04-07 00:00:00,M-105,63.02,4.98,1508,115.79,48.73,198.32,45.02,0.99,0.0144,0.0,17.67,1009,2.36,164,Normal
2023-04-07 01:00:00,M-102,65.33,5.11,1511,121.29,49.37,203.01,44.63,0.84,0.0128,0.05,35.86,997,4.89,105,Normal
2023-04-07 02:00:00,M-102,66.45,4.51,1503,122.61,49.64,200.58,43.64,0.85,0.0083,0.15,22.83,961,4.04,97,Normal
2023-04-07 03:00:00,M-104,68.07,5.06,1492,113.19,51.7,193.31,43.53,0.94,0.0098,0.32,19.27,962,3.1,71,Normal
2023-04-07 04:00:00,M-105,63.55,5.9,1497,119.35,49.68,199.51,44.58,0.83,0.0149,0.18,37.99,965,5.92,72,Normal
2023-04-07 05:00:00,M-103,64.56,6.17,1505,123.13,49.42,194.18,46.0,1.0,0.006,0.23,35.74,981,5.48,66,Normal
2023-04-07 06:00:00,M-102,64.24,6.06,1519,119.37,50.69,188.69,43.74,1.02,0.005,0.21,37.43,1015,5.7,67,Normal
2023-04-07 07:00:00,M-101,65.67,6.9,1498,120.03,48.47,200.54,45.67,0.98,0.0099,0.45,31.51,950,5.09,49,Normal
2023-04-07 08:00:00,M-104,66.31,4.79,1504,115.96,51.03,212.83,42.91,0.94,0.0095,0.13,27.81,1001,4.16,94,Normal
2023-04-07 09:00:00,M-101,65.39,5.07,1515,122.36,50.68,198.62,45.96,0.88,0.0139,0.05,11.39,979,1.96,146,Normal
2023-04-07 10:00:00,M-102,64.43,4.36,1500,119.37,51.13,195.61,43.27,0.73,0.015,0.0,16.6,980,2.35,166,Normal
2023-04-07 11:00:00,M-101,66.87,4.72,1507,120.02,49.74,194.8,45.07,1.15,0.0066,0.19,28.72,977,4.41,81,Normal
2023-04-07 12:00:00,M-105,74.78,12.07,1449,121.31,46.49,182.24,59.31,1.54,0.0512,2.39,73.01,668,15.68,5,Warning
2023-04-07 13:00:00,M-102,63.24,3.52,1491,122.29,49.61,205.41,44.97,0.83,0.0063,0.0,18.74,1004,2.0,162,Normal
2023-04-07 14:00:00,M-102,65.52,5.78,1502,124.05,50.18,204.96,44.68,0.82,0.0136,0.21,32.89,973,5.52,73,Normal
2023-04-07 15:00:00,M-105,66.01,6.11,1490,119.22,48.71,202.25,46.23,0.89,0.0136,0.32,31.22,945,5.65,59,Normal
2023-04-07 16:00:00,M-102,68.42,2.99,1496,118.14,50.67,209.62,45.65,1.59,0.0031,0.34,31.78,932,5.31,57,Normal
2023-04-07 17:00:00,M-102,63.83,4.27,1492,117.41,51.55,197.06,44.86,0.94,0.0073,0.0,39.59,1008,5.78,120,Normal
2023-04-07 18:00:00,M-103,66.16,5.8,1514,120.94,50.13,202.88,44.73,0.95,0.0011,0.28,41.46,984,7.56,55,Normal
2023-04-07 19:00:00,M-104,67.0,5.0,1497,123.47,49.42,201.32,44.93,1.24,0.0164,0.2,17.87,986,2.82,91,Normal
2023-04-07 20:00:00,M-102,63.14,4.9,1494,124.53,51.47,205.32,43.51,1.17,0.0109,0.0,24.7,1024,4.69,150,Normal
2023-04-07 21:00:00,M-105,65.61,4.66,1491,118.76,50.71,211.56,44.88,1.24,0.0145,0.06,32.11,986,5.44,109,Normal
2023-04-07 22:00:00,M-101,63.17,6.06,1509,117.61,49.47,208.45,45.41,1.16,0.0042,0.21,25.42,987,5.06,80,Normal
2023-04-07 23:00:00,M-102,64.07,4.26,1502,119.46,48.07,204.46,45.87,0.79,0.0099,0.0,33.43,979,4.59,133,Normal
2023-04-08 00:00:00,M-104,64.71,3.68,1501,120.14,50.97,204.29,45.55,1.08,0.0096,0.0,22.5,1012,4.4,155,Normal
2023-04-08 01:00:00,M-102,63.99,5.45,1503,115.74,49.32,203.63,44.06,0.92,0.004,0.09,28.75,972,4.23,104,Normal
2023-04-08 02:00:00,M-101,63.68,2.79,1506,118.62,48.9,193.52,44.58,0.68,0.0197,0.0,39.03,952,5.96,121,Normal
2023-04-08 03:00:00,M-104,66.62,5.11,1495,120.52,49.49,205.56,44.64,0.98,0.0132,0.18,18.67,1024,2.66,93,Normal
2023-04-08 04:00:00,M-105,64.76,5.75,1505,118.73,49.51,198.07,46.88,1.14,0.0195,0.15,15.72,998,1.56,105,Normal
2023-04-08 05:00:00,M-103,64.26,5.31,1498,120.23,49.22,206.3,44.59,0.75,0.0098,0.06,32.06,1011,5.21,108,Normal
2023-04-08 06:00:00,M-103,67.04,4.84,1495,118.75,49.28,199.91,44.79,0.83,0.0043,0.2,18.4,973,2.54,89,Normal
2023-04-08 07:00:00,M-105,63.94,5.24,1494,116.66,50.65,203.46,45.7,0.81,0.0099,0.05,18.15,998,3.12,136,Normal
2023-04-08 08:00:00,M-101,62.1,6.68,1495,124.46,51.73,199.47,44.28,1.04,0.0091,0.34,27.96,951,5.3,61,Normal
2023-04-08 09:00:00,M-101,62.4,5.62,1490,119.12,50.32,201.63,45.11,1.29,0.0186,0.12,36.13,1020,5.58,85,Normal
2023-04-08 10:00:00,M-103,61.57,5.17,1498,119.67,48.44,194.56,44.93,1.22,0.007,0.03,24.43,987,3.33,132,Normal
2023-04-08 11:00:00,M-101,66.06,5.3,1490,119.76,48.44,200.68,44.66,1.42,0.0129,0.17,36.53,961,5.33,76,Normal
2023-04-08 12:00:00,M-103,66.2,6.64,1492,120.48,50.4,202.67,45.77,1.03,0.0126,0.45,45.62,927,7.13,38,Normal
2023-04-08 13:00:00,M-103,68.02,5.13,1499,118.41,51.23,204.93,44.1,1.1,0.014,0.33,40.51,935,7.05,51,Normal
2023-04-08 14:00:00,M-103,65.23,6.66,1527,120.93,50.54,203.63,45.02,1.23,0.015,0.35,22.29,964,5.1,64,Normal
2023-04-08 15:00:00,M-104,63.06,4.33,1492,117.61,49.05,204.7,45.22,0.74,0.0134,0.0,16.57,1006,2.96,166,Normal
2023-04-08 16:00:00,M-105,67.4,4.43,1505,123.16,50.34,198.02,46.04,0.85,0.0035,0.24,19.97,987,3.29,81,Normal
2023-04-08 17:00:00,M-105,63.94,5.37,1489,123.04,51.74,205.55,45.5,0.98,0.0109,0.07,14.71,976,2.43,131,Normal
2023-04-08 18:00:00,M-105,64.62,7.16,1495,123.03,50.06,186.61,45.64,1.25,0.0098,0.43,45.64,972,7.49,39,Normal
2023-04-08 19:00:00,M-103,67.6,5.65,1498,121.99,51.51,201.83,46.55,0.9,0.0055,0.39,28.98,946,5.15,55,Normal
2023-04-08 20:00:00,M-105,63.69,5.5,1488,120.83,50.56,205.42,43.88,0.7,0.0114,0.1,26.77,982,4.71,104,Normal
2023-04-08 21:00:00,M-104,75.59,15.64,1492,127.62,43.82,195.99,60.09,2.31,0.0132,3.19,75.44,630,18.37,3,Warning
2023-04-08 22:00:00,M-104,61.6,5.03,1502,116.98,50.8,200.58,45.19,0.82,0.0121,0.01,16.11,1016,2.22,163,Normal
2023-04-08 23:00:00,M-104,65.2,5.89,1509,121.83,50.05,195.13,44.68,1.0,0.0177,0.2,30.62,965,5.09,77,Normal
2023-04-09 00:00:00,M-102,70.12,9.42,1433,136.22,43.29,179.83,55.39,3.03,0.0402,1.4,36.77,829,8.46,19,Warning
2023-04-09 01:00:00,M-103,66.22,4.64,1502,119.27,50.45,201.25,47.22,0.72,0.011,0.12,41.64,976,6.55,78,Normal
2023-04-09 02:00:00,M-105,66.9,4.5,1498,116.64,48.76,202.19,46.01,1.14,0.0133,0.19,36.01,975,5.78,72,Normal
2023-04-09 03:00:00,M-101,62.94,4.89,1507,119.97,51.25,201.48,45.77,1.14,0.017,0.0,37.77,973,5.4,124,Normal
2023-04-09 04:00:00,M-103,59.52,7.15,1497,119.62,49.94,201.93,45.0,0.97,0.0165,0.43,44.74,959,7.25,40,Normal
2023-04-09 05:00:00,M-103,63.87,4.63,1513,119.27,50.3,199.54,43.69,0.93,-0.0024,0.0,18.71,1003,3.05,162,Normal
2023-04-09 06:00:00,M-103,64.4,3.78,1522,117.89,50.88,196.15,45.14,0.82,0.0038,0.0,34.78,1010,6.0,130,Normal
2023-04-09 07:00:00,M-104,67.47,5.89,1499,118.15,51.52,204.35,44.8,0.94,0.0039,0.43,44.88,964,7.67,40,Normal
2023-04-09 08:00:00,M-104,65.24,5.12,1488,121.29,48.3,200.92,46.77,1.14,0.0134,0.05,28.34,976,3.57,120,Normal
2023-04-09 09:00:00,M-103,66.8,5.38,1489,116.47,50.94,195.08,43.69,1.09,0.01,0.25,28.99,980,5.07,70,Normal
2023-04-09 10:00:00,M-105,77.81,22.64,1270,158.12,32.15,192.78,67.01,8.54,0.1626,4.81,100.0,420,24.94,0,Failure
2023-04-09 11:00:00,M-104,61.89,4.17,1509,119.15,50.2,213.13,42.75,0.97,0.0135,0.0,29.18,980,4.31,141,Normal
2023-04-09 12:00:00,M-101,65.86,4.22,1501,119.24,51.75,204.75,46.35,1.0,0.0141,0.09,25.86,991,3.84,110,Normal
2023-04-09 13:00:00,M-102,67.68,6.15,1497,120.31,49.06,204.65,45.84,0.75,0.0209,0.5,28.57,948,5.16,47,Normal
2023-04-09 14:00:00,M-101,63.61,3.8,1487,122.3,49.26,197.24,45.63,0.86,0.0015,0.0,39.0,968,6.23,122,Normal
2023-04-09 15:00:00,M-104,64.81,4.21,1483,121.98,47.77,192.46,45.5,1.0,0.0173,0.0,11.14,987,2.06,177,Normal
2023-04-09 16:00:00,M-101,77.1,11.5,1473,131.51,45.13,184.06,54.66,1.92,0.0492,2.51,62.31,700,15.13,6,Warning
2023-04-09 17:00:00,M-104,62.26,4.38,1492,120.59,50.34,203.3,45.7,1.34,0.0085,0.0,21.8,983,3.15,156,Normal
2023-04-09 18:00:00,M-101,64.3,3.9,1507,116.79,51.39,195.32,45.84,1.0,0.0114,0.0,30.17,988,4.46,139,Normal
2023-04-09 19:00:00,M-105,65.98,4.1,1494,120.03,48.26,197.47,45.79,0.9,0.0063,0.1,18.88,980,3.4,116,Normal
2023-04-09 20:00:00,M-101,66.53,5.19,1498,120.01,49.95,198.95,45.52,1.09,0.0021,0.19,30.85,974,4.56,78,Normal
2023-04-09 21:00:00,M-105,63.28,4.58,1503,123.77,49.92,203.3,46.13,1.3,0.0157,0.0,28.49,985,3.55,143,Normal
2023-04-09 22:00:00,M-104,64.66,4.64,1508,115.21,51.82,199.44,45.92,0.99,0.0125,0.0,10.1,953,1.9,179,Normal
2023-04-09 23:00:00,M-102,64.2,3.81,1491,118.38,50.08,190.52,45.31,1.25,0.0075,0.0,27.33,986,5.08,145,Normal
2023-04-10 00:00:00,M-104,66.53,5.83,1494,118.16,48.91,197.36,45.2,1.27,0.0155,0.32,37.0,929,5.94,55,Normal
2023-04-10 01:00:00,M-102,60.72,5.15,1493,118.2,48.05,209.39,43.9,0.64,0.0185,0.03,36.83,997,5.52,113,Normal
2023-04-10 02:00:00,M-102,64.25,4.51,1484,120.47,49.91,197.81,44.0,0.82,0.0131,0.0,13.88,1017,2.44,172,Normal
2023-04-10 03:00:00,M-103,71.76,7.9,1455,127.9,47.51,182.12,51.38,2.37,0.0604,1.26,53.63,842,10.51,15,Warning
2023-04-10 04:00:00,M-103,70.14,9.69,1500,133.29,43.42,198.66,54.54,4.35,0.0942,1.45,59.91,846,11.83,11,Warning
2023-04-10 05:00:00,M-104,85.08,20.03,1333,133.38,35.04,185.66,64.32,10.89,0.0961,5.01,100.0,388,25.54,0,Failure
2023-04-10 06:00:00,M-105,77.91,14.82,1382,133.83,40.73,174.24,58.98,1.99,0.0357,3.26,60.1,629,16.03,5,Warning
2023-04-10 07:00:00,M-105,66.82,5.88,1490,120.77,49.27,203.0,45.04,1.18,0.0219,0.36,27.33,956,4.26,59,Normal
2023-04-10 08:00:00,M-105,67.15,4.27,1501,118.94,49.14,204.86,43.95,1.06,0.0115,0.21,38.75,957,5.52,65,Normal
2023-04-10 09:00:00,M-105,65.67,3.7,1505,120.24,48.99,202.07,45.81,0.89,0.0139,0.07,36.58,986,6.06,100,Normal
2023-04-10 10:00:00,M-105,61.54,4.79,1504,116.79,49.11,193.85,45.79,1.33,0.009,0.0,37.39,1010,5.76,125,Normal
2023-04-10 11:00:00,M-105,64.05,3.15,1510,120.36,49.27,200.01,44.53,1.3,0.0134,0.0,31.95,977,4.15,136,Normal
2023-04-10 12:00:00,M-103,66.33,4.32,1487,121.21,49.37,202.13,45.5,1.11,0.0087,0.13,24.47,997,5.06,98,Normal
2023-04-10 13:00:00,M-102,72.76,11.62,1456,130.56,37.44,188.67,60.31,2.79,0.0827,2.1,60.27,748,13.07,8,Warning
2023-04-10 14:00:00,M-104,63.13,5.03,1503,117.89,50.76,195.91,43.49,1.02,0.0096,0.01,35.97,999,5.57,125,Normal
2023-04-10 15:00:00,M-104,65.15,4.57,1506,121.0,48.8,197.66,46.09,0.8,0.0091,0.02,13.31,1002,1.45,163,Normal
2023-04-10 16:00:00,M-103,63.74,4.29,1494,119.85,50.78,200.0,45.06,0.96,0.0075,0.0,13.95,1017,2.15,172,Normal
2023-04-10 17:00:00,M-105,73.41,7.45,1458,132.63,47.22,197.51,52.51,3.78,0.0272,1.33,37.14,847,7.88,19,Warning
2023-04-10 18:00:00,M-102,62.53,5.27,1498,120.2,49.6,197.9,45.15,0.8,0.005,0.05,15.4,986,3.11,138,Normal
2023-04-10 19:00:00,M-104,63.22,4.95,1501,119.54,50.27,197.09,44.93,1.03,0.0168,0.0,20.25,1033,3.12,159,Normal
2023-04-10 20:00:00,M-104,74.63,16.81,1460,130.5,37.5,182.97,55.06,3.2,0.0257,3.33,60.91,586,15.33,5,Warning
2023-04-10 21:00:00,M-104,66.55,5.75,1501,121.81,49.51,206.87,45.16,0.96,0.0157,0.31,34.16,950,4.68,59,Normal
2023-04-10 22:00:00,M-104,67.53,4.39,1497,121.03,50.1,201.91,44.18,0.77,0.0056,0.25,39.84,959,6.73,59,Normal
2023-04-10 23:00:00,M-105,64.83,3.94,1502,120.37,50.02,200.79,46.97,0.76,0.0052,0.0,13.07,965,2.01,173,Normal
2023-04-11 00:00:00,M-101,65.16,3.78,1498,119.87,51.64,198.51,45.2,1.18,0.0058,0.02,25.12,1025,4.27,140,Normal
2023-04-11 01:00:00,M-102,66.88,6.32,1477,120.41,50.66,206.01,45.6,1.01,0.0049,0.45,25.63,943,4.94,52,Normal
2023-04-11 02:00:00,M-105,62.28,5.49,1488,120.38,51.83,207.14,43.16,0.74,0.0061,0.1,26.43,964,4.55,105,Normal
2023-04-11 03:00:00,M-102,63.6,3.98,1509,117.33,50.45,200.12,45.06,0.99,0.0106,0.0,31.91,954,4.35,136,Normal
2023-04-11 04:00:00,M-104,76.43,6.25,1449,130.5,45.45,214.11,53.11,3.82,0.0605,1.39,43.36,819,9.41,17,Warning
2023-04-11 05:00:00,M-102,66.37,4.26,1501,121.82,51.13,193.3,45.81,0.97,0.0118,0.14,40.14,972,7.06,77,Normal
2023-04-11 06:00:00,M-104,63.09,5.54,1506,119.33,50.06,197.12,43.9,0.9,0.0104,0.11,29.53,957,4.6,98,Normal
2023-04-11 07:00:00,M-105,64.11,4.79,1512,121.66,49.35,198.35,43.68,1.05,-0.0098,0.0,25.48,969,3.87,149,Normal
2023-04-11 08:00:00,M-105,69.14,11.72,1460,133.51,45.71,180.51,47.49,2.9,0.0393,1.76,65.89,763,12.92,8,Warning
2023-04-11 09:00:00,M-103,67.13,3.57,1505,121.7,50.24,208.32,45.41,1.28,-0.0033,0.21,32.97,993,5.66,72,Normal
2023-04-11 10:00:00,M-105,77.18,13.31,1434,121.56,40.83,209.06,55.97,2.75,0.0753,2.88,70.01,639,16.07,4,Warning
2023-04-11 11:00:00,M-104,66.33,4.99,1483,119.64,49.34,194.93,44.57,0.94,0.015,0.13,30.05,984,4.07,91,Normal
2023-04-11 12:00:00,M-101,64.24,5.1,1510,119.9,50.68,201.98,44.71,1.02,0.018,0.02,21.77,1002,3.32,144,Normal
2023-04-11 13:00:00,M-103,62.74,3.78,1486,121.65,50.31,209.22,45.58,1.13,0.0199,0.0,19.47,980,2.17,161,Normal
2023-04-11 14:00:00,M-104,66.64,5.16,1507,118.14,51.47,203.44,45.89,0.78,0.0159,0.2,36.8,970,5.62,70,Normal
2023-04-11 15:00:00,M-103,63.94,5.41,1517,123.16,50.36,197.89,45.57,1.25,0.0111,0.08,14.34,982,2.65,129,Normal
2023-04-11 16:00:00,M-104,60.24,3.9,1509,123.46,49.06,200.91,46.1,0.9,0.0134,0.0,19.89,999,3.48,160,Normal
2023-04-11 17:00:00,M-101,68.51,4.55,1493,119.5,49.05,196.5,44.31,1.07,0.0058,0.35,43.01,974,7.73,47,Normal
2023-04-11 18:00:00,M-105,64.13,4.15,1488,118.61,49.96,194.23,45.17,0.96,0.008,0.0,13.3,1023,1.99,173,Normal
2023-04-11 19:00:00,M-101,65.76,3.57,1494,120.02,49.56,192.99,44.28,0.72,0.0169,0.08,28.8,984,4.44,109,Normal
2023-04-11 20:00:00,M-102,64.44,4.63,1490,122.26,50.27,194.08,44.3,0.83,0.017,0.0,32.19,1014,3.41,135,Normal
2023-04-11 21:00:00,M-101,62.79,4.39,1505,120.88,49.08,208.12,44.3,0.83,0.0042,0.0,27.73,996,4.61,144,Normal
2023-04-11 22:00:00,M-102,64.84,4.51,1509,120.71,48.27,206.2,45.49,0.79,0.0083,0.0,34.77,974,5.36,130,Normal
2023-04-11 23:00:00,M-102,62.01,5.02,1483,120.12,48.08,208.47,44.95,0.98,0.0195,0.0,30.49,1000,3.78,136,Normal
2023-04-12 00:00:00,M-103,63.34,4.92,1496,117.65,50.87,202.92,43.67,0.98,0.0072,0.0,20.94,967,2.7,158,Normal
2023-04-12 01:00:00,M-104,83.18,23.79,1297,135.15,41.8,153.47,79.02,7.3,0.2023,5.58,100.0,341,26.12,0,Failure
2023-04-12 02:00:00,M-104,62.5,4.69,1504,121.22,49.59,213.67,44.83,0.66,0.0161,0.0,12.45,1012,2.37,175,Normal
2023-04-12 03:00:00,M-101,66.74,3.56,1502,120.44,53.18,186.87,43.38,0.95,0.0082,0.17,18.94,961,2.78,95,Normal
2023-04-12 04:00:00,M-102,66.55,5.57,1487,117.86,50.38,205.26,46.04,0.8,0.0149,0.27,43.83,932,7.32,54,Normal
2023-04-12 05:00:00,M-104,64.61,5.44,1480,122.96,49.79,200.83,44.42,0.97,0.018,0.09,31.71,984,4.72,101,Normal
2023-04-12 06:00:00,M-104,64.64,5.91,1485,120.66,48.25,195.28,44.5,1.1,0.0065,0.18,20.14,980,3.14,92,Normal
2023-04-12 07:00:00,M-103,71.02,11.98,1510,122.87,41.59,194.78,54.54,1.73,0.0406,2.0,58.49,729,12.52,9,Warning
2023-04-12 08:00:00,M-101,64.44,6.23,1486,120.15,49.83,197.17,46.59,1.01,0.0176,0.25,17.15,970,3.43,83,Normal
2023-04-12 09:00:00,M-102,66.55,5.83,1504,118.49,50.64,207.45,45.48,1.04,0.0016,0.32,43.91,940,6.87,49,Normal
2023-04-12 10:00:00,M-104,64.78,5.85,1504,118.67,49.29,197.39,45.58,0.54,0.0108,0.17,13.01,961,2.17,103,Normal
2023-04-12 11:00:00,M-101,68.44,5.86,1491,116.11,49.64,194.31,43.27,1.13,0.0099,0.51,19.49,960,3.92,52,Normal
2023-04-12 12:00:00,M-101,61.32,4.46,1484,119.16,49.1,201.9,45.17,1.26,0.0097,0.0,15.86,1006,3.01,168,Normal
2023-04-12 13:00:00,M-102,63.35,6.16,1506,120.28,49.26,201.36,44.49,1.22,0.0036,0.23,40.14,978,6.5,62,Normal
2023-04-12 14:00:00,M-103,70.38,14.59,1466,128.29,49.09,193.22,52.19,2.88,0.031,2.46,70.29,695,15.19,5,Warning
2023-04-12 15:00:00,M-102,65.52,5.93,1503,120.22,51.92,203.48,44.66,1.22,0.0088,0.24,43.27,983,7.24,58,Normal
2023-04-12 16:00:00,M-101,64.04,5.0,1509,119.87,50.17,192.32,44.93,0.6,0.0074,0.0,17.0,1001,3.05,165,Normal
2023-04-12 17:00:00,M-105,66.48,3.36,1504,118.32,49.8,192.7,45.44,0.93,0.0167,0.15,16.51,955,3.23,104,Normal
2023-04-12 18:00:00,M-103,63.9,6.93,1494,119.22,51.62,202.88,45.99,0.82,0.0073,0.39,38.15,932,5.87,48,Normal
2023-04-12 19:00:00,M-103,66.74,4.7,1495,122.86,49.73,201.39,43.39,0.98,0.0056,0.17,23.62,968,3.61,89,Normal
2023-04-12 20:00:00,M-101,78.16,14.54,1420,128.92,45.13,175.48,50.81,4.29,0.0287,3.22,77.13,638,17.61,3,Warning
2023-04-12 21:00:00,M-102,80.52,21.29,1262,155.17,37.6,169.78,65.61,9.8,0.1549,4.81,100.0,417,23.29,0,Failure
2023-04-12 22:00:00,M-102,66.92,4.73,1491,121.45,50.38,198.44,44.64,0.82,0.0136,0.19,20.53,969,2.99,89,Normal
2023-04-12 23:00:00,M-103,64.23,4.28,1507,119.78,49.27,194.12,44.6,0.95,0.0142,0.0,31.08,1020,4.07,137,Normal
2023-04-13 00:00:00,M-103,66.16,5.49,1509,117.76,50.03,194.4,43.9,1.07,0.0147,0.21,29.16,970,4.45,76,Normal
2023-04-13 01:00:00,M-104,66.08,4.74,1496,120.98,48.11,199.04,45.99,0.96,0.01,0.11,17.41,984,3.78,115,Normal
2023-04-13 02:00:00,M-101,90.46,33.33,1312,139.33,31.15,184.45,65.02,8.24,0.1647,8.21,100.0,100,31.14,0,Failure
2023-04-13 03:00:00,M-105,62.12,4.63,1501,121.37,49.11,197.23,45.22,1.11,0.011,0.0,31.88,997,4.41,136,Normal
2023-04-13 04:00:00,M-104,62.73,5.7,1504,118.91,50.1,202.21,45.2,1.09,0.0075,0.14,12.91,993,1.22,111,Normal
2023-04-13 05:00:00,M-102,65.39,5.69,1502,118.51,49.42,212.29,45.35,0.53,0.0071,0.18,15.21,974,2.02,99,Normal
2023-04-13 06:00:00,M-101,63.37,4.76,1492,122.11,50.08,194.99,45.84,0.81,0.0022,0.0,33.95,999,4.92,132,Normal
2023-04-13 07:00:00,M-104,61.97,5.82,1501,120.57,50.81,204.11,44.3,1.0,0.0096,0.16,31.51,976,4.65,82,Normal
2023-04-13 08:00:00,M-105,67.05,5.68,1485,121.12,50.07,200.46,45.34,0.93,0.0104,0.34,23.56,963,3.4,64,Normal
2023-04-13 09:00:00,M-101,67.2,5.5,1519,120.36,50.66,203.48,44.11,0.79,0.0053,0.32,43.87,960,7.22,49,Normal
2023-04-13 10:00:00,M-102,68.07,5.18,1508,118.3,48.11,208.38,44.99,1.1,0.0133,0.34,37.91,952,6.84,52,Normal
2023-04-13 11:00:00,M-101,65.17,7.77,1494,122.98,48.54,195.08,43.44,0.81,0.0018,0.57,36.06,933,6.1,38,Normal
2023-04-13 12:00:00,M-102,63.26,5.27,1500,119.72,49.0,202.23,45.85,0.83,0.0198,0.05,17.1,1024,3.32,136,Normal
2023-04-13 13:00:00,M-105,66.23,5.33,1505,123.61,50.79,192.24,44.92,1.02,0.0151,0.19,42.39,978,6.75,65,Normal
2023-04-13 14:00:00,M-103,73.18,12.25,1469,129.25,45.4,183.46,49.94,3.11,0.0528,2.27,50.94,738,12.92,9,Warning
2023-04-13 15:00:00,M-104,63.45,5.68,1496,118.97,49.27,199.55,44.87,1.15,0.0028,0.14,12.31,1000,2.53,113,Normal
2023-04-13 16:00:00,M-101,67.5,6.45,1476,120.69,49.41,205.58,44.26,0.79,0.0028,0.54,36.32,929,6.64,40,Normal
2023-04-13 17:00:00,M-103,66.88,6.4,1497,118.57,51.34,207.53,45.68,0.86,0.0034,0.47,27.69,966,5.06,50,Normal
2023-04-13 18:00:00,M-103,77.92,15.34,1480,132.03,45.98,192.03,53.12,1.97,0.0362,3.36,82.28,590,19.18,2,Warning
2023-04-13 19:00:00,M-104,65.33,5.65,1505,121.84,50.23,201.54,45.0,1.21,0.0192,0.16,38.34,995,6.33,74,Normal
2023-04-13 20:00:00,M-105,64.06,4.5,1509,118.07,51.61,199.24,47.86,0.86,0.0113,0.0,32.74,992,4.37,134,Normal
2023-04-13 21:00:00,M-104,62.57,5.62,1494,121.27,51.44,196.72,44.48,0.59,0.014,0.12,31.63,1027,4.37,91,Normal
2023-04-13 22:00:00,M-102,62.42,5.8,1494,121.83,49.5,198.18,44.71,0.87,0.017,0.16,38.83,998,5.01,74,Normal
2023-04-13 23:00:00,M-103,66.74,6.0,1495,120.97,50.27,211.16,45.5,1.02,0.0155,0.37,38.25,987,7.52,49,Normal
2023-04-14 00:00:00,M-103,76.33,8.9,1478,129.63,47.08,190.25,55.84,2.91,0.0545,1.91,49.3,790,11.87,11,Warning
2023-04-14 01:00:00,M-105,72.63,6.57,1494,136.78,47.37,188.52,54.16,4.33,0.0436,1.08,36.63,873,7.65,23,Warning
2023-04-14 02:00:00,M-105,66.09,4.2,1515,120.01,49.6,202.93,45.94,1.32,0.009,0.11,13.19,1008,2.46,120,Normal
2023-04-14 03:00:00,M-105,65.17,6.09,1492,117.75,49.24,197.95,45.13,0.93,0.0041,0.23,16.77,944,2.35,85,Normal
2023-04-14 04:00:00,M-103,79.69,10.36,1500,121.6,43.95,196.28,57.54,2.66,0.07,2.54,68.57,711,15.28,5,Warning
2023-04-14 05:00:00,M-105,65.55,4.61,1512,118.18,50.5,194.67,45.11,0.68,0.0111,0.05,37.14,1032,5.4,103,Normal
2023-04-14 06:00:00,M-101,67.17,4.65,1511,120.08,50.11,210.57,44.52,1.25,0.0124,0.22,42.96,962,7.1,61,Normal
2023-04-14 07:00:00,M-105,64.54,4.22,1512,122.01,48.63,203.81,45.17,1.05,0.0178,0.0,35.49,1003,5.68,129,Normal
2023-04-14 08:00:00,M-102,75.54,9.9,1421,114.2,48.7,188.83,53.8,1.05,0.0372,2.03,60.33,740,13.05,8,Warning
2023-04-14 09:00:00,M-105,74.33,10.21,1451,127.87,47.9,194.24,54.45,3.07,0.0422,1.97,68.16,789,14.4,7,Warning
2023-04-14 10:00:00,M-105,63.3,3.02,1501,120.09,50.32,203.71,45.45,0.78,0.0115,0.0,29.92,1017,4.64,140,Normal
2023-04-14 11:00:00,M-101,63.56,7.05,1493,121.66,48.23,207.85,42.97,0.94,0.0047,0.41,37.36,978,6.05,47,Normal
2023-04-14 12:00:00,M-105,75.96,14.22,1481,126.58,40.8,189.89,53.27,3.39,0.061,2.94,77.21,633,17.13,3,Warning
2023-04-14 13:00:00,M-102,66.89,5.41,1506,121.04,50.83,195.34,45.19,1.2,0.0156,0.27,30.57,989,4.68,66,Normal
2023-04-14 14:00:00,M-104,60.94,5.91,1497,119.29,49.24,204.5,45.61,0.77,0.0108,0.18,36.7,992,4.85,73,Normal
2023-04-14 15:00:00,M-102,66.73,6.23,1499,120.3,50.15,197.07,47.47,0.84,0.0146,0.42,17.84,968,3.28,61,Normal
2023-04-14 16:00:00,M-103,64.86,5.7,1503,118.62,49.85,204.65,45.68,0.89,0.0069,0.14,20.56,948,3.3,101,Normal
2023-04-14 17:00:00,M-103,64.97,4.49,1481,122.83,51.36,191.68,45.67,0.97,0.0128,0.0,32.47,1005,4.14,135,Normal
2023-04-14 18:00:00,M-105,65.06,6.31,1506,119.7,50.22,196.16,44.44,0.96,0.0128,0.27,14.87,942,3.03,82,Normal
2023-04-14 19:00:00,M-101,75.42,10.23,1483,129.46,41.63,192.84,54.76,2.98,0.0525,2.09,52.27,750,12.74,10,Warning
2023-04-14 20:00:00,M-102,66.82,4.88,1504,118.97,48.45,200.01,45.68,0.74,0.0077,0.18,27.88,973,3.74,83,Normal
2023-04-14 21:00:00,M-101,69.36,7.31,1489,117.79,50.08,198.07,44.67,1.06,0.0196,0.9,33.23,919,6.62,29,Normal
2023-04-14 22:00:00,M-104,63.48,5.12,1508,122.14,50.23,200.92,45.62,1.09,0.0035,0.02,38.69,971,5.9,111,Normal
2023-04-14 23:00:00,M-101,66.69,5.94,1496,118.21,49.54,197.98,45.12,1.24,0.0076,0.36,44.02,964,7.22,46,Normal
2023-04-15 00:00:00,M-104,70.02,6.12,1499,122.52,51.71,193.04,46.22,1.15,0.0159,0.73,41.12,929,7.06,30,Normal
2023-04-15 01:00:00,M-105,64.88,5.15,1500,118.85,50.15,191.5,45.45,0.87,-0.0009,0.03,24.68,996,4.54,134,Normal
2023-04-15 02:00:00,M-105,65.75,3.13,1491,118.25,49.26,206.06,44.85,0.91,0.0156,0.08,39.99,1000,5.92,92,Normal
2023-04-15 03:00:00,M-103,68.14,4.27,1496,120.36,52.33,194.41,45.76,0.76,0.005,0.31,32.97,952,5.81,59,Normal
2023-04-15 04:00:00,M-101,65.14,4.36,1496,118.41,51.03,197.54,44.86,0.98,0.0181,0.01,19.06,1016,3.57,153,Normal
2023-04-15 05:00:00,M-102,66.02,5.36,1478,121.19,51.59,205.36,46.02,0.67,0.0065,0.17,31.08,976,4.65,81,Normal
2023-04-15 06:00:00,M-101,63.89,4.09,1510,123.71,50.31,201.96,45.09,1.09,0.0139,0.0,35.2,1008,5.28,129,Normal
2023-04-15 07:00:00,M-101,68.64,5.61,1496,121.14,50.47,197.89,44.18,1.24,0.0087,0.49,37.88,935,6.95,42,Normal
2023-04-15 08:00:00,M-104,74.36,9.75,1497,129.6,44.07,195.98,61.47,3.41,0.0425,1.89,53.53,787,11.85,10,Warning
2023-04-15 09:00:00,M-101,68.72,10.28,1457,131.28,48.02,193.72,56.58,2.62,0.033,1.43,43.46,829,9.89,16,Warning
2023-04-15 10:00:00,M-103,69.27,4.62,1485,121.35,51.74,202.65,46.72,1.16,0.0135,0.43,29.89,938,4.76,51,Normal
2023-04-15 11:00:00,M-101,73.27,7.3,1460,132.77,46.03,185.87,53.68,2.67,0.0677,1.29,42.05,816,8.71,18,Warning
2023-04-15 12:00:00,M-101,77.85,8.54,1494,129.97,45.18,174.15,55.43,2.92,0.024,1.99,48.08,762,10.16,11,Warning
2023-04-15 13:00:00,M-105,65.66,4.36,1510,121.02,51.19,195.63,45.2,1.04,0.0075,0.07,14.26,1016,2.66,135,Normal
2023-04-15 14:00:00,M-102,65.15,5.66,1497,120.19,50.07,202.66,45.66,1.02,0.0106,0.15,12.77,986,1.96,109,Normal
2023-04-15 15:00:00,M-102,62.06,6.69,1506,121.04,49.55,201.99,46.02,1.13,0.0069,0.34,38.77,990,6.55,52,Normal
2023-04-15 16:00:00,M-102,65.43,6.72,1513,122.0,52.57,199.27,44.54,1.17,0.0087,0.39,36.42,953,6.19,49,Normal
2023-04-15 17:00:00,M-102,62.2,2.33,1494,117.24,49.64,201.54,45.51,0.98,0.0036,0.0,24.05,997,3.07,151,Normal
2023-04-15 18:00:00,M-105,64.51,4.45,1510,120.32,51.65,197.26,45.49,0.95,0.0169,0.0,17.67,995,2.25,164,Normal
2023-04-15 19:00:00,M-101,68.29,4.92,1495,117.65,50.17,199.26,43.66,0.85,0.0002,0.33,20.38,937,3.65,68,Normal
2023-04-15 20:00:00,M-105,64.51,5.25,1491,123.58,49.97,206.43,43.32,0.83,0.0134,0.05,21.59,989,4.08,130,Normal
2023-04-15 21:00:00,M-104,64.08,4.84,1518,119.19,49.37,199.35,44.58,0.86,0.003,0.0,28.16,1031,4.5,143,Normal
2023-04-15 22:00:00,M-104,78.27,13.19,1436,126.77,38.26,190.3,53.79,2.3,0.0496,2.97,67.05,645,15.54,5,Warning
2023-04-15 23:00:00,M-102,64.61,6.59,1493,121.31,49.02,198.88,44.97,1.32,-0.0034,0.32,20.2,945,3.79,70,Normal
2023-04-16 00:00:00,M-105,68.16,6.13,1500,119.11,48.26,195.65,45.66,0.94,0.0119,0.54,19.12,894,3.67,51,Normal
2023-04-16 01:00:00,M-103,65.34,5.08,1492,121.66,48.54,205.68,45.33,1.12,0.0017,0.05,35.68,992,6.22,106,Normal
2023-04-16 02:00:00,M-105,86.97,18.89,1291,148.47,31.52,166.65,73.8,11.11,0.0475,4.98,100.0,442,25.79,0,Failure
2023-04-16 03:00:00,M-104,70.65,7.4,1491,126.5,36.98,187.39,58.69,2.69,0.0145,1.05,29.07,868,6.36,27,Warning
2023-04-16 04:00:00,M-103,66.35,4.35,1495,119.45,50.14,202.58,45.81,1.45,0.0106,0.13,25.23,998,3.77,97,Normal
2023-04-16 05:00:00,M-103,73.44,14.21,1444,127.91,40.99,190.82,53.36,5.08,0.0459,2.69,72.42,632,16.71,4,Warning
2023-04-16 06:00:00,M-104,65.08,4.57,1498,118.05,49.56,201.8,45.33,1.05,0.0097,0.01,34.05,1016,6.13,128,Normal
2023-04-16 07:00:00,M-104,68.05,9.29,1435,135.28,45.69,184.6,51.62,1.51,0.0603,1.16,44.89,852,9.57,19,Warning
2023-04-16 08:00:00,M-103,69.89,4.11,1514,119.86,49.18,201.33,46.03,0.69,0.0135,0.49,32.6,941,6.45,45,Normal
2023-04-16 09:00:00,M-105,63.72,5.71,1508,120.86,50.76,196.76,47.15,0.52,0.0058,0.14,16.54,956,3.63,106,Normal
2023-04-16 10:00:00,M-104,61.69,4.62,1490,119.53,50.28,198.28,44.61,1.05,0.0152,0.0,31.4,1032,3.84,137,Normal
2023-04-16 11:00:00,M-103,64.61,3.84,1514,119.1,48.62,199.27,46.59,1.17,0.0074,0.0,21.24,996,3.68,157,Normal
2023-04-16 12:00:00,M-104,63.83,5.15,1510,121.39,48.82,198.14,45.08,0.95,0.0087,0.03,22.04,961,3.38,139,Normal
2023-04-16 13:00:00,M-104,62.38,7.2,1492,118.4,49.31,202.92,45.91,0.91,0.0116,0.44,42.33,954,6.51,41,Normal
2023-04-16 14:00:00,M-101,90.22,10.06,1304,132.38,34.87,180.71,78.7,5.12,0.1237,3.53,100.0,574,19.59,0,Failure
2023-04-16 15:00:00,M-105,61.77,4.95,1506,120.2,49.2,197.71,45.77,1.02,0.0201,0.0,12.07,1001,1.05,175,Normal
2023-04-16 16:00:00,M-102,86.6,11.28,1334,135.64,34.89,160.11,67.24,10.39,0.166,3.42,100.0,608,20.47,0,Failure
2023-04-16 17:00:00,M-103,64.74,6.45,1506,120.23,50.91,200.64,46.12,0.76,0.0207,0.29,43.67,968,6.56,52,Normal
2023-04-16 18:00:00,M-102,66.37,5.8,1486,122.56,49.5,197.02,44.4,1.16,0.0087,0.3,23.21,951,3.24,70,Normal
2023-04-16 19:00:00,M-103,64.3,5.68,1497,122.23,49.35,192.54,46.15,1.07,0.0161,0.14,24.2,977,4.7,98,Normal
2023-04-16 20:00:00,M-103,74.33,11.48,1465,132.32,39.69,194.15,55.54,3.62,0.0713,2.23,53.59,729,12.94,9,Warning
2023-04-16 21:00:00,M-105,67.53,5.43,1494,120.66,49.44,200.81,46.41,1.24,0.0145,0.34,22.82,958,4.55,65,Normal
2023-04-16 22:00:00,M-105,67.13,4.68,1504,122.85,51.4,202.14,45.17,0.7,0.0068,0.21,16.35,968,3.04,90,Normal
2023-04-16 23:00:00,M-101,63.01,5.17,1490,121.7,50.19,207.46,43.47,0.83,0.0076,0.03,16.0,1005,2.6,148,Normal
2023-04-17 00:00:00,M-102,64.58,3.87,1489,116.82,50.77,206.03,42.84,1.37,0.0099,0.0,28.77,1005,4.8,142,Normal
2023-04-17 01:00:00,M-103,73.45,17.76,1471,123.57,49.22,196.2,53.6,1.39,0.074,3.4,82.15,626,19.67,2,Warning
2023-04-17 02:00:00,M-102,64.26,5.35,1498,121.23,49.63,202.39,45.07,0.91,0.011,0.07,21.55,1045,3.29,122,Normal
2023-04-17 03:00:00,M-103,64.52,5.58,1492,121.37,50.69,186.7,44.93,1.04,0.0137,0.12,41.5,997,5.58,79,Normal
2023-04-17 04:00:00,M-104,64.07,5.74,1503,119.53,48.77,205.34,45.6,1.05,-0.0033,0.15,39.88,981,6.87,75,Normal
2023-04-17 05:00:00,M-102,63.54,5.73,1508,117.26,51.3,191.76,45.37,0.91,0.0151,0.15,28.44,989,5.45,90,Normal
2023-04-17 06:00:00,M-103,64.81,6.15,1495,122.03,49.82,193.57,41.47,0.95,0.0114,0.23,40.09,999,5.7,62,Normal
2023-04-17 07:00:00,M-102,65.16,4.88,1493,119.22,50.03,187.73,45.36,1.12,0.0125,0.02,16.72,992,3.52,156,Normal
2023-04-17 08:00:00,M-105,73.27,14.84,1470,128.83,41.86,198.31,54.8,1.38,0.0194,2.8,60.7,673,14.72,6,Warning
2023-04-17 09:00:00,M-101,65.41,4.99,1472,120.67,52.57,204.59,43.04,0.92,0.009,0.04,32.76,988,4.38,115,Normal
2023-04-17 10:00:00,M-103,64.06,3.33,1498,120.82,49.52,202.08,44.82,0.74,0.0116,0.0,11.52,995,2.55,176,Normal
2023-04-17 11:00:00,M-105,68.06,5.12,1497,123.54,49.75,197.41,45.96,0.66,0.0094,0.33,15.33,959,3.22,73,Normal
2023-04-17 12:00:00,M-101,77.62,12.82,1484,128.44,45.77,192.75,55.74,4.28,0.0661,2.83,65.58,634,15.49,5,Warning
2023-04-17 13:00:00,M-103,64.61,6.52,1512,119.53,48.82,191.18,43.95,1.06,0.0093,0.3,32.42,944,5.27,61,Normal
2023-04-17 14:00:00,M-104,63.07,6.87,1510,121.68,50.01,207.54,43.9,1.15,0.0078,0.37,21.39,950,3.95,62,Normal
2023-04-17 15:00:00,M-101,75.31,12.82,1408,136.47,40.94,200.33,54.03,4.85,0.0151,2.59,68.56,712,14.96,5,Warning
2023-04-17 16:00:00,M-102,61.94,4.3,1505,120.3,50.29,198.2,46.55,1.52,0.0105,0.0,34.92,1009,4.41,130,Normal
2023-04-17 17:00:00,M-105,75.38,13.45,1456,127.98,46.37,191.47,49.02,1.67,0.0562,2.73,72.84,687,16.0,4,Warning
2023-04-17 18:00:00,M-104,66.6,4.57,1503,120.22,49.06,195.37,45.41,1.04,0.0128,0.16,24.01,996,4.36,92,Normal
2023-04-17 19:00:00,M-105,66.28,5.79,1511,120.27,49.62,202.81,44.97,1.31,0.0177,0.29,23.76,983,3.5,71,Normal
2023-04-17 20:00:00,M-105,66.54,4.7,1490,120.36,49.5,198.89,43.74,1.04,0.0112,0.15,14.09,1003,2.86,106,Normal
2023-04-17 21:00:00,M-103,61.96,5.17,1479,119.49,50.7,205.11,44.48,0.89,0.0089,0.03,30.74,973,4.76,122,Normal
2023-04-17 22:00:00,M-102,63.96,5.97,1507,122.19,49.98,204.42,44.41,0.95,0.0084,0.19,26.23,977,4.09,83,Normal
2023-04-17 23:00:00,M-104,79.42,16.29,1367,145.92,44.06,197.93,76.15,4.44,0.2206,3.7,100.0,553,17.67,0,Failure
2023-04-18 00:00:00,M-105,65.71,4.0,1526,121.51,48.73,187.61,44.31,1.14,0.0125,0.07,16.76,989,2.2,129,Normal
2023-04-18 01:00:00,M-101,63.79,4.9,1499,121.52,50.65,201.19,44.96,1.23,0.0142,0.0,38.35,1008,5.55,123,Normal
2023-04-18 02:00:00,M-103,66.53,3.92,1491,122.14,49.07,199.71,47.04,1.2,0.0104,0.15,20.11,998,4.18,99,Normal
2023-04-18 03:00:00,M-102,64.69,4.99,1496,120.14,51.54,205.28,44.42,0.99,0.01,0.0,14.87,1008,2.45,170,Normal
2023-04-18 04:00:00,M-101,63.85,4.97,1513,118.34,49.55,198.46,48.16,1.12,0.0157,0.0,30.87,1015,4.41,138,Normal
2023-04-18 05:00:00,M-101,66.09,3.07,1509,119.86,50.53,199.65,46.82,1.24,-0.0031,0.11,35.46,998,5.4,89,Normal
2023-04-18 06:00:00,M-103,64.4,6.36,1502,119.03,50.94,198.41,44.5,1.08,0.0181,0.27,31.11,984,4.43,66,Normal
2023-04-18 07:00:00,M-105,65.16,5.76,1492,121.46,50.04,196.44,42.49,0.98,0.0096,0.17,20.37,1006,3.56,95,Normal
2023-04-18 08:00:00,M-102,67.88,2.89,1501,119.77,50.11,198.42,43.71,1.31,0.0158,0.29,19.27,963,3.5,74,Normal
2023-04-18 09:00:00,M-104,61.85,6.53,1481,118.5,48.98,194.63,42.82,1.01,0.0171,0.31,33.51,959,5.14,59,Normal
2023-04-18 10:00:00,M-104,66.77,6.34,1496,118.6,50.57,201.77,45.69,1.41,0.0108,0.44,45.9,922,7.37,38,Normal
2023-04-18 11:00:00,M-105,69.2,4.51,1505,121.61,47.51,204.15,45.01,0.95,0.0094,0.42,45.58,961,6.54,40,Normal
2023-04-18 12:00:00,M-105,73.07,30.05,1320,145.59,32.89,176.08,72.26,7.8,0.2034,5.82,100.0,327,27.3,0,Failure
2023-04-18 13:00:00,M-105,66.58,4.64,1494,120.88,49.61,197.38,46.92,1.11,0.0141,0.16,18.59,1018,3.15,99,Normal
2023-04-18 14:00:00,M-101,63.33,3.22,1499,122.91,47.21,198.56,45.68,0.64,0.0089,0.0,37.11,977,5.33,125,Normal
2023-04-18 15:00:00,M-104,63.27,6.15,1486,123.15,49.98,194.81,45.84,1.1,0.0121,0.23,36.93,986,6.08,65,Normal
2023-04-18 16:00:00,M-105,66.66,5.19,1505,124.93,50.84,198.42,44.93,0.79,0.0217,0.2,32.63,1007,4.45,74,Normal
2023-04-18 17:00:00,M-104,65.08,5.4,1509,119.13,50.7,206.93,45.89,1.24,0.0078,0.09,30.23,1003,5.86,103,Normal
2023-04-18 18:00:00,M-103,66.01,4.09,1494,116.02,49.68,189.71,46.08,1.08,-0.0001,0.1,26.16,984,3.59,105,Normal
2023-04-18 19:00:00,M-103,67.64,6.47,1479,118.1,49.33,198.1,44.07,1.02,0.0071,0.56,26.45,924,4.52,45,Normal
2023-04-18 20:00:00,M-101,67.02,5.38,1506,124.3,49.94,200.11,44.74,0.91,0.0049,0.28,42.21,968,7.62,54,Normal
2023-04-18 21:00:00,M-102,85.71,23.55,1319,145.91,35.04,164.53,73.63,4.0,0.0739,5.78,100.0,289,27.19,0,Failure
2023-04-18 22:00:00,M-105,73.89,16.92,1440,143.17,45.19,206.46,57.68,3.36,0.0816,3.27,77.49,629,17.52,3,Warning
2023-04-18 23:00:00,M-104,65.24,6.26,1489,116.26,48.51,199.39,47.02,0.7,0.0042,0.28,25.87,956,3.94,70,Normal
2023-04-19 00:00:00,M-104,68.77,4.32,1514,119.56,48.87,202.55,44.61,0.96,0.0107,0.38,44.46,938,7.39,44,Normal
2023-04-19 01:00:00,M-102,68.35,4.19,1490,121.7,50.72,194.78,45.08,0.64,0.0115,0.34,43.63,950,7.09,48,Normal
2023-04-19 02:00:00,M-103,65.74,5.76,1508,119.24,51.09,201.54,45.07,0.33,0.0059,0.23,30.41,942,5.08,73,Normal
2023-04-19 03:00:00,M-101,66.15,4.62,1509,122.01,49.38,198.07,43.84,1.06,0.011,0.12,36.41,986,5.74,87,Normal
2023-04-19 04:00:00,M-101,65.47,4.94,1498,120.88,50.74,195.58,44.81,1.33,0.0109,0.05,21.75,1000,3.2,131,Normal
2023-04-19 05:00:00,M-105,76.08,9.45,1442,116.67,43.11,177.81,55.65,2.4,0.044,2.0,67.88,802,13.67,7,Warning
2023-04-19 06:00:00,M-103,66.78,5.95,1506,119.33,50.1,197.7,43.64,1.19,0.0096,0.37,25.22,925,4.46,60,Normal
2023-04-19 07:00:00,M-101,66.56,6.76,1487,120.28,49.77,199.24,46.56,1.02,0.0127,0.51,37.62,948,6.77,41,Normal
2023-04-19 08:00:00,M-104,64.2,4.94,1479,119.23,51.76,200.74,45.11,1.2,0.0118,0.0,14.14,984,1.67,171,Normal
2023-04-19 09:00:00,M-102,65.03,3.29,1508,120.9,50.5,199.55,44.3,1.32,0.0183,0.0,25.96,998,3.61,146,Normal
2023-04-19 10:00:00,M-102,66.23,4.62,1495,118.64,49.64,203.1,44.46,1.33,0.0131,0.12,37.18,989,4.8,84,Normal
2023-04-19 11:00:00,M-105,63.68,5.36,1501,120.37,49.72,197.49,43.76,1.03,0.0153,0.07,34.76,991,4.98,101,Normal
2023-04-19 12:00:00,M-105,62.47,5.11,1507,119.8,51.26,204.33,44.94,1.01,0.0008,0.02,14.5,1021,2.53,157,Normal
2023-04-19 13:00:00,M-102,63.7,4.51,1491,123.12,49.78,203.36,46.58,0.81,0.0138,0.0,28.31,998,4.95,143,Normal
2023-04-19 14:00:00,M-101,63.57,5.71,1501,118.36,52.2,204.88,45.0,1.48,0.0141,0.14,28.14,982,3.78,91,Normal
2023-04-19 15:00:00,M-105,66.45,2.91,1510,116.7,51.22,205.87,44.67,1.09,0.01,0.15,24.48,953,4.24,95,Normal
2023-04-19 16:00:00,M-102,64.1,5.49,1500,123.63,52.61,197.68,44.17,1.23,0.0117,0.1,16.54,1010,3.12,119,Normal
2023-04-19 17:00:00,M-102,64.0,6.97,1492,120.4,47.91,198.42,44.85,0.91,0.0063,0.39,29.16,942,5.48,54,Normal
2023-04-19 18:00:00,M-105,60.88,3.9,1500,118.8,48.96,206.76,43.77,1.14,0.0056,0.0,33.91,977,5.24,132,Normal
2023-04-19 19:00:00,M-104,62.17,4.36,1491,121.37,48.75,208.92,45.22,0.85,0.0117,0.0,32.4,983,4.33,135,Normal
2023-04-19 20:00:00,M-101,62.69,5.46,1515,121.5,48.59,196.92,45.98,1.32,0.0111,0.09,26.04,977,3.72,108,Normal
2023-04-19 21:00:00,M-103,66.2,5.3,1483,115.21,49.62,202.09,46.59,0.84,0.0124,0.18,13.7,972,3.28,100,Normal
2023-04-19 22:00:00,M-103,67.14,10.54,1450,136.55,43.15,196.5,48.82,4.17,0.032,1.32,51.37,844,11.2,15,Warning
2023-04-19 23:00:00,M-101,64.59,5.43,1497,119.81,50.55,200.69,44.48,1.07,0.0092,0.09,19.83,1001,3.72,119,Normal
2023-04-20 00:00:00,M-104,62.87,6.01,1500,118.88,51.6,199.66,44.64,1.18,0.0026,0.2,22.77,925,3.9,85,Normal
2023-04-20 01:00:00,M-104,68.37,5.24,1506,118.93,49.54,192.63,43.77,0.75,0.0082,0.39,27.25,920,4.45,57,Normal
2023-04-20 02:00:00,M-101,85.13,11.85,1504,135.82,44.04,191.45,55.46,4.84,0.0666,3.38,87.1,577,20.41,1,Warning
2023-04-20 03:00:00,M-104,80.88,10.42,1415,136.28,47.0,185.42,54.33,2.7,0.0554,2.67,74.6,708,16.09,4,Warning
2023-04-20 04:00:00,M-105,65.19,6.12,1511,119.83,51.97,207.92,43.02,0.79,-0.0013,0.24,23.96,964,3.7,76,Normal
2023-04-20 05:00:00,M-102,62.42,5.81,1501,121.02,50.43,198.77,43.44,0.7,0.0027,0.16,30.92,958,5.81,83,Normal
2023-04-20 06:00:00,M-104,61.95,4.05,1511,118.91,50.35,200.37,44.95,1.25,0.0139,0.0,31.8,977,4.0,136,Normal
2023-04-20 07:00:00,M-101,64.59,3.39,1503,120.33,50.57,195.22,44.3,1.2,0.0152,0.0,28.12,1033,4.93,143,Normal
2023-04-20 08:00:00,M-105,66.11,4.82,1495,119.97,49.12,198.2,46.28,0.68,0.0023,0.11,21.0,1003,2.56,109,Normal
2023-04-20 09:00:00,M-104,64.56,4.13,1496,120.05,48.22,197.22,45.36,1.01,0.0081,0.0,18.67,999,2.66,162,Normal
2023-04-20 10:00:00,M-102,65.04,5.54,1518,121.61,50.46,206.36,44.7,1.31,0.0156,0.11,37.64,977,5.94,86,Normal
2023-04-20 11:00:00,M-103,62.77,4.44,1502,120.07,50.78,194.63,45.49,0.89,0.0082,0.0,35.01,998,4.39,129,Normal
2023-04-20 12:00:00,M-103,61.77,5.21,1501,119.06,50.27,199.78,45.63,1.11,0.0118,0.04,24.06,968,3.16,129,Normal
2023-04-20 13:00:00,M-105,65.41,4.46,1499,120.22,49.67,196.6,44.95,0.99,0.0116,0.04,28.78,1004,4.81,122,Normal
2023-04-20 14:00:00,M-101,67.2,4.86,1484,120.65,50.67,196.15,45.02,0.98,0.0169,0.22,27.53,1010,4.78,77,Normal
2023-04-20 15:00:00,M-104,78.69,10.94,1457,132.13,42.3,203.23,54.88,2.5,0.0268,2.56,69.8,704,15.71,5,Warning
2023-04-20 16:00:00,M-101,75.42,14.39,1443,128.44,45.06,199.47,49.76,2.09,0.0955,2.92,73.66,655,16.38,4,Warning
2023-04-20 17:00:00,M-103,62.12,6.17,1498,120.12,50.02,193.43,45.79,1.09,0.0101,0.23,25.01,926,4.47,77,Normal
2023-04-20 18:00:00,M-103,70.72,14.24,1390,134.15,46.18,187.94,50.56,2.2,0.0656,2.42,73.92,734,16.19,4,Warning
2023-04-20 19:00:00,M-102,66.69,4.95,1480,118.68,50.78,197.18,44.34,1.01,0.0155,0.17,36.89,988,6.74,75,Normal
2023-04-20 20:00:00,M-104,64.09,5.58,1521,118.71,50.91,200.95,43.55,0.71,0.0077,0.12,20.93,992,2.69,107,Normal
2023-04-20 21:00:00,M-105,82.38,21.56,1456,128.35,50.21,194.81,52.74,2.12,0.0664,5.05,92.82,401,24.58,1,Warning
2023-04-20 22:00:00,M-102,62.57,5.69,1506,119.06,49.89,200.99,44.39,0.72,0.0098,0.14,23.04,984,3.28,99,Normal
2023-04-20 23:00:00,M-105,67.14,4.33,1518,121.26,49.18,196.94,42.89,0.91,0.0197,0.21,24.4,1007,4.89,81,Normal
2023-04-21 00:00:00,M-103,72.09,12.42,1409,129.81,40.89,189.41,53.58,3.23,0.0625,2.19,50.33,741,11.85,10,Warning
2023-04-21 01:00:00,M-103,66.28,5.45,1495,118.82,49.34,195.98,47.1,0.87,0.0155,0.22,39.89,977,6.24,64,Normal
2023-04-21 02:00:00,M-102,64.9,6.45,1467,122.49,50.92,190.82,45.93,1.21,0.0128,0.29,18.81,934,3.54,75,Normal
2023-04-21 03:00:00,M-102,64.27,6.04,1507,118.45,49.71,195.72,44.43,1.13,0.0099,0.21,39.88,995,5.61,65,Normal
2023-04-21 04:00:00,M-102,69.27,16.06,1493,130.56,42.74,185.75,54.39,3.28,0.0439,2.64,67.34,666,15.67,5,Warning
2023-04-21 05:00:00,M-103,67.92,5.95,1523,119.09,50.89,199.57,44.48,0.56,0.0077,0.48,33.14,963,5.08,45,Normal
2023-04-21 06:00:00,M-105,78.51,17.59,1436,126.81,46.37,197.63,51.07,2.79,0.0495,3.87,92.69,522,22.02,1,Warning
2023-04-21 07:00:00,M-104,82.64,18.51,1319,137.15,37.04,156.23,71.99,9.47,0.0503,4.47,100.0,455,22.95,0,Failure
2023-04-21 08:00:00,M-102,63.94,3.92,1481,119.56,48.62,203.56,45.03,1.31,0.0111,0.0,27.08,985,3.86,145,Normal
2023-04-21 09:00:00,M-105,69.79,13.04,1409,133.72,46.33,200.84,58.16,3.14,0.0506,2.09,45.09,731,10.48,11,Warning
2023-04-21 10:00:00,M-103,63.16,4.97,1498,116.49,49.35,207.2,45.24,1.14,0.0094,0.0,10.66,962,1.46,178,Normal
2023-04-21 11:00:00,M-105,77.07,14.22,1438,140.0,43.29,190.14,50.13,2.9,0.0459,3.05,73.76,632,17.65,3,Warning
2023-04-21 12:00:00,M-101,63.84,5.2,1492,117.12,48.9,203.79,44.7,1.34,0.0078,0.04,16.73,1009,2.34,143,Normal
2023-04-21 13:00:00,M-102,66.91,6.34,1495,118.26,52.03,204.1,44.22,1.07,0.0079,0.46,28.95,919,5.1,50,Normal
2023-04-21 14:00:00,M-103,73.12,10.92,1465,128.13,46.32,183.68,54.12,2.21,0.0331,2.0,49.36,785,11.59,11,Warning
2023-04-21 15:00:00,M-104,92.45,26.24,1364,127.41,30.83,153.23,72.79,6.6,0.0,6.99,100.0,176,29.57,0,Failure
2023-04-21 16:00:00,M-103,63.63,5.66,1492,120.64,50.2,203.95,46.21,0.88,0.0171,0.13,26.58,1014,4.41,96,Normal
2023-04-21 17:00:00,M-103,63.49,4.68,1483,118.12,49.61,207.75,44.93,1.22,0.0095,0.0,19.87,979,3.25,160,Normal
2023-04-21 18:00:00,M-102,65.73,4.51,1500,120.63,51.24,203.93,44.32,0.77,0.0185,0.07,36.62,959,5.54,97,Normal
2023-04-21 19:00:00,M-102,61.67,4.68,1501,117.67,50.04,207.75,45.23,1.12,0.0078,0.0,23.96,978,3.31,152,Normal
2023-04-21 20:00:00,M-105,67.34,3.68,1493,119.6,51.01,197.37,44.07,1.03,0.0089,0.23,42.25,962,7.73,59,Normal
2023-04-21 21:00:00,M-105,68.82,5.79,1499,121.61,50.77,197.65,43.35,0.62,0.0094,0.54,25.36,925,4.61,47,Normal
2023-04-21 22:00:00,M-102,64.4,3.35,1480,120.2,50.11,204.4,44.74,0.76,0.0003,0.0,10.27,982,0.97,179,Normal
2023-04-21 23:00:00,M-102,65.53,3.29,1501,121.4,49.47,195.56,42.85,1.3,0.0191,0.05,39.08,1018,5.83,100,Normal
2023-04-22 00:00:00,M-103,60.36,3.16,1517,120.03,48.87,203.41,45.77,0.73,0.0073,0.0,29.06,1017,4.31,141,Normal
2023-04-22 01:00:00,M-104,63.66,6.45,1501,119.68,48.98,194.7,43.87,1.15,0.013,0.29,24.36,970,4.63,70,Normal
2023-04-22 02:00:00,M-105,65.89,4.93,1499,122.06,50.29,203.23,44.31,0.62,0.0131,0.09,38.13,1011,5.06,91,Normal
2023-04-22 03:00:00,M-103,62.37,4.96,1495,118.1,51.07,192.52,44.8,0.83,0.0174,0.0,31.96,1050,4.64,136,Normal
2023-04-22 04:00:00,M-104,67.54,5.85,1504,122.91,48.69,196.58,44.18,0.94,0.0134,0.43,21.57,926,4.0,58,Normal
2023-04-22 05:00:00,M-102,63.41,5.1,1500,121.01,49.97,203.08,44.73,0.96,0.0114,0.02,38.98,1005,6.49,113,Normal
2023-04-22 06:00:00,M-102,64.88,3.76,1501,120.37,50.1,202.0,45.69,0.78,0.0089,0.0,36.27,1010,4.64,127,Normal
2023-04-22 07:00:00,M-101,71.5,3.31,1463,129.67,47.58,196.03,53.53,2.18,0.0342,0.65,45.26,960,8.01,30,Warning
2023-04-22 08:00:00,M-104,64.53,3.75,1491,118.29,50.75,191.6,44.95,0.95,0.0152,0.0,15.87,1004,2.2,168,Normal
2023-04-22 09:00:00,M-102,67.56,5.54,1493,119.01,50.39,197.37,43.07,1.06,0.0081,0.37,33.16,969,5.72,54,Normal
2023-04-22 10:00:00,M-101,63.44,5.04,1501,119.72,49.98,200.63,45.48,1.23,-0.0013,0.01,26.38,1021,3.96,142,Normal
2023-04-22 11:00:00,M-104,67.97,9.89,1456,134.34,48.07,188.46,57.97,2.94,0.0358,1.28,30.54,854,6.67,22,Warning
2023-04-22 12:00:00,M-104,63.58,4.79,1500,120.16,50.27,199.13,44.21,1.02,0.0091,0.0,19.84,1020,3.54,160,Normal
2023-04-22 13:00:00,M-104,77.12,14.17,1493,126.18,42.41,196.85,56.9,2.87,0.0469,3.05,72.6,615,17.77,4,Warning
2023-04-22 14:00:00,M-104,67.65,5.55,1493,121.73,48.95,200.57,45.24,1.05,0.0058,0.37,17.72,945,2.98,65,Normal
2023-04-22 15:00:00,M-101,65.31,6.16,1511,121.87,50.28,203.99,44.76,1.34,0.002,0.26,23.16,969,3.76,74,Normal
2023-04-22 16:00:00,M-104,65.17,6.0,1506,120.24,49.64,207.61,47.17,0.93,0.0152,0.22,20.98,959,3.42,84,Normal
2023-04-22 17:00:00,M-104,64.13,5.99,1515,117.77,51.18,199.45,45.92,1.13,0.0101,0.2,22.2,977,4.06,86,Normal
2023-04-22 18:00:00,M-105,66.18,3.15,1488,124.13,49.81,204.88,46.13,1.08,0.0151,0.12,14.73,943,2.33,115,Normal
2023-04-22 19:00:00,M-105,67.89,2.14,1498,120.5,48.15,203.7,44.87,0.81,0.0151,0.29,16.36,950,3.44,77,Normal
2023-04-22 20:00:00,M-101,62.84,6.08,1507,118.28,49.79,210.05,45.16,1.08,0.007,0.22,22.38,967,3.85,83,Normal
2023-04-22 21:00:00,M-104,68.21,5.28,1514,120.0,49.83,192.42,45.64,0.87,0.0057,0.38,37.27,934,6.52,50,Normal
2023-04-22 22:00:00,M-101,67.56,9.06,1450,136.98,47.74,187.65,57.92,2.64,0.0207,1.07,44.41,872,8.43,21,Warning
2023-04-22 23:00:00,M-102,64.09,4.83,1497,121.44,50.5,197.89,45.66,0.77,0.0135,0.0,11.23,1017,1.82,177,Normal
2023-04-23 00:00:00,M-104,88.89,27.31,1266,154.75,27.13,186.49,77.19,7.69,0.1402,6.85,100.0,184,29.48,0,Failure
2023-04-23 01:00:00,M-101,64.79,6.48,1491,118.18,49.77,200.18,44.49,0.84,0.0119,0.3,18.84,993,4.25,74,Normal
2023-04-23 02:00:00,M-105,67.92,4.45,1522,118.78,50.23,201.16,44.9,0.59,0.0069,0.29,42.75,968,6.01,52,Normal
2023-04-23 03:00:00,M-101,62.95,5.06,1498,122.72,49.41,199.13,44.35,1.16,0.0057,0.01,34.75,993,4.48,124,Normal
2023-04-23 04:00:00,M-104,65.46,5.43,1518,116.45,50.74,201.88,44.63,1.07,0.0137,0.13,38.31,995,6.02,80,Normal
2023-04-23 05:00:00,M-103,66.61,4.06,1525,123.25,49.19,200.54,44.4,1.13,0.0096,0.16,25.87,943,3.74,90,Normal
2023-04-23 06:00:00,M-103,63.87,2.86,1497,122.94,49.09,189.47,46.5,0.9,0.0099,0.0,34.98,1015,4.81,130,Normal
2023-04-23 07:00:00,M-104,67.41,6.75,1509,119.87,49.69,194.04,44.21,0.91,0.0034,0.59,29.78,922,5.51,41,Normal
2023-04-23 08:00:00,M-101,62.89,5.32,1491,118.79,47.81,209.69,45.94,0.9,0.0055,0.06,19.83,992,2.75,127,Normal
2023-04-23 09:00:00,M-102,63.96,1.48,1491,121.6,47.55,197.92,44.71,1.14,0.0106,0.0,23.14,1008,3.1,153,Normal
2023-04-23 10:00:00,M-104,66.55,4.55,1522,117.61,49.19,199.45,43.47,1.36,0.0109,0.16,12.62,965,2.52,107,Normal
2023-04-23 11:00:00,M-105,63.68,5.11,1496,123.29,48.19,210.73,44.12,0.78,0.0085,0.02,17.48,1001,2.48,152,Normal
2023-04-23 12:00:00,M-105,76.86,14.0,1471,121.94,42.97,179.06,55.57,1.68,0.0104,2.99,70.29,636,15.83,4,Warning
2023-04-23 13:00:00,M-105,62.5,5.29,1483,117.27,49.75,199.59,44.45,0.92,0.0028,0.06,32.59,1001,4.01,109,Normal
2023-04-23 14:00:00,M-104,63.55,4.97,1494,119.82,50.74,198.34,45.22,1.05,0.0084,0.0,34.91,985,4.82,130,Normal
2023-04-23 15:00:00,M-101,63.38,4.34,1502,117.23,49.05,200.25,46.2,0.82,0.0117,0.0,31.21,995,4.93,137,Normal
2023-04-23 16:00:00,M-105,75.05,13.85,1419,130.1,48.16,187.38,52.44,4.8,0.0266,2.77,58.14,670,13.87,6,Warning
2023-04-23 17:00:00,M-102,69.01,11.33,1471,123.78,45.26,193.36,59.93,3.64,0.0483,1.67,62.65,806,13.11,9,Warning
2023-04-23 18:00:00,M-101,67.5,5.25,1492,119.65,49.32,197.5,43.74,0.81,0.0145,0.3,19.78,970,3.06,73,Normal
2023-04-23 19:00:00,M-102,64.04,4.74,1504,121.89,49.87,203.67,45.09,0.99,0.0139,0.0,39.72,971,6.18,120,Normal
2023-04-23 20:00:00,M-101,66.81,4.29,1488,117.74,50.14,195.35,44.39,0.91,0.0063,0.18,27.83,962,4.19,83,Normal
2023-04-23 21:00:00,M-104,64.63,6.46,1501,120.79,50.06,217.05,45.9,0.59,0.0111,0.29,15.74,986,2.22,77,Normal
2023-04-23 22:00:00,M-101,68.17,5.63,1487,118.78,49.96,192.55,45.01,0.76,0.0017,0.44,41.32,927,7.26,42,Normal
2023-04-23 23:00:00,M-104,64.49,7.35,1509,118.27,51.29,212.06,44.78,1.1,0.0151,0.47,18.57,921,2.81,56,Normal
2023-04-24 00:00:00,M-105,67.05,5.22,1513,119.3,51.69,196.11,46.32,0.55,0.0045,0.25,26.09,976,5.77,74,Normal
2023-04-24 01:00:00,M-102,65.91,5.43,1494,121.38,49.79,194.72,44.66,1.08,0.0177,0.18,17.18,947,2.31,96,Normal
2023-04-24 02:00:00,M-104,64.7,4.95,1509,120.01,49.87,205.09,45.6,0.85,0.0043,0.0,14.84,983,1.77,170,Normal
2023-04-24 03:00:00,M-102,74.88,11.54,1494,129.85,49.04,202.31,53.94,2.82,0.0385,2.3,49.9,699,13.26,9,Warning
2023-04-24 04:00:00,M-105,70.74,8.79,1466,127.53,40.54,173.3,61.63,4.13,0.041,1.33,54.56,841,10.54,14,Warning
2023-04-24 05:00:00,M-102,63.18,5.52,1493,123.0,50.49,196.23,45.29,1.01,0.0004,0.1,37.66,967,5.53,87,Normal
2023-04-24 06:00:00,M-102,63.45,6.24,1506,122.63,49.05,196.46,46.2,0.99,0.0072,0.25,40.39,960,7.04,59,Normal
2023-04-24 07:00:00,M-101,64.98,3.86,1497,122.04,50.63,194.66,46.18,0.93,0.0046,0.0,33.46,999,4.26,133,Normal
2023-04-24 08:00:00,M-103,63.47,6.92,1490,118.08,51.23,203.31,44.87,1.17,0.0115,0.38,16.26,930,3.15,66,Normal
2023-04-24 09:00:00,M-104,62.34,3.38,1486,121.01,50.95,199.56,45.71,0.88,0.0082,0.0,15.51,1018,2.56,168,Normal
2023-04-24 10:00:00,M-102,65.15,6.05,1503,118.09,49.52,200.1,46.34,0.91,0.0013,0.22,41.22,981,6.24,62,Normal
2023-04-24 11:00:00,M-102,80.84,25.91,1285,161.06,35.42,177.32,67.23,5.36,0.1882,5.76,100.0,332,26.03,0,Failure
2023-04-24 12:00:00,M-101,66.33,4.04,1521,117.85,51.0,207.6,45.11,0.85,0.0063,0.13,21.2,978,3.83,102,Normal
2023-04-24 13:00:00,M-103,65.7,5.09,1491,122.03,48.76,203.87,45.09,0.99,0.0072,0.09,36.93,992,5.03,93,Normal
2023-04-24 14:00:00,M-104,74.22,14.37,1432,134.26,41.24,177.84,54.18,0.44,0.0517,2.8,74.94,629,16.93,4,Warning
2023-04-24 15:00:00,M-105,74.89,10.05,1466,129.04,45.42,194.39,56.33,3.1,0.068,2.0,60.65,780,13.49,8,Warning
2023-04-24 16:00:00,M-105,77.67,18.19,1454,129.97,43.05,187.95,52.81,3.68,0.0318,3.9,87.15,532,20.92,1,Warning
2023-04-24 17:00:00,M-102,65.29,4.41,1481,120.55,50.0,200.96,44.58,0.87,0.0089,0.03,33.04,999,5.35,120,Normal
2023-04-24 18:00:00,M-104,66.57,4.22,1497,122.47,50.43,200.32,44.81,1.23,0.0156,0.16,13.08,994,2.4,106,Normal
2023-04-24 19:00:00,M-104,65.09,3.66,1505,121.73,50.42,192.62,43.76,0.86,0.0164,0.01,26.86,1000,3.05,141,Normal
2023-04-24 20:00:00,M-105,61.28,6.18,1496,119.6,49.33,200.98,45.18,0.87,0.0075,0.24,27.34,973,5.37,74,Normal
2023-04-24 21:00:00,M-105,60.61,4.11,1509,122.78,49.68,211.4,42.56,1.22,0.0104,0.0,14.89,990,2.67,170,Normal
2023-04-24 22:00:00,M-105,69.11,9.48,1443,128.16,51.16,179.48,54.86,0.94,0.0566,1.31,41.83,816,8.75,18,Warning
2023-04-24 23:00:00,M-102,67.24,7.11,1487,118.64,50.87,196.84,45.29,1.02,-0.0017,0.65,19.99,941,4.22,44,Normal
2023-04-25 00:00:00,M-102,67.58,6.3,1487,118.91,50.72,196.86,45.11,0.86,0.0046,0.52,32.94,919,6.1,43,Normal
2023-04-25 01:00:00,M-103,66.66,5.46,1513,118.79,51.77,200.02,45.8,1.26,0.0232,0.26,16.08,947,2.56,82,Normal
2023-04-25 02:00:00,M-101,63.04,6.02,1507,119.62,49.11,200.73,44.36,1.16,0.0128,0.2,20.19,1034,3.32,88,Normal
2023-04-25 03:00:00,M-105,64.36,4.72,1495,120.3,51.1,195.33,45.45,1.02,0.0011,0.0,23.7,986,3.56,152,Normal
2023-04-25 04:00:00,M-101,67.72,5.72,1498,119.62,50.09,199.97,44.04,0.62,0.006,0.42,39.46,947,7.18,45,Normal
2023-04-25 05:00:00,M-104,79.85,33.85,1273,151.17,29.19,172.85,77.07,6.3,0.0957,7.25,100.0,121,29.4,0,Failure
2023-04-25 06:00:00,M-102,66.38,3.88,1511,119.29,52.17,200.34,46.71,1.24,0.0069,0.14,13.59,957,1.77,111,Normal
2023-04-25 07:00:00,M-105,69.65,4.26,1506,117.43,49.75,205.3,45.35,0.81,0.0064,0.47,29.36,947,5.32,49,Normal
2023-04-25 08:00:00,M-105,68.09,4.08,1505,120.85,50.39,201.86,44.03,1.34,0.0148,0.31,25.16,972,3.89,66,Normal
2023-04-25 09:00:00,M-105,62.41,4.36,1500,119.04,50.37,198.58,44.65,0.67,0.013,0.0,35.42,1012,5.22,129,Normal
2023-04-25 10:00:00,M-104,65.49,6.12,1503,120.92,50.17,203.41,45.47,0.46,0.0145,0.27,23.7,983,4.61,73,Normal
2023-04-25 11:00:00,M-103,74.65,14.02,1481,131.14,41.91,195.49,55.17,1.91,0.0707,2.77,65.32,672,15.22,5,Warning
2023-04-25 12:00:00,M-101,66.64,6.93,1485,117.35,51.1,207.24,45.03,0.11,0.0063,0.55,48.24,940,8.78,32,Normal
2023-04-25 13:00:00,M-103,65.08,5.08,1504,120.34,49.09,206.66,45.45,0.99,0.0069,0.02,14.75,1002,2.14,155,Normal
2023-04-25 14:00:00,M-104,73.02,14.27,1450,130.3,40.35,184.28,57.26,1.9,0.0553,2.66,74.9,689,16.17,4,Warning
2023-04-25 15:00:00,M-104,77.68,10.07,1481,125.01,42.62,183.88,55.93,2.95,0.0523,2.28,51.61,723,12.28,9,Warning
2023-04-25 16:00:00,M-101,61.31,3.85,1510,118.57,48.25,197.44,45.51,0.63,0.0148,0.0,39.68,971,5.85,120,Normal
2023-04-25 17:00:00,M-102,62.41,4.97,1494,122.59,49.33,208.49,45.17,0.92,0.0087,0.0,31.17,1005,4.54,137,Normal
2023-04-25 18:00:00,M-103,66.27,4.11,1510,119.4,50.93,199.37,45.31,1.07,0.0141,0.13,23.39,952,3.83,101,Normal
2023-04-25 19:00:00,M-104,63.81,4.29,1495,121.41,50.31,197.71,44.46,1.06,0.0237,0.0,38.5,1054,6.3,123,Normal
2023-04-25 20:00:00,M-102,63.76,3.69,1498,118.28,49.2,192.92,45.25,0.92,0.0127,0.0,27.52,1009,3.27,144,Normal
2023-04-25 21:00:00,M-101,65.11,4.29,1519,119.49,50.74,204.99,44.63,1.19,0.0152,0.01,27.54,1014,3.89,139,Normal
2023-04-25 22:00:00,M-105,90.45,21.21,1381,136.01,46.95,156.82,69.76,5.87,0.1312,5.79,100.0,364,26.93,0,Failure
2023-04-25 23:00:00,M-104,64.3,6.64,1491,120.07,50.94,195.9,45.13,0.79,0.008,0.33,36.2,1013,6.75,55,Normal
2023-04-26 00:00:00,M-105,74.65,15.14,1428,124.22,44.61,191.02,56.59,1.52,0.0409,2.99,74.7,579,16.8,3,Warning
2023-04-26 01:00:00,M-103,63.12,5.4,1519,118.6,50.2,200.74,46.67,1.06,0.003,0.08,33.47,1005,5.27,100,Normal
2023-04-26 02:00:00,M-103,63.62,4.64,1501,120.3,51.01,204.81,45.52,0.8,0.0052,0.0,19.74,982,3.66,160,Normal
2023-04-26 03:00:00,M-105,85.47,12.48,1299,149.89,38.19,158.39,66.84,7.33,0.2019,3.54,100.0,548,18.82,0,Failure
2023-04-26 04:00:00,M-103,70.1,16.04,1454,124.34,47.95,192.73,61.61,2.76,0.0722,2.72,78.26,644,17.43,3,Warning
2023-04-26 05:00:00,M-105,67.27,5.47,1502,120.85,51.21,195.38,45.42,0.62,0.0086,0.32,19.28,999,3.14,70,Normal
2023-04-26 06:00:00,M-105,64.9,4.78,1492,116.46,50.18,201.9,44.01,0.89,0.0177,0.0,24.51,1023,3.52,150,Normal
2023-04-26 07:00:00,M-104,61.61,5.47,1503,122.67,49.61,202.21,45.25,1.0,0.0116,0.09,23.34,1000,3.96,111,Normal
2023-04-26 08:00:00,M-102,83.18,18.35,1438,128.63,41.91,190.94,51.78,2.47,0.064,4.49,94.65,469,22.74,1,Warning
2023-04-26 09:00:00,M-102,62.32,4.24,1491,120.08,48.3,208.03,43.74,0.73,0.0103,0.0,14.6,997,2.88,170,Normal
2023-04-26 10:00:00,M-102,65.9,4.5,1500,123.79,49.62,190.57,45.87,1.06,0.0015,0.09,12.63,997,2.32,128,Normal
2023-04-26 11:00:00,M-101,62.9,4.93,1487,117.86,51.11,204.28,46.79,1.18,0.0093,0.0,34.13,979,5.82,131,Normal
2023-04-26 12:00:00,M-101,66.65,5.67,1487,123.03,51.31,193.58,45.2,0.95,0.0171,0.3,29.47,935,5.88,64,Normal
2023-04-26 13:00:00,M-102,65.28,3.64,1506,117.77,49.03,198.03,44.59,1.11,0.0116,0.03,27.99,976,4.11,129,Normal
2023-04-26 14:00:00,M-104,64.95,5.44,1509,118.49,49.44,196.52,44.35,1.08,0.013,0.09,17.19,1010,3.98,122,Normal
2023-04-26 15:00:00,M-103,64.06,3.77,1500,117.24,49.74,197.47,45.69,0.65,0.0021,0.0,11.73,1007,2.03,176,Normal
2023-04-26 16:00:00,M-102,65.17,4.26,1483,118.94,49.63,201.46,44.64,0.86,0.0025,0.02,32.35,998,4.71,126,Normal
2023-04-26 17:00:00,M-102,64.78,6.21,1504,119.28,49.41,201.13,44.91,0.95,0.01,0.24,23.33,965,3.2,77,Normal
2023-04-26 18:00:00,M-103,68.68,5.48,1515,118.73,49.54,204.83,45.62,0.98,0.0037,0.46,31.08,967,4.47,48,Normal
2023-04-26 19:00:00,M-103,67.31,4.99,1506,120.46,48.85,198.72,43.3,1.19,0.0116,0.23,38.9,987,6.94,63,Normal
2023-04-26 20:00:00,M-105,66.84,4.49,1504,113.26,50.67,193.91,44.67,1.15,0.0023,0.18,36.54,999,4.8,73,Normal
2023-04-26 21:00:00,M-101,64.35,4.16,1498,116.96,49.88,197.13,46.99,1.03,0.0111,0.0,32.6,995,5.51,134,Normal
2023-04-26 22:00:00,M-103,61.31,6.2,1501,120.56,50.77,206.32,44.98,1.24,0.0128,0.24,41.18,958,7.23,60,Normal
2023-04-26 23:00:00,M-105,63.71,5.14,1499,121.37,51.81,203.11,45.56,0.8,0.0023,0.03,15.05,1001,2.22,153,Normal
2023-04-27 00:00:00,M-101,72.25,15.86,1433,131.08,43.22,176.56,55.59,4.12,0.0488,2.9,55.61,622,14.07,7,Warning
2023-04-27 01:00:00,M-102,70.78,4.54,1499,120.44,50.27,205.22,46.92,0.84,0.0122,0.58,38.36,927,7.08,37,Normal
2023-04-27 02:00:00,M-103,81.49,15.8,1438,133.41,46.74,201.76,54.55,2.25,0.0402,3.81,81.61,560,21.05,2,Warning
2023-04-27 03:00:00,M-104,74.08,3.78,1455,132.36,44.31,182.72,57.69,3.78,0.0605,0.91,27.98,875,5.71,31,Warning
2023-04-27 04:00:00,M-101,63.71,4.17,1503,120.97,50.23,196.92,44.8,1.32,0.0029,0.0,12.02,1037,2.18,175,Normal
2023-04-27 05:00:00,M-104,66.13,4.88,1495,124.2,51.14,208.68,45.7,0.98,0.012,0.11,29.47,1022,4.9,97,Normal
2023-04-27 06:00:00,M-104,81.17,7.78,1480,138.98,45.09,178.38,57.49,4.05,0.0472,2.17,45.91,715,10.94,11,Warning
2023-04-27 07:00:00,M-105,78.5,14.01,1467,131.41,46.31,206.07,58.97,2.04,0.0393,3.15,85.29,617,18.98,2,Warning
2023-04-27 08:00:00,M-104,66.03,4.23,1488,116.43,51.23,198.14,45.57,0.9,0.0042,0.1,13.51,1000,1.88,122,Normal
2023-04-27 09:00:00,M-104,77.74,16.59,1477,123.54,48.32,192.61,56.36,5.5,0.0549,3.59,90.78,581,20.85,1,Warning
2023-04-27 10:00:00,M-101,71.88,9.39,1454,132.03,44.57,186.88,58.8,2.91,0.0257,1.57,61.09,790,12.34,10,Warning
2023-04-27 11:00:00,M-103,63.39,4.3,1500,119.57,49.25,199.67,43.89,1.31,0.0145,0.0,13.89,956,2.5,172,Normal
2023-04-27 12:00:00,M-103,64.03,3.48,1515,118.83,49.12,197.78,45.93,1.02,0.006,0.0,13.48,1008,2.01,173,Normal
2023-04-27 13:00:00,M-101,66.76,5.17,1503,122.96,49.51,192.16,44.83,0.89,0.0029,0.21,30.48,987,4.99,75,Normal
2023-04-27 14:00:00,M-103,62.07,4.48,1505,117.82,49.68,205.44,46.8,1.09,0.0092,0.0,31.89,989,4.61,136,Normal
2023-04-27 15:00:00,M-103,65.28,5.76,1488,121.62,49.41,201.88,44.81,1.05,0.0111,0.18,38.31,1003,5.99,71,Normal
2023-04-27 16:00:00,M-102,65.7,5.47,1498,121.26,49.34,203.26,45.86,1.14,0.0138,0.16,24.86,989,3.93,90,Normal
2023-04-27 17:00:00,M-101,65.05,5.39,1490,117.28,50.28,196.29,43.78,1.15,0.0176,0.08,14.95,1007,1.82,127,Normal
2023-04-27 18:00:00,M-104,65.57,6.66,1511,118.94,48.74,204.19,44.35,0.93,0.0047,0.39,30.11,966,4.51,54,Normal
2023-04-27 19:00:00,M-102,62.64,4.75,1506,118.44,49.87,201.09,46.54,1.01,0.0105,0.0,17.16,987,3.49,165,Normal
2023-04-27 20:00:00,M-104,66.92,6.6,1491,122.76,48.65,205.74,44.72,1.31,0.0077,0.51,24.43,932,4.37,49,Normal
2023-04-27 21:00:00,M-101,74.86,12.47,1479,135.12,41.6,193.68,58.69,2.78,0.0466,2.48,47.8,694,12.4,9,Warning
2023-04-27 22:00:00,M-103,63.02,5.41,1511,120.73,51.47,199.25,44.78,1.01,0.0033,0.08,16.62,982,2.46,125,Normal
2023-04-27 23:00:00,M-103,64.0,6.89,1505,120.99,48.11,206.43,43.96,0.99,0.0065,0.38,44.21,959,8.16,44,Normal
2023-04-28 00:00:00,M-103,64.78,4.77,1507,118.54,48.87,200.37,45.19,0.64,0.0099,0.0,19.31,975,2.27,161,Normal
2023-04-28 01:00:00,M-104,84.88,13.66,1457,132.63,43.53,188.86,56.52,2.02,0.0637,3.72,70.9,595,17.34,3,Warning
2023-04-28 02:00:00,M-103,66.97,6.12,1501,121.93,51.91,205.95,45.92,0.84,0.0148,0.42,39.37,958,6.23,45,Normal
2023-04-28 03:00:00,M-103,65.84,4.78,1506,119.81,50.45,203.08,45.63,0.85,0.0221,0.08,15.26,994,2.77,126,Normal
2023-04-28 04:00:00,M-103,69.49,5.32,1497,121.07,50.6,202.92,46.37,1.08,0.0166,0.51,36.37,942,6.4,41,Normal
2023-04-28 05:00:00,M-103,65.11,5.24,1495,120.5,51.57,208.72,46.38,1.06,0.0064,0.06,27.79,1041,4.03,116,Normal
2023-04-28 06:00:00,M-102,71.96,15.31,1409,122.04,43.81,202.1,52.02,2.98,0.0738,2.76,66.36,686,14.94,5,Warning
2023-04-28 07:00:00,M-104,65.94,3.95,1495,122.26,47.97,210.49,43.71,0.6,0.0101,0.09,17.43,980,2.49,119,Normal
2023-04-28 08:00:00,M-104,78.49,13.7,1476,136.71,48.32,181.93,53.43,3.12,0.1246,3.09,81.45,644,19.31,2,Warning
2023-04-28 09:00:00,M-102,66.42,4.97,1491,119.79,50.94,192.46,44.59,0.68,0.0048,0.14,38.61,970,5.94,78,Normal
2023-04-28 10:00:00,M-104,66.91,6.49,1484,123.16,48.87,203.73,45.26,1.13,0.0042,0.49,38.05,905,6.95,41,Normal
2023-04-28 11:00:00,M-105,63.57,4.92,1494,118.75,50.19,190.92,44.48,1.8,0.0023,0.0,12.48,992,2.02,175,Normal
2023-04-28 12:00:00,M-103,66.83,4.77,1501,122.26,50.13,200.84,44.21,0.89,0.0049,0.18,31.43,963,5.96,79,Normal
2023-04-28 13:00:00,M-101,81.06,13.64,1432,124.66,37.28,202.93,52.09,3.35,0.054,3.33,80.35,566,18.42,2,Warning
2023-04-28 14:00:00,M-105,63.73,3.61,1502,121.77,49.72,196.69,44.66,1.46,0.016,0.0,24.42,1014,3.63,151,Normal
2023-04-28 15:00:00,M-102,64.79,4.09,1494,118.59,48.23,189.6,44.77,0.72,0.0133,0.0,32.68,995,4.1,134,Normal
2023-04-28 16:00:00,M-101,64.81,5.59,1508,121.84,51.78,203.31,44.93,0.89,0.0093,0.12,37.99,1015,6.02,84,Normal
2023-04-28 17:00:00,M-105,65.31,4.63,1494,118.69,48.7,197.77,44.73,1.08,0.0095,0.03,24.06,1017,4.19,134,Normal
2023-04-28 18:00:00,M-103,73.81,13.23,1400,124.49,47.8,203.34,55.66,2.69,0.0599,2.53,49.98,644,11.63,9,Warning
2023-04-28 19:00:00,M-105,79.93,6.97,1524,129.41,44.14,189.75,51.78,3.66,0.0418,1.89,52.51,767,12.29,11,Warning
2023-04-28 20:00:00,M-103,63.19,3.99,1493,118.32,50.11,204.4,46.08,1.17,0.0055,0.0,21.91,1001,2.45,156,Normal
2023-04-28 21:00:00,M-101,67.3,5.68,1503,121.3,51.24,191.58,45.08,0.64,0.008,0.37,36.6,962,6.05,51,Normal
2023-04-28 22:00:00,M-103,64.93,5.44,1501,123.58,49.63,196.56,45.88,0.81,0.012,0.09,29.69,986,5.67,104,Normal
2023-04-28 23:00:00,M-103,64.88,4.13,1505,121.67,50.93,205.72,45.99,1.1,0.0132,0.0,22.16,1008,2.53,155,Normal
2023-04-29 00:00:00,M-102,62.38,3.93,1504,121.08,52.08,201.48,44.96,1.04,0.018,0.0,38.08,1048,5.38,123,Normal
2023-04-29 01:00:00,M-102,64.34,4.69,1486,120.49,52.18,205.08,42.97,1.06,0.0115,0.0,26.42,980,3.36,147,Normal
2023-04-29 02:00:00,M-105,65.23,3.43,1499,119.01,51.03,201.22,45.47,0.96,0.0153,0.02,32.0,965,4.21,124,Normal
2023-04-29 03:00:00,M-104,62.34,6.25,1498,120.52,49.21,203.08,46.89,1.03,0.0132,0.25,35.42,994,6.65,64,Normal
2023-04-29 04:00:00,M-103,65.25,4.6,1487,121.0,50.59,198.25,45.61,0.93,0.0143,0.02,22.88,979,3.28,140,Normal
2023-04-29 05:00:00,M-103,63.8,3.83,1512,117.41,50.46,203.47,42.08,0.74,0.0081,0.0,38.95,1037,5.65,122,Normal
2023-04-29 06:00:00,M-105,63.97,5.44,1496,119.6,49.6,197.09,44.4,0.88,0.0062,0.09,15.09,969,2.92,125,Normal
2023-04-29 07:00:00,M-101,62.76,4.35,1494,120.0,49.24,210.38,45.58,1.19,0.0112,0.0,38.57,1028,5.21,122,Normal
2023-04-29 08:00:00,M-103,64.0,5.47,1509,118.43,52.54,192.34,44.15,1.05,0.0212,0.09,31.21,977,4.8,99,Normal
2023-04-29 09:00:00,M-103,64.79,4.34,1497,118.4,49.94,199.88,44.14,1.54,0.0115,0.0,22.99,1025,4.05,154,Normal
2023-04-29 10:00:00,M-103,62.26,6.01,1479,117.71,48.85,196.25,45.01,0.83,-0.0002,0.2,42.3,985,7.23,63,Normal
2023-04-29 11:00:00,M-102,65.28,3.69,1502,116.77,49.82,203.24,44.41,1.04,0.007,0.03,31.57,974,5.04,122,Normal
2023-04-29 12:00:00,M-105,71.12,15.98,1488,129.68,52.03,193.67,51.68,2.72,0.0501,2.81,62.23,664,15.37,6,Warning
2023-04-29 13:00:00,M-105,67.94,5.46,1496,120.34,49.32,190.05,44.76,1.1,0.0151,0.39,44.05,944,8.12,44,Normal
2023-04-29 14:00:00,M-102,65.84,2.9,1513,113.13,49.56,192.02,44.5,0.99,0.004,0.08,31.23,934,5.42,102,Normal
2023-04-29 15:00:00,M-101,65.1,3.8,1482,117.27,50.33,207.99,44.09,1.17,0.0091,0.01,24.78,977,3.91,144,Normal
2023-04-29 16:00:00,M-101,66.36,6.25,1503,120.98,48.77,203.53,46.35,1.08,0.001,0.39,35.18,986,6.27,50,Normal
2023-04-29 17:00:00,M-104,63.59,5.14,1519,121.76,49.35,196.46,45.02,1.02,0.0107,0.03,39.22,966,6.94,109,Normal
2023-04-29 18:00:00,M-105,75.78,16.57,1411,134.53,43.12,183.26,58.07,2.12,0.0575,3.39,76.58,583,17.51,3,Warning
2023-04-29 19:00:00,M-104,63.24,3.0,1501,123.2,49.53,206.83,45.69,1.17,0.0129,0.0,30.33,1036,4.45,139,Normal
2023-04-29 20:00:00,M-103,64.22,3.59,1498,119.56,50.28,204.16,43.09,0.87,0.0052,0.0,12.13,1025,1.32,175,Normal
2023-04-29 21:00:00,M-102,63.89,5.7,1509,122.04,50.0,199.02,43.69,0.93,0.0109,0.14,23.09,1005,2.78,98,Normal
2023-04-29 22:00:00,M-105,69.84,4.56,1491,119.45,50.09,194.32,44.54,1.2,0.0106,0.48,22.04,967,5.05,53,Normal
2023-04-29 23:00:00,M-104,66.99,4.75,1494,122.31,48.54,204.68,44.47,0.7,0.0012,0.2,27.38,1008,4.4,80,Normal
2023-04-30 00:00:00,M-101,75.14,7.88,1401,135.99,42.58,202.33,56.96,2.23,0.0733,1.59,45.08,790,10.28,14,Warning
2023-04-30 01:00:00,M-104,63.5,3.8,1510,117.72,49.87,203.48,45.46,0.96,0.0064,0.0,15.5,1014,1.38,168,Normal
2023-04-30 02:00:00,M-103,68.88,5.8,1488,118.61,49.5,201.95,46.57,0.91,0.0177,0.55,22.93,976,4.69,48,Normal
2023-04-30 03:00:00,M-104,62.5,3.99,1481,121.12,49.64,196.37,47.06,0.64,0.0164,0.0,22.32,956,3.09,155,Normal
2023-04-30 04:00:00,M-102,63.96,4.77,1504,119.4,50.47,200.57,43.97,0.66,0.0129,0.0,25.84,1032,4.78,148,Normal
2023-04-30 05:00:00,M-105,68.26,5.73,1511,119.03,49.92,199.01,44.34,1.03,0.0074,0.47,20.16,944,3.28,55,Normal
2023-04-30 06:00:00,M-103,66.0,5.59,1507,119.57,50.49,197.57,43.03,1.11,0.0115,0.22,20.37,994,3.0,85,Normal
2023-04-30 07:00:00,M-103,64.98,2.87,1493,119.75,50.56,193.82,44.11,1.35,0.0198,0.0,36.1,1010,6.05,127,Normal
2023-04-30 08:00:00,M-103,63.31,4.39,1490,121.18,49.31,198.03,45.02,1.33,0.0133,0.0,32.51,984,3.99,134,Normal
2023-04-30 09:00:00,M-101,65.36,5.69,1501,121.73,48.59,194.27,45.59,0.93,0.0159,0.17,23.17,985,3.38,90,Normal
2023-04-30 10:00:00,M-101,61.48,3.23,1504,117.53,49.5,200.32,45.68,0.96,0.0189,0.0,18.08,999,2.74,163,Normal
2023-04-30 11:00:00,M-104,73.46,12.55,1485,135.84,46.18,195.01,55.13,2.42,0.0589,2.36,53.26,708,12.19,8,Warning
2023-04-30 12:00:00,M-103,69.12,3.8,1493,119.81,49.94,201.92,44.53,1.09,0.0157,0.41,43.48,975,6.99,42,Normal
2023-04-30 13:00:00,M-105,64.35,4.61,1508,119.84,48.42,197.76,44.22,0.7,0.0062,0.0,33.24,956,4.52,133,Normal
2023-04-30 14:00:00,M-105,66.97,4.51,1488,122.35,50.09,209.43,44.53,0.91,0.015,0.2,28.88,996,4.06,79,Normal
2023-04-30 15:00:00,M-101,65.01,6.04,1498,120.83,50.91,198.49,43.94,0.98,0.0045,0.21,39.55,963,6.57,65,Normal
2023-04-30 16:00:00,M-101,68.13,5.43,1510,120.77,50.38,203.76,44.43,0.89,0.0117,0.4,28.64,990,5.42,54,Normal
2023-04-30 17:00:00,M-105,64.83,4.1,1497,116.54,50.11,190.32,45.11,0.86,0.0093,0.0,39.58,977,6.69,120,Normal
2023-04-30 18:00:00,M-105,67.07,5.8,1482,119.54,48.92,193.66,45.54,0.92,0.0093,0.37,37.92,942,6.21,50,Normal
2023-04-30 19:00:00,M-105,65.4,4.97,1509,121.64,50.33,198.85,45.96,0.84,0.0057,0.04,18.9,987,3.5,139,Normal
2023-04-30 20:00:00,M-102,82.33,16.59,1310,144.37,38.95,163.31,72.79,6.02,0.0935,4.05,100.0,503,23.04,0,Failure
2023-04-30 21:00:00,M-104,67.03,4.21,1498,116.21,51.34,211.47,44.71,1.07,0.0106,0.2,22.94,949,4.47,85,Normal
2023-04-30 22:00:00,M-102,68.21,11.52,1481,128.08,46.04,197.83,50.13,4.85,0.0731,1.62,56.5,815,11.46,11,Warning
2023-04-30 23:00:00,M-105,65.57,5.4,1495,122.56,50.24,199.14,43.78,1.23,0.0104,0.14,20.07,985,2.86,103,Normal
2023-05-01 00:00:00,M-104,63.41,5.4,1499,118.11,51.11,197.91,45.27,1.26,0.0054,0.08,33.38,990,5.11,101,Normal
2023-05-01 01:00:00,M-103,64.59,5.07,1490,121.6,50.3,196.05,46.02,0.62,0.0208,0.01,31.27,1036,5.58,130,Normal
2023-05-01 02:00:00,M-102,65.36,4.69,1526,121.21,50.02,197.32,44.34,1.01,0.0053,0.04,34.38,1009,5.11,114,Normal
2023-05-01 03:00:00,M-101,61.1,5.09,1501,118.91,50.45,200.62,44.47,1.16,0.0091,0.02,26.05,976,3.06,137,Normal
2023-05-01 04:00:00,M-105,72.37,14.52,1451,133.44,45.28,199.84,55.34,4.42,0.0304,2.64,71.87,680,15.93,4,Warning
2023-05-01 05:00:00,M-101,64.38,3.76,1508,119.11,49.13,221.49,43.85,0.98,-0.0015,0.0,10.89,1025,1.49,178,Normal
2023-05-01 06:00:00,M-104,64.25,5.54,1493,123.14,50.85,192.44,44.72,1.31,0.0065,0.11,39.35,985,5.96,84,Normal
2023-05-01 07:00:00,M-101,79.37,9.72,1482,130.63,50.26,184.57,54.82,2.34,0.0697,2.38,71.11,725,14.58,5,Warning
2023-05-01 08:00:00,M-102,64.77,5.22,1515,121.45,49.53,192.98,45.59,0.82,0.0041,0.04,30.49,1021,4.83,118,Normal
2023-05-01 09:00:00,M-104,66.93,5.77,1498,119.57,50.82,201.07,46.09,1.02,0.0081,0.35,44.31,923,7.22,46,Normal
2023-05-01 10:00:00,M-101,64.23,3.93,1515,118.86,50.79,203.38,44.94,0.81,0.0098,0.0,37.91,976,4.41,124,Normal
2023-05-01 11:00:00,M-105,64.29,5.53,1501,117.96,49.25,190.26,45.55,1.12,0.0093,0.11,19.31,980,2.57,113,Normal
2023-05-01 12:00:00,M-104,68.34,5.35,1500,122.69,50.38,202.39,44.53,0.87,0.0034,0.4,42.13,939,7.44,44,Normal
2023-05-01 13:00:00,M-101,63.08,7.02,1493,120.82,49.45,200.49,43.92,1.22,0.0059,0.4,28.52,953,5.05,54,Normal
2023-05-01 14:00:00,M-102,69.91,11.73,1444,135.18,38.94,181.53,60.24,0.57,0.0663,1.84,61.37,765,13.33,9,Warning
2023-05-01 15:00:00,M-101,65.23,5.25,1496,116.98,50.33,197.99,44.26,1.07,0.0123,0.07,39.73,977,6.23,93,Normal
2023-05-01 16:00:00,M-102,66.74,3.42,1496,120.56,49.76,200.4,45.3,0.89,0.009,0.17,20.05,955,2.97,94,Normal
2023-05-01 17:00:00,M-103,64.72,4.78,1501,120.93,50.97,205.21,44.76,0.88,0.0061,0.0,39.6,993,5.45,120,Normal
2023-05-01 18:00:00,M-105,65.65,4.67,1500,121.61,49.48,193.34,43.47,1.29,0.0147,0.06,17.26,1005,2.97,131,Normal
2023-05-01 19:00:00,M-102,64.79,4.24,1487,119.85,49.79,196.04,44.74,1.05,0.0153,0.0,17.61,1003,2.55,164,Normal
2023-05-01 20:00:00,M-103,65.67,4.77,1501,119.78,49.38,204.9,44.58,0.98,0.0029,0.07,18.06,997,3.08,129,Normal
2023-05-01 21:00:00,M-103,72.51,12.32,1424,129.16,44.84,208.91,51.08,3.81,0.0346,2.22,60.61,761,13.17,7,Warning
2023-05-01 22:00:00,M-104,65.27,6.08,1504,119.1,50.19,195.83,47.07,0.98,0.0101,0.24,34.22,978,4.96,66,Normal
2023-05-01 23:00:00,M-103,80.0,20.66,1295,138.39,32.28,140.17,59.19,7.03,0.2296,4.63,100.0,413,24.16,0,Failure
2023-05-02 00:00:00,M-105,62.29,4.9,1495,118.05,48.94,200.78,45.9,1.09,0.0014,0.0,13.64,1012,1.84,172,Normal
2023-05-02 01:00:00,M-105,69.56,4.87,1498,119.83,51.35,196.81,45.79,0.85,0.0059,0.46,21.9,952,4.8,55,Normal
2023-05-02 02:00:00,M-102,74.88,8.07,1434,125.92,43.07,210.2,54.09,2.12,0.0904,1.6,40.67,825,9.83,16,Warning
2023-05-02 03:00:00,M-101,64.31,4.14,1508,123.44,50.15,195.59,44.99,0.83,0.0136,0.0,12.24,998,1.37,175,Normal
2023-05-02 04:00:00,M-105,92.21,28.65,1262,155.21,38.81,179.5,72.16,5.14,0.1297,7.45,100.0,122,29.58,0,Failure
2023-05-02 05:00:00,M-101,64.34,4.74,1504,118.62,50.95,199.88,44.15,1.08,0.0094,0.0,13.55,990,2.74,172,Normal
2023-05-02 06:00:00,M-103,66.5,3.86,1495,121.04,47.92,209.28,46.05,0.69,-0.0005,0.15,32.91,982,5.67,83,Normal
2023-05-02 07:00:00,M-103,69.62,16.6,1434,127.13,48.06,185.53,60.24,2.43,0.0677,2.78,62.32,668,15.25,6,Warning
2023-05-02 08:00:00,M-102,61.35,4.03,1495,116.09,48.9,201.22,44.65,0.95,0.0054,0.0,17.69,1000,2.03,164,Normal
2023-05-02 09:00:00,M-105,64.64,3.01,1493,120.67,50.41,200.07,45.22,1.12,0.0105,0.0,21.37,1023,2.15,157,Normal
2023-05-02 10:00:00,M-103,63.36,5.09,1492,118.76,49.82,200.38,44.97,1.0,0.0019,0.02,37.73,1044,5.37,116,Normal
2023-05-02 11:00:00,M-104,65.76,5.58,1498,121.31,51.56,189.6,46.21,1.29,0.0122,0.19,13.56,970,1.64,97,Normal
2023-05-02 12:00:00,M-105,60.71,5.91,1481,116.86,48.99,199.51,43.38,0.79,0.0157,0.18,18.53,975,2.92,94,Normal
2023-05-02 13:00:00,M-102,65.21,4.71,1480,120.16,49.22,193.38,45.68,1.05,0.0069,0.02,22.37,994,3.48,143,Normal
2023-05-02 14:00:00,M-102,67.66,3.66,1506,116.81,50.92,205.05,43.09,1.09,0.0118,0.27,20.69,982,4.3,76,Normal
2023-05-02 15:00:00,M-103,77.95,19.14,1427,127.66,42.36,182.91,59.19,1.89,0.0391,4.12,85.92,530,21.33,1,Warning
2023-05-02 16:00:00,M-102,64.9,4.22,1501,119.86,50.45,208.1,45.4,1.41,0.0123,0.0,24.78,984,3.5,150,Normal
2023-05-02 17:00:00,M-102,65.26,5.27,1489,116.95,49.77,203.33,43.69,0.98,0.0067,0.08,35.81,951,5.65,97,Normal
2023-05-02 18:00:00,M-101,64.17,6.72,1502,120.9,49.95,203.82,46.62,0.5,0.0154,0.34,42.94,989,7.37,48,Normal
2023-05-02 19:00:00,M-102,68.07,5.41,1499,120.92,50.82,207.75,43.91,0.67,0.011,0.39,30.84,924,5.28,54,Normal
2023-05-02 20:00:00,M-104,70.35,5.63,1507,121.56,49.31,199.34,45.11,1.39,0.0042,0.66,23.51,906,4.66,41,Normal
2023-05-02 21:00:00,M-102,61.34,7.56,1493,121.34,49.78,186.31,44.85,1.02,0.0073,0.51,44.32,967,8.57,36,Normal
2023-05-02 22:00:00,M-104,77.07,13.11,1444,127.98,48.37,179.63,59.46,2.72,0.0237,2.83,61.17,649,14.58,6,Warning
2023-05-02 23:00:00,M-105,72.9,9.82,1496,129.73,44.4,190.2,57.74,3.03,0.0561,1.75,65.92,809,12.86,8,Warning
2023-05-03 00:00:00,M-105,65.42,6.27,1497,118.6,49.74,197.19,44.33,0.71,0.0088,0.3,23.63,969,3.7,69,Normal
2023-05-03 01:00:00,M-105,62.93,3.71,1492,119.77,50.64,199.58,43.99,0.89,0.007,0.0,31.63,986,4.56,136,Normal
2023-05-03 02:00:00,M-104,64.06,6.3,1490,123.13,49.65,194.32,44.45,1.01,0.0163,0.26,39.69,984,6.78,59,Normal
2023-05-03 03:00:00,M-102,65.98,7.8,1517,121.65,49.51,198.12,46.15,1.24,0.0057,0.66,39.95,881,6.39,33,Normal
2023-05-03 04:00:00,M-105,62.38,5.82,1526,122.21,49.25,214.31,45.69,0.84,0.0197,0.16,36.52,963,5.93,76,Normal
2023-05-03 05:00:00,M-104,74.36,13.37,1439,143.85,51.85,183.46,54.22,2.1,0.0125,2.61,59.71,720,14.1,7,Warning
2023-05-03 06:00:00,M-102,66.66,4.81,1485,121.64,51.31,205.17,44.03,0.83,0.0183,0.17,21.29,955,3.99,94,Normal
2023-05-03 07:00:00,M-103,65.26,4.06,1499,119.68,49.56,203.42,44.52,1.11,0.0117,0.03,18.5,968,3.82,147,Normal
2023-05-03 08:00:00,M-105,68.65,6.28,1506,119.69,51.03,202.15,43.48,1.2,0.0057,0.62,37.22,940,6.28,36,Normal
2023-05-03 09:00:00,M-101,83.48,13.5,1261,127.62,34.9,194.64,70.16,7.07,0.132,3.55,100.0,593,19.05,0,Failure
2023-05-03 10:00:00,M-105,64.38,4.0,1495,120.26,49.54,209.59,44.38,0.79,0.014,0.0,11.32,1018,3.0,177,Normal
2023-05-03 11:00:00,M-103,66.57,3.46,1489,117.28,51.61,194.65,45.59,1.1,0.0027,0.16,30.06,972,4.69,85,Normal
2023-05-03 12:00:00,M-104,92.42,19.73,1359,170.11,30.63,175.14,69.34,11.06,0.136,5.69,100.0,322,26.41,0,Failure
2023-05-03 13:00:00,M-101,66.24,5.2,1504,119.57,50.5,202.37,46.21,1.16,0.0108,0.17,13.97,988,1.85,103,Normal
2023-05-03 14:00:00,M-105,84.03,16.46,1328,151.22,29.62,164.38,67.64,3.98,0.1482,4.2,100.0,473,23.72,0,Failure
2023-05-03 15:00:00,M-103,65.96,4.55,1512,122.0,50.82,202.08,44.66,0.93,0.0099,0.1,28.0,1016,4.95,103,Normal
2023-05-03 16:00:00,M-101,64.82,3.52,1503,119.86,50.53,203.31,44.47,0.8,0.0093,0.0,10.91,952,0.77,178,Normal
2023-05-03 17:00:00,M-105,67.28,4.8,1500,122.21,49.27,207.41,45.01,1.16,0.0122,0.23,33.81,986,5.56,69,Normal
2023-05-03 18:00:00,M-104,62.84,4.87,1470,119.33,49.56,207.01,44.4,0.95,0.0096,0.0,20.41,988,3.94,159,Normal
2023-05-03 19:00:00,M-101,65.92,5.0,1494,119.72,51.11,190.86,47.94,0.82,0.0088,0.09,35.15,985,5.36,94,Normal
2023-05-03 20:00:00,M-105,66.17,5.98,1506,120.21,50.1,196.93,44.94,0.8,0.0061,0.31,37.36,972,6.67,55,Normal
2023-05-03 21:00:00,M-103,63.68,4.59,1505,118.02,50.43,205.26,45.16,1.17,0.0035,0.0,32.51,1008,4.65,134,Normal
2023-05-03 22:00:00,M-103,63.02,5.16,1499,120.61,50.13,199.94,44.87,1.22,0.0057,0.03,38.27,992,5.57,109,Normal
2023-05-03 23:00:00,M-101,66.72,5.81,1507,121.12,48.66,204.01,44.32,1.09,0.0054,0.33,18.71,956,3.44,69,Normal
2023-05-04 00:00:00,M-105,70.13,14.17,1414,139.04,44.79,205.61,52.54,2.56,0.0742,2.35,67.44,689,15.04,6,Warning
2023-05-04 01:00:00,M-105,63.09,4.47,1493,116.35,50.27,201.72,45.12,1.05,0.0043,0.0,29.26,982,4.23,141,Normal
2023-05-04 02:00:00,M-104,67.42,6.24,1516,120.56,49.6,198.52,44.63,1.05,0.0122,0.49,39.31,965,7.7,40,Normal
2023-05-04 03:00:00,M-103,65.06,4.36,1499,120.48,49.1,196.44,44.58,0.78,0.0071,0.01,27.01,1014,4.46,142,Normal
2023-05-04 04:00:00,M-101,65.68,4.74,1487,119.8,48.67,198.45,44.94,0.53,0.0169,0.07,39.1,967,5.36,95,Normal
2023-05-04 05:00:00,M-105,62.29,5.22,1516,122.59,49.71,201.06,45.91,0.97,0.0033,0.04,18.53,938,2.96,138,Normal
2023-05-04 06:00:00,M-105,59.83,3.66,1501,119.82,50.3,202.25,43.32,0.74,0.0138,0.0,28.02,1030,4.35,143,Normal
2023-05-04 07:00:00,M-104,63.14,5.12,1478,118.82,50.27,201.93,44.56,1.01,0.0049,0.02,16.32,1025,3.22,152,Normal
2023-05-04 08:00:00,M-105,63.94,4.65,1480,121.93,50.52,203.54,45.39,0.7,0.0111,0.0,30.15,987,4.69,139,Normal
2023-05-04 09:00:00,M-103,70.31,10.51,1522,134.74,44.31,179.92,49.3,4.22,0.0747,1.63,44.49,803,9.73,14,Warning
2023-05-04 10:00:00,M-105,66.81,7.07,1513,122.57,49.15,195.89,43.68,0.87,0.0146,0.6,25.42,961,4.95,44,Normal
2023-05-04 11:00:00,M-104,67.02,4.7,1496,115.93,50.5,199.91,46.19,1.15,0.0117,0.2,26.73,961,4.21,80,Normal
2023-05-04 12:00:00,M-105,65.22,5.39,1513,122.31,49.94,197.26,44.77,0.9,0.0125,0.1,41.36,1008,6.22,83,Normal
2023-05-04 13:00:00,M-103,62.66,4.44,1506,119.52,48.85,201.06,44.95,1.22,0.0093,0.0,12.84,980,2.41,174,Normal
2023-05-04 14:00:00,M-105,64.24,5.69,1486,117.7,49.7,193.17,43.1,0.7,0.0088,0.14,12.98,996,2.5,112,Normal
2023-05-04 15:00:00,M-103,63.36,5.56,1501,118.08,50.61,200.29,43.95,0.81,0.0124,0.11,33.51,1006,5.39,91,Normal
2023-05-04 16:00:00,M-101,67.22,5.63,1498,119.66,49.93,200.54,46.27,1.21,0.0138,0.35,29.81,998,5.56,58,Normal
2023-05-04 17:00:00,M-105,64.69,2.92,1499,120.84,50.31,193.45,44.34,1.14,0.013,0.0,39.02,1018,5.91,121,Normal
2023-05-04 18:00:00,M-104,61.96,4.84,1502,120.02,50.85,192.51,43.99,1.14,0.0015,0.0,35.63,1016,5.76,128,Normal
2023-05-04 19:00:00,M-102,66.09,4.66,1510,117.62,50.06,208.29,45.49,1.18,0.0104,0.11,16.53,986,2.09,116,Normal
2023-05-04 20:00:00,M-102,61.76,4.17,1507,119.14,50.74,201.78,44.94,0.79,0.0134,0.0,21.46,1006,3.5,157,Normal
2023-05-04 21:00:00,M-105,73.97,11.92,1431,124.22,44.59,202.18,52.84,1.56,0.0299,2.28,72.38,737,15.63,5,Warning
2023-05-04 22:00:00,M-103,88.97,28.07,1330,147.39,40.49,181.54,63.93,6.62,0.1224,7.01,100.0,181,29.12,0,Failure
2023-05-04 23:00:00,M-102,63.37,4.85,1510,122.35,50.48,206.82,43.73,1.26,0.0032,0.0,18.59,1000,2.38,162,Normal
2023-05-05 00:00:00,M-102,69.52,17.78,1417,125.86,46.61,185.19,57.1,2.29,0.0342,3.01,60.08,638,15.14,6,Warning
2023-05-05 01:00:00,M-104,66.76,5.58,1491,118.96,50.99,191.12,45.49,0.96,0.0063,0.29,26.54,959,5.38,67,Normal
2023-05-05 02:00:00,M-102,63.68,2.84,1509,116.86,50.45,194.54,46.51,0.94,0.0076,0.0,30.32,1010,4.42,139,Normal
2023-05-05 03:00:00,M-102,64.59,4.53,1496,121.66,49.94,201.5,43.31,0.65,0.0053,0.0,20.78,1032,4.12,158,Normal
2023-05-05 04:00:00,M-103,66.53,5.62,1485,123.66,49.24,201.2,45.25,1.32,0.0106,0.28,18.71,975,3.01,77,Normal
2023-05-05 05:00:00,M-103,64.93,5.01,1516,120.64,49.91,203.62,44.12,1.02,0.0132,0.0,36.44,1011,5.21,125,Normal
2023-05-05 06:00:00,M-101,62.89,6.04,1504,117.64,52.07,198.95,43.67,0.85,0.0025,0.21,33.63,1002,5.13,72,Normal
2023-05-05 07:00:00,M-104,66.14,5.75,1502,118.93,48.41,199.55,44.15,1.48,0.0107,0.26,36.74,942,5.87,61,Normal
2023-05-05 08:00:00,M-103,62.56,6.18,1510,118.8,49.93,204.23,45.04,1.11,0.0124,0.24,18.75,965,2.85,83,Normal
2023-05-05 09:00:00,M-105,68.45,6.75,1488,118.29,47.69,203.68,44.43,1.05,0.0073,0.7,35.23,884,6.78,34,Normal
2023-05-05 10:00:00,M-104,64.59,6.25,1493,122.24,50.18,203.23,46.86,0.63,0.0145,0.25,27.49,968,4.73,72,Normal
2023-05-05 11:00:00,M-102,63.24,6.33,1506,119.81,50.73,199.31,42.8,0.66,0.0099,0.27,18.8,961,3.31,78,Normal
2023-05-05 12:00:00,M-104,61.69,3.74,1490,118.48,49.16,205.1,44.09,1.29,0.0076,0.0,14.73,1008,2.5,170,Normal
2023-05-05 13:00:00,M-104,65.5,5.14,1499,118.86,51.1,200.43,45.57,1.04,0.0079,0.08,41.0,1038,6.92,89,Normal
2023-05-05 14:00:00,M-103,87.14,17.25,1213,142.5,40.36,188.5,60.6,8.33,0.0408,4.66,100.0,449,23.57,0,Failure
2023-05-05 15:00:00,M-101,66.3,5.54,1501,118.16,48.55,204.98,46.66,1.14,0.0075,0.24,16.64,963,3.32,85,Normal
2023-05-05 16:00:00,M-105,63.92,4.51,1492,118.48,48.0,198.88,43.04,1.15,0.0072,0.0,17.19,997,2.43,165,Normal
2023-05-05 17:00:00,M-104,63.52,5.29,1521,121.58,49.24,198.24,44.52,0.79,0.013,0.06,26.47,986,4.24,119,Normal
2023-05-05 18:00:00,M-103,65.26,4.98,1488,117.28,50.75,197.73,46.01,0.89,0.0165,0.03,26.41,977,3.76,133,Normal
2023-05-05 19:00:00,M-103,76.65,15.75,1468,129.15,43.54,174.45,54.28,2.08,0.0392,3.31,83.46,603,18.37,2,Warning
2023-05-05 20:00:00,M-103,65.4,4.38,1499,118.05,50.34,194.27,45.74,0.85,0.0147,0.04,35.35,1033,4.5,111,Normal
2023-05-05 21:00:00,M-104,65.0,5.46,1501,123.33,51.3,200.13,45.75,0.71,0.0109,0.09,18.06,963,2.8,119,Normal
2023-05-05 22:00:00,M-102,63.69,3.95,1502,119.36,49.58,192.96,44.7,1.23,0.0158,0.0,37.0,1007,5.05,125,Normal
2023-05-05 23:00:00,M-105,62.65,5.2,1497,119.7,48.22,200.35,45.12,1.05,0.0172,0.04,36.77,979,5.84,108,Normal
2023-05-06 00:00:00,M-105,65.71,5.25,1487,118.21,49.95,199.77,45.59,0.87,0.0104,0.12,28.71,987,4.45,96,Normal
2023-05-06 01:00:00,M-102,67.11,3.94,1498,119.87,48.69,200.23,45.12,1.12,0.0124,0.21,17.86,949,3.7,89,Normal
2023-05-06 02:00:00,M-101,66.23,4.53,1495,123.72,50.1,208.82,43.18,0.87,0.012,0.12,38.88,987,6.07,81,Normal
2023-05-06 03:00:00,M-101,64.0,5.13,1479,117.47,50.45,199.33,46.5,1.12,0.0052,0.03,39.54,1011,6.84,109,Normal
2023-05-06 04:00:00,M-101,61.64,3.29,1500,121.75,51.33,195.55,43.49,1.19,0.0059,0.0,12.15,968,2.09,175,Normal
2023-05-06 05:00:00,M-104,62.76,5.95,1508,121.85,49.69,188.82,46.6,0.88,0.0136,0.19,39.85,979,6.92,68,Normal
2023-05-06 06:00:00,M-103,66.92,6.52,1505,119.81,49.92,185.21,44.29,1.19,0.0148,0.5,21.31,925,4.41,52,Normal
2023-05-06 07:00:00,M-101,67.26,3.46,1502,121.23,50.58,187.92,44.63,1.16,0.0059,0.23,37.22,949,6.32,65,Normal
2023-05-06 08:00:00,M-101,66.07,5.41,1503,119.81,50.05,195.46,47.48,1.03,0.0127,0.19,20.95,972,3.49,89,Normal
2023-05-06 09:00:00,M-105,69.39,4.2,1493,120.15,50.57,206.67,45.49,1.05,0.0078,0.44,20.83,957,3.65,57,Normal
2023-05-06 10:00:00,M-102,87.52,26.63,1221,134.88,34.62,154.51,64.45,7.54,0.1042,6.58,100.0,255,28.08,0,Failure
2023-05-06 11:00:00,M-101,64.53,6.59,1503,120.51,50.33,201.62,44.56,0.81,0.0224,0.32,16.79,959,3.16,73,Normal
2023-05-06 12:00:00,M-101,62.41,5.1,1479,121.3,50.11,201.84,44.7,1.05,0.0124,0.02,26.51,1001,4.08,135,Normal
2023-05-06 13:00:00,M-105,62.28,5.99,1507,117.0,50.13,204.08,44.4,0.73,0.0046,0.2,22.08,974,4.17,87,Normal
2023-05-06 14:00:00,M-105,77.48,11.08,1454,119.79,42.44,195.44,52.75,1.7,0.0712,2.46,63.35,714,14.35,6,Warning
2023-05-06 15:00:00,M-102,70.68,13.59,1453,132.35,46.74,194.14,55.89,3.68,0.077,2.29,58.11,710,13.15,8,Warning
2023-05-06 16:00:00,M-102,65.29,5.75,1505,117.83,50.76,199.7,45.5,0.84,0.0152,0.18,13.42,982,2.2,101,Normal
2023-05-06 17:00:00,M-104,63.32,4.09,1521,120.79,48.68,204.81,47.62,0.69,0.013,0.0,25.18,977,4.35,149,Normal
2023-05-06 18:00:00,M-101,66.62,4.66,1487,120.67,49.63,206.31,44.11,1.44,0.0143,0.16,31.92,1006,4.99,82,Normal
2023-05-06 19:00:00,M-103,64.91,5.91,1505,119.77,49.17,201.83,43.89,1.13,0.0156,0.18,36.55,961,5.64,73,Normal
2023-05-06 20:00:00,M-103,61.92,5.43,1498,120.31,48.41,197.91,45.48,1.38,0.009,0.09,11.45,1018,2.75,131,Normal
2023-05-06 21:00:00,M-101,62.31,3.73,1509,118.16,49.26,197.78,46.13,1.16,0.0093,0.0,18.6,1008,2.98,162,Normal
2023-05-06 22:00:00,M-101,65.88,3.33,1502,114.66,49.1,202.32,44.99,0.65,0.0044,0.09,29.8,937,4.39,103,Normal
2023-05-06 23:00:00,M-103,83.15,23.56,1344,138.32,37.31,168.71,71.49,7.9,0.1013,5.53,100.0,326,26.28,0,Failure
2023-05-07 00:00:00,M-103,90.12,20.99,1345,125.18,40.56,150.65,64.64,5.59,0.2042,5.71,100.0,297,26.7,0,Failure
2023-05-07 01:00:00,M-103,64.44,5.67,1502,120.17,50.78,209.06,45.28,1.06,0.0146,0.13,35.67,964,5.53,83,Normal
2023-05-07 02:00:00,M-101,65.78,4.36,1476,121.14,51.34,202.78,44.99,1.0,0.0109,0.08,31.94,993,4.99,103,Normal
2023-05-07 03:00:00,M-102,63.97,6.38,1503,117.91,50.98,202.34,44.36,0.85,0.006,0.28,31.61,990,5.59,65,Normal
2023-05-07 04:00:00,M-102,64.53,5.31,1507,117.36,50.15,206.36,44.41,1.17,0.0101,0.06,12.21,978,1.81,140,Normal
2023-05-07 05:00:00,M-101,64.9,4.46,1486,121.91,50.57,198.67,44.68,0.72,0.0153,0.0,14.14,1025,2.08,171,Normal
2023-05-07 06:00:00,M-104,66.14,5.15,1505,120.13,49.32,194.42,44.74,0.85,0.0094,0.14,28.84,972,4.35,90,Normal
2023-05-07 07:00:00,M-101,77.53,12.58,1426,140.53,53.09,189.88,52.03,2.75,0.0275,2.77,81.02,675,17.98,3,Warning
2023-05-07 08:00:00,M-103,65.31,4.51,1482,122.85,50.84,199.35,44.11,1.02,0.0118,0.03,32.77,1011,4.79,119,Normal
2023-05-07 09:00:00,M-101,68.72,4.05,1490,121.53,51.41,208.96,46.0,1.15,0.0141,0.37,23.5,949,3.87,61,Normal
2023-05-07 10:00:00,M-103,63.58,5.06,1496,120.52,50.88,196.45,45.15,0.92,0.011,0.01,31.57,1012,4.44,130,Normal
2023-05-07 11:00:00,M-101,77.69,6.82,1471,126.27,43.18,200.74,56.17,2.81,0.0703,1.63,57.9,833,11.45,11,Warning
2023-05-07 12:00:00,M-102,63.3,3.97,1475,122.94,50.04,209.42,44.81,1.06,0.0145,0.0,25.07,1032,5.17,149,Normal
2023-05-07 13:00:00,M-101,76.79,11.81,1439,129.24,49.49,192.69,57.61,3.69,0.0621,2.54,68.99,716,15.85,5,Warning
2023-05-07 14:00:00,M-104,69.26,6.62,1504,119.12,50.37,190.37,45.83,0.79,0.0156,0.75,35.94,949,6.6,32,Normal
2023-05-07 15:00:00,M-103,70.45,13.82,1446,139.21,40.23,190.29,57.45,2.33,0.0222,2.31,53.51,751,12.22,9,Warning
2023-05-07 16:00:00,M-105,66.09,5.32,1491,119.22,48.63,206.82,47.2,1.11,0.0137,0.17,24.59,975,4.38,89,Normal
2023-05-07 17:00:00,M-104,64.31,5.12,1488,120.26,49.51,210.46,44.3,1.1,0.0086,0.02,38.7,1013,5.17,112,Normal
2023-05-07 18:00:00,M-104,70.47,11.0,1455,130.53,41.93,200.33,47.52,2.75,0.0316,1.75,45.49,793,9.93,13,Warning
2023-05-07 19:00:00,M-101,65.53,5.03,1488,117.66,50.46,194.54,44.31,1.18,0.0109,0.06,38.17,1023,5.79,99,Normal
2023-05-07 20:00:00,M-101,64.9,3.62,1486,122.34,50.88,205.15,44.18,0.97,0.0162,0.0,20.39,975,3.18,159,Normal
2023-05-07 21:00:00,M-104,65.37,4.94,1512,119.56,49.29,202.6,44.91,1.39,0.0146,0.04,28.51,1002,5.07,124,Normal
2023-05-07 22:00:00,M-105,77.95,13.41,1486,118.93,43.56,175.13,56.99,2.26,0.1104,2.98,55.76,632,13.7,6,Warning
2023-05-07 23:00:00,M-103,66.01,3.67,1482,116.98,49.72,198.83,46.13,1.3,0.0175,0.1,36.2,1010,6.67,90,Normal
2023-05-08 00:00:00,M-103,64.32,6.28,1492,120.54,49.96,195.54,45.28,1.15,0.0053,0.26,27.43,978,5.3,71,Normal
2023-05-08 01:00:00,M-101,64.05,5.12,1488,119.28,51.02,201.93,44.25,0.62,0.0134,0.02,11.78,988,1.9,160,Normal
2023-05-08 02:00:00,M-103,62.75,4.46,1500,120.1,51.24,206.48,45.01,0.95,0.0126,0.0,16.83,1021,2.08,166,Normal
2023-05-08 03:00:00,M-104,63.66,4.5,1498,122.59,50.65,194.5,46.51,1.21,0.0121,0.0,32.56,953,4.46,134,Normal
2023-05-08 04:00:00,M-103,60.61,5.02,1497,123.72,50.49,198.47,44.8,0.96,0.0211,0.0,23.52,1013,3.35,150,Normal
2023-05-08 05:00:00,M-102,64.4,7.83,1496,117.98,49.29,201.46,44.53,0.97,0.0098,0.57,31.34,995,6.19,42,Normal
2023-05-08 06:00:00,M-104,65.59,4.55,1491,123.2,48.94,198.16,45.57,1.29,0.0089,0.06,37.99,978,4.84,100,Normal
2023-05-08 07:00:00,M-103,63.94,3.84,1505,124.1,50.29,202.21,45.81,1.27,0.0071,0.0,10.14,998,1.99,179,Normal
2023-05-08 08:00:00,M-101,64.24,4.26,1512,119.01,49.47,199.35,46.42,1.23,0.008,0.0,12.58,1024,1.38,174,Normal
2023-05-08 09:00:00,M-103,65.29,5.64,1475,117.96,51.68,198.32,46.66,0.74,0.0073,0.16,26.41,985,4.11,90,Normal
2023-05-08 10:00:00,M-104,64.02,5.6,1492,120.7,50.55,205.42,44.62,0.78,0.0061,0.12,39.43,1004,6.21,82,Normal
2023-05-08 11:00:00,M-102,66.68,6.44,1512,118.5,48.66,189.94,45.63,0.89,0.0153,0.46,33.61,924,6.18,46,Normal
2023-05-08 12:00:00,M-101,63.33,4.49,1515,122.62,50.87,200.17,45.19,1.25,0.0135,0.0,28.51,1000,4.04,142,Normal
2023-05-08 13:00:00,M-105,65.49,4.02,1509,118.39,51.67,193.27,44.7,0.95,0.0044,0.05,21.85,998,3.11,130,Normal
2023-05-08 14:00:00,M-104,63.67,6.56,1498,119.32,48.89,200.99,47.25,1.08,0.0114,0.31,33.19,949,5.31,59,Normal
2023-05-08 15:00:00,M-105,59.3,5.07,1481,120.88,49.1,201.71,44.15,0.77,0.0043,0.01,32.43,1006,4.23,127,Normal
2023-05-08 16:00:00,M-104,60.93,6.39,1516,123.11,50.67,194.49,44.95,0.71,0.0057,0.28,32.57,944,5.38,63,Normal
2023-05-08 17:00:00,M-104,84.35,25.03,1266,133.58,22.38,189.88,74.17,6.95,0.1474,5.94,100.0,295,27.37,0,Failure
2023-05-08 18:00:00,M-101,62.29,2.55,1507,119.26,49.35,213.66,45.73,0.99,0.0065,0.0,23.11,1008,3.12,153,Normal
2023-05-08 19:00:00,M-101,64.73,3.28,1491,117.24,50.5,195.43,43.69,0.9,0.0138,0.0,18.55,999,3.33,162,Normal
2023-05-08 20:00:00,M-101,61.51,5.35,1492,122.37,49.82,196.15,46.2,0.83,0.0145,0.07,17.1,1000,3.62,129,Normal
2023-05-08 21:00:00,M-102,69.97,13.58,1486,130.48,42.29,189.58,52.1,2.5,0.0577,2.21,53.69,733,12.58,9,Warning
2023-05-08 22:00:00,M-105,63.62,4.07,1483,123.7,50.53,197.38,44.97,0.64,0.0158,0.0,33.88,961,4.32,132,Normal
2023-05-08 23:00:00,M-105,69.86,4.45,1475,121.62,49.19,209.36,45.72,1.43,0.0047,0.49,17.96,967,3.26,55,Normal
2023-05-09 00:00:00,M-105,65.38,5.62,1507,121.11,49.19,198.57,43.55,0.94,0.0116,0.16,12.67,992,1.56,106,Normal
2023-05-09 01:00:00,M-101,65.41,4.32,1487,121.66,49.37,190.97,45.0,0.97,0.0097,0.04,35.88,993,4.96,110,Normal
2023-05-09 02:00:00,M-102,62.11,3.77,1501,121.99,51.82,194.09,45.14,0.79,0.0055,0.0,13.77,980,1.92,172,Normal
2023-05-09 03:00:00,M-101,60.56,3.39,1508,120.21,51.46,193.16,45.85,1.09,0.0158,0.0,21.42,997,3.27,157,Normal
2023-05-09 04:00:00,M-105,64.52,4.68,1508,119.54,48.08,203.23,46.29,0.67,0.019,0.0,16.35,1027,2.72,167,Normal
2023-05-09 05:00:00,M-102,64.6,3.74,1507,122.43,49.45,205.98,45.0,1.28,0.0171,0.0,14.76,999,2.42,170,Normal
2023-05-09 06:00:00,M-101,72.02,11.52,1443,128.43,51.32,204.14,59.25,4.8,0.0784,2.01,68.1,758,13.91,7,Warning
2023-05-09 07:00:00,M-101,64.22,4.6,1499,119.38,50.46,195.01,45.13,0.89,0.0103,0.0,23.44,978,3.08,153,Normal
2023-05-09 08:00:00,M-102,70.25,13.37,1433,132.8,45.03,188.42,56.04,2.33,0.058,2.2,57.11,727,12.31,8,Warning
2023-05-09 09:00:00,M-101,76.1,13.11,1420,126.68,40.73,177.52,54.64,3.81,0.0474,2.73,66.77,670,14.83,5,Warning
2023-05-09 10:00:00,M-101,62.43,3.91,1517,118.71,50.24,197.63,45.6,1.0,0.0113,0.0,14.29,1025,2.58,171,Normal
2023-05-09 11:00:00,M-105,66.19,5.16,1506,124.74,50.29,200.79,45.54,1.15,0.0033,0.15,27.35,985,4.91,90,Normal
2023-05-09 12:00:00,M-102,66.71,6.24,1500,119.74,50.63,199.34,44.95,1.09,0.0074,0.42,20.64,954,2.9,59,Normal
2023-05-09 13:00:00,M-102,65.84,6.07,1498,118.64,49.04,193.83,45.67,1.16,0.0146,0.3,37.24,964,5.61,57,Normal
2023-05-09 14:00:00,M-104,64.67,3.63,1496,118.57,50.03,192.44,44.67,0.8,0.0147,0.0,30.99,982,4.98,138,Normal
2023-05-09 15:00:00,M-105,67.83,3.68,1499,120.15,51.95,198.81,45.8,1.34,0.0107,0.28,14.44,956,2.54,80,Normal
2023-05-09 16:00:00,M-103,79.93,13.54,1447,132.83,47.06,186.67,56.14,4.05,0.0591,3.2,63.35,610,15.12,5,Warning
2023-05-09 17:00:00,M-102,65.78,6.14,1507,119.03,50.76,200.05,44.54,0.93,0.0122,0.31,14.99,932,2.61,76,Normal
2023-05-09 18:00:00,M-105,63.61,6.21,1501,119.8,51.3,205.45,44.26,1.24,0.0017,0.24,38.66,980,5.56,62,Normal
2023-05-09 19:00:00,M-101,66.12,5.18,1508,118.93,49.99,191.0,46.96,0.73,0.0059,0.15,39.79,961,6.37,75,Normal
2023-05-09 20:00:00,M-102,66.1,4.27,1489,118.54,51.53,201.67,44.09,1.16,0.0141,0.11,33.35,979,4.72,92,Normal
2023-05-09 21:00:00,M-102,66.85,4.43,1511,116.84,49.27,198.96,44.01,0.99,0.0083,0.18,27.59,973,4.31,83,Normal
2023-05-09 22:00:00,M-105,69.46,3.68,1492,121.39,50.25,208.22,45.72,0.98,0.0152,0.45,17.04,969,3.61,59,Normal
2023-05-09 23:00:00,M-102,76.6,8.81,1419,124.87,46.65,180.29,50.41,2.36,0.0446,1.92,67.11,768,13.67,7,Warning
2023-05-10 00:00:00,M-101,66.98,5.36,1486,120.13,50.53,201.17,44.53,0.95,0.0072,0.27,42.24,941,7.0,55,Normal
2023-05-10 01:00:00,M-105,62.66,5.24,1495,118.9,49.35,207.56,43.82,1.14,0.0098,0.05,26.81,967,3.97,122,Normal
2023-05-10 02:00:00,M-102,67.9,4.75,1486,118.98,49.79,203.75,44.32,1.52,0.0053,0.29,28.99,977,4.48,65,Normal
2023-05-10 03:00:00,M-104,64.0,6.3,1518,121.0,50.35,203.42,44.32,1.28,0.0028,0.26,31.93,959,5.64,66,Normal
2023-05-10 04:00:00,M-101,67.93,4.9,1510,121.5,51.01,194.76,44.08,1.45,0.0024,0.29,14.69,942,2.96,78,Normal
2023-05-10 05:00:00,M-101,65.73,4.95,1484,120.39,50.31,199.98,44.96,1.19,0.0092,0.07,25.82,966,4.72,114,Normal
2023-05-10 06:00:00,M-105,72.71,14.72,1406,133.48,43.66,189.85,52.94,1.86,0.0787,2.71,53.13,690,13.81,7,Warning
2023-05-10 07:00:00,M-104,66.05,6.14,1508,122.62,48.24,197.58,45.45,1.31,0.0075,0.33,23.8,999,4.41,65,Normal
2023-05-10 08:00:00,M-104,64.06,4.61,1488,118.5,50.65,203.86,45.24,0.9,0.0045,0.0,32.19,1001,4.45,135,Normal
2023-05-10 09:00:00,M-102,68.33,4.48,1505,120.38,50.42,206.99,45.28,1.16,0.0115,0.33,22.19,950,4.24,66,Normal
2023-05-10 10:00:00,M-103,64.68,4.95,1510,118.54,49.91,205.37,45.22,1.0,0.0112,0.0,20.33,977,3.49,159,Normal
2023-05-10 11:00:00,M-104,64.5,6.47,1504,120.68,52.02,193.73,44.95,0.83,0.0082,0.29,30.13,963,5.09,64,Normal
2023-05-10 12:00:00,M-102,65.74,4.43,1512,117.61,49.86,198.33,45.23,1.19,0.0113,0.07,34.73,988,5.62,100,Normal
2023-05-10 13:00:00,M-101,65.64,4.24,1509,122.3,50.28,198.02,44.62,0.92,0.0078,0.06,32.13,985,5.11,107,Normal
2023-05-10 14:00:00,M-104,62.16,5.8,1492,118.38,49.1,205.76,45.21,1.07,0.0134,0.16,21.22,979,2.91,95,Normal
2023-05-10 15:00:00,M-101,67.15,5.87,1495,118.63,50.96,198.87,44.34,0.93,0.0112,0.39,21.21,967,4.12,61,Normal
2023-05-10 16:00:00,M-103,67.19,5.63,1486,119.48,47.92,204.5,47.05,0.56,0.0029,0.34,35.56,961,7.39,54,Normal
2023-05-10 17:00:00,M-101,62.19,5.39,1482,115.66,50.23,201.8,45.12,1.3,0.0098,0.08,30.65,1006,4.36,105,Normal
2023-05-10 18:00:00,M-102,66.6,5.29,1493,117.41,50.22,197.98,44.69,1.22,0.0168,0.22,15.53,949,2.31,90,Normal
2023-05-10 19:00:00,M-105,77.93,8.85,1404,146.62,27.79,185.5,77.47,7.43,0.1812,2.06,100.0,778,11.78,0,Failure
2023-05-10 20:00:00,M-105,66.02,7.5,1492,119.77,48.97,195.14,45.39,1.04,0.0127,0.6,23.58,938,4.49,44,Normal
2023-05-10 21:00:00,M-105,63.34,6.29,1493,119.08,51.23,196.55,45.32,1.08,0.0095,0.26,37.57,961,5.59,61,Normal
2023-05-10 22:00:00,M-104,67.31,6.45,1504,120.59,50.04,198.41,44.56,0.97,0.0191,0.52,45.39,916,8.36,35,Normal
2023-05-10 23:00:00,M-102,65.68,4.73,1496,121.22,48.66,197.49,42.81,1.08,0.0132,0.07,19.71,976,2.55,126,Normal
2023-05-11 00:00:00,M-102,64.89,6.52,1506,118.71,48.32,200.21,45.25,0.99,0.019,0.3,28.87,960,5.54,64,Normal
2023-05-11 01:00:00,M-102,63.95,5.06,1481,122.1,49.32,200.99,44.74,0.7,0.0142,0.01,17.77,977,2.43,156,Normal
2023-05-11 02:00:00,M-104,63.35,6.44,1501,123.94,50.0,194.14,44.19,1.2,0.0043,0.29,18.41,976,2.71,75,Normal
2023-05-11 03:00:00,M-102,61.82,4.76,1515,120.44,49.32,189.81,44.63,0.91,0.0119,0.0,23.83,994,3.89,152,Normal
2023-05-11 04:00:00,M-101,65.27,4.25,1500,116.07,49.97,208.49,45.05,0.85,0.0099,0.03,24.75,995,3.82,135,Normal
2023-05-11 05:00:00,M-103,69.45,3.66,1510,120.8,49.08,193.28,45.26,1.07,0.0025,0.44,19.61,965,3.58,57,Normal
2023-05-11 06:00:00,M-104,63.23,5.89,1495,123.45,48.57,205.11,45.9,1.11,0.0044,0.18,21.22,989,2.51,91,Normal
2023-05-11 07:00:00,M-105,75.72,11.49,1453,129.49,47.28,185.95,56.05,2.97,0.0308,2.37,67.93,701,15.39,6,Warning
2023-05-11 08:00:00,M-104,65.43,5.14,1496,118.26,46.93,195.77,45.7,0.72,0.0041,0.07,14.24,962,3.15,133,Normal
2023-05-11 09:00:00,M-101,79.12,13.04,1456,126.22,47.28,191.7,54.59,3.64,0.0632,3.02,80.72,618,18.61,2,Warning
2023-05-11 10:00:00,M-102,64.22,4.07,1507,116.08,47.8,189.98,42.86,1.27,0.0139,0.0,33.72,976,6.14,132,Normal
2023-05-11 11:00:00,M-101,64.39,4.3,1500,119.65,49.97,200.53,47.12,1.02,0.0047,0.0,39.47,994,6.28,121,Normal
2023-05-11 12:00:00,M-101,64.28,6.26,1505,119.77,49.23,198.73,45.47,0.84,0.0038,0.25,38.18,960,7.62,61,Normal
2023-05-11 13:00:00,M-102,64.07,4.63,1495,120.08,48.93,203.69,45.87,1.13,0.0077,0.0,31.24,991,4.99,137,Normal
2023-05-11 14:00:00,M-105,62.61,5.41,1499,119.06,51.06,197.04,45.42,1.23,0.0083,0.08,32.3,953,4.91,101,Normal
2023-05-11 15:00:00,M-104,63.95,4.65,1512,118.43,50.24,198.62,45.19,0.94,0.0141,0.0,10.31,1020,1.73,179,Normal
2023-05-11 16:00:00,M-103,65.85,4.76,1515,118.34,50.42,195.81,45.19,0.93,0.0081,0.09,16.26,950,1.87,124,Normal
2023-05-11 17:00:00,M-101,67.33,6.55,1488,120.65,49.7,202.56,46.58,1.08,0.0062,0.54,23.08,920,4.37,48,Normal
2023-05-11 18:00:00,M-101,65.85,4.34,1510,121.01,48.61,191.64,43.65,1.33,0.0049,0.09,20.36,1027,3.8,118,Normal
2023-05-11 19:00:00,M-104,71.59,14.39,1467,133.89,47.37,186.59,54.2,2.65,0.0545,2.54,63.88,652,14.9,6,Warning
2023-05-11 20:00:00,M-104,78.56,14.44,1438,130.58,45.34,174.16,53.79,2.64,0.0468,3.25,64.85,600,16.66,5,Warning
2023-05-11 21:00:00,M-101,67.04,5.46,1512,116.7,51.63,195.76,45.3,0.87,0.0116,0.3,30.36,964,5.72,63,Normal
2023-05-11 22:00:00,M-104,67.83,5.44,1473,118.43,49.31,198.05,45.36,1.1,-0.0031,0.37,38.84,950,7.08,49,Normal
2023-05-11 23:00:00,M-104,64.45,4.75,1492,117.09,49.34,191.12,45.26,0.94,0.0154,0.0,30.01,985,4.37,139,Normal
2023-05-12 00:00:00,M-105,63.79,5.37,1502,120.06,48.8,194.72,44.25,0.96,0.0098,0.07,32.26,988,5.84,104,Normal
2023-05-12 01:00:00,M-104,64.82,5.78,1518,119.67,50.26,203.62,46.58,1.0,0.014,0.16,18.91,965,2.41,99,Normal
2023-05-12 02:00:00,M-104,64.68,3.49,1499,120.14,50.76,197.73,45.27,0.98,0.0079,0.0,12.87,966,1.74,174,Normal
2023-05-12 03:00:00,M-103,86.77,31.2,1267,147.54,34.92,163.01,70.25,10.64,0.1465,7.42,100.0,108,29.65,0,Failure
2023-05-12 04:00:00,M-102,65.79,5.12,1514,121.89,51.24,189.84,46.58,1.05,0.012,0.1,40.94,1005,6.31,83,Normal
2023-05-12 05:00:00,M-101,65.14,5.93,1500,119.7,50.56,196.87,46.58,1.0,0.0138,0.2,18.67,960,3.18,90,Normal
2023-05-12 06:00:00,M-101,65.92,4.14,1492,119.22,49.62,197.43,43.9,1.06,0.0077,0.09,39.85,969,6.71,87,Normal
2023-05-12 07:00:00,M-101,78.86,18.62,1383,136.84,47.38,188.6,54.23,2.91,0.055,4.11,80.37,496,19.47,2,Warning
2023-05-12 08:00:00,M-104,62.53,5.62,1492,120.55,50.75,205.86,44.65,1.06,0.0117,0.12,34.08,1010,4.84,87,Normal
2023-05-12 09:00:00,M-103,68.64,6.0,1487,116.95,48.77,195.09,45.15,1.02,0.0137,0.56,44.3,926,7.64,34,Normal
2023-05-12 10:00:00,M-103,64.23,5.03,1499,121.49,50.16,190.45,43.61,0.78,0.0123,0.01,22.09,1010,2.8,152,Normal
2023-05-12 11:00:00,M-105,81.53,12.51,1450,131.43,45.06,185.78,56.03,2.51,0.0586,3.15,84.08,667,19.25,2,Warning
2023-05-12 12:00:00,M-105,86.81,20.6,1283,149.2,42.95,149.1,62.78,7.53,0.1334,5.3,100.0,366,24.31,0,Failure
2023-05-12 13:00:00,M-102,64.87,6.0,1497,119.62,50.9,199.87,46.03,0.7,0.0124,0.2,22.48,940,3.91,86,Normal
2023-05-12 14:00:00,M-105,66.76,7.31,1491,119.53,49.31,201.11,44.39,1.06,0.0133,0.64,28.05,899,4.95,40,Normal
2023-05-12 15:00:00,M-102,65.19,5.65,1491,119.45,49.49,208.62,45.91,1.15,0.0211,0.15,22.06,989,3.44,97,Normal
2023-05-12 16:00:00,M-104,64.97,5.05,1504,119.4,51.68,202.55,45.93,0.96,0.0094,0.01,17.38,1014,2.83,158,Normal
2023-05-12 17:00:00,M-104,65.26,5.48,1501,121.3,49.76,198.5,44.18,1.43,0.0096,0.12,38.93,994,5.98,82,Normal
2023-05-12 18:00:00,M-102,64.51,5.19,1499,118.35,49.53,201.64,45.43,1.44,0.0076,0.04,31.37,1028,4.56,119,Normal
2023-05-12 19:00:00,M-104,63.95,4.72,1506,115.9,49.95,196.1,44.11,1.09,0.0115,0.0,11.9,1017,1.98,176,Normal
2023-05-12 20:00:00,M-105,80.54,14.92,1467,126.81,42.64,180.89,51.3,3.0,0.0355,3.54,80.26,599,20.06,2,Warning
2023-05-12 21:00:00,M-105,72.62,13.41,1428,127.12,47.06,188.38,54.6,3.85,0.0538,2.44,63.87,715,14.16,6,Warning
2023-05-12 22:00:00,M-104,86.93,26.89,1273,153.78,32.9,173.6,68.17,8.78,0.1951,6.57,100.0,181,27.32,0,Failure
2023-05-12 23:00:00,M-101,86.29,22.24,1350,148.97,39.15,135.79,69.96,5.19,0.106,5.58,100.0,306,26.1,0,Failure
2023-05-13 00:00:00,M-105,66.92,5.69,1483,118.61,49.31,198.92,43.9,1.09,0.0065,0.33,21.81,972,3.57,67,Normal
2023-05-13 01:00:00,M-105,65.0,5.24,1492,117.66,50.5,201.94,45.71,0.79,0.0059,0.05,15.18,1010,2.82,142,Normal
2023-05-13 02:00:00,M-101,62.65,4.37,1489,117.98,49.28,204.53,43.25,1.09,0.0113,0.0,13.22,1019,2.36,173,Normal
2023-05-13 03:00:00,M-102,66.59,4.12,1494,118.89,51.02,193.33,45.0,0.83,0.009,0.16,35.35,994,5.46,79,Normal
2023-05-13 04:00:00,M-101,62.79,5.41,1485,124.38,49.49,205.25,45.2,1.05,0.0042,0.08,40.33,1007,6.65,90,Normal
2023-05-13 05:00:00,M-104,75.42,10.98,1407,123.81,48.35,183.41,57.41,3.91,0.0591,2.24,54.83,739,12.12,9,Warning
2023-05-13 06:00:00,M-102,65.51,5.96,1511,120.82,47.77,200.74,45.21,0.78,0.0011,0.24,31.64,980,5.9,69,Normal
2023-05-13 07:00:00,M-102,64.46,5.72,1500,122.01,50.05,213.64,45.97,0.75,0.0016,0.14,25.14,949,4.36,94,Normal
2023-05-13 08:00:00,M-101,69.97,5.67,1496,122.38,50.93,202.46,44.52,1.13,0.0154,0.63,46.04,889,8.37,30,Normal
2023-05-13 09:00:00,M-103,67.73,4.96,1503,120.7,50.38,192.96,44.98,1.23,0.0094,0.27,15.51,957,3.36,80,Normal
2023-05-13 10:00:00,M-104,62.28,15.63,1477,123.31,42.97,201.59,51.54,3.48,0.0402,2.13,42.41,753,10.07,12,Warning
2023-05-13 11:00:00,M-105,65.52,4.58,1514,118.86,49.78,198.1,44.16,0.69,0.0058,0.05,39.46,996,6.16,100,Normal
2023-05-13 12:00:00,M-104,65.71,5.52,1507,120.81,49.02,202.9,45.22,1.44,0.01,0.17,13.78,986,2.6,101,Normal
2023-05-13 13:00:00,M-102,74.19,14.98,1460,134.37,48.77,186.83,53.67,4.16,0.0346,2.91,73.67,648,16.64,4,Warning
2023-05-13 14:00:00,M-104,61.95,4.22,1502,120.15,51.89,196.16,45.24,1.23,0.0067,0.0,27.07,1014,3.18,145,Normal
2023-05-13 15:00:00,M-103,63.72,5.69,1508,117.44,51.47,200.45,43.45,1.06,0.0164,0.14,27.33,973,4.87,93,Normal
2023-05-13 16:00:00,M-101,77.56,14.19,1412,124.14,46.55,191.55,49.08,2.18,0.0563,3.09,68.05,642,16.44,4,Warning
2023-05-13 17:00:00,M-101,64.64,4.41,1497,116.85,51.0,198.65,42.9,0.8,0.0148,0.0,11.65,997,1.35,176,Normal
2023-05-13 18:00:00,M-103,65.07,5.02,1487,121.78,49.45,196.71,44.3,0.79,0.0113,0.01,12.01,1016,1.66,169,Normal
2023-05-13 19:00:00,M-103,63.59,3.07,1490,119.27,50.96,199.65,43.49,1.02,0.0077,0.0,28.42,1011,3.53,143,Normal
2023-05-13 20:00:00,M-103,63.83,5.67,1505,119.91,50.18,203.42,45.88,0.84,0.0137,0.13,32.94,1017,5.41,87,Normal
2023-05-13 21:00:00,M-105,69.78,4.45,1498,116.92,50.62,198.98,44.38,0.88,0.006,0.48,46.91,939,7.27,36,Normal
2023-05-13 22:00:00,M-102,64.61,5.57,1488,118.44,49.86,193.99,46.23,0.84,0.0139,0.11,20.36,968,4.15,109,Normal
2023-05-13 23:00:00,M-101,67.33,4.02,1505,118.07,49.17,196.21,45.14,0.83,0.0102,0.23,25.88,997,3.8,76,Normal
2023-05-14 00:00:00,M-103,66.56,3.52,1491,121.71,50.97,193.07,45.7,1.05,0.0003,0.16,32.35,973,5.12,83,Normal
2023-05-14 01:00:00,M-101,64.43,4.16,1492,121.13,49.23,199.38,45.49,1.35,0.0115,0.0,14.21,1014,2.26,171,Normal
2023-05-14 02:00:00,M-103,73.08,8.99,1474,129.92,47.19,182.94,56.95,2.82,0.0408,1.61,59.35,800,12.53,10,Warning
2023-05-14 03:00:00,M-101,66.13,6.13,1513,122.93,50.46,194.82,44.76,1.33,0.0113,0.34,35.99,950,5.8,54,Normal
2023-05-14 04:00:00,M-104,63.47,4.47,1491,116.24,47.78,198.09,45.25,1.13,0.0032,0.0,25.09,973,4.12,149,Normal
2023-05-14 05:00:00,M-103,62.98,5.6,1505,120.27,48.75,193.84,44.95,0.81,0.0161,0.12,18.84,983,2.56,109,Normal
2023-05-14 06:00:00,M-105,64.71,5.47,1506,120.2,48.37,193.89,44.39,1.13,0.0131,0.09,27.52,983,5.32,105,Normal
2023-05-14 07:00:00,M-105,66.52,4.73,1511,117.74,49.46,204.76,44.34,1.01,0.0065,0.15,31.96,977,5.06,84,Normal
2023-05-14 08:00:00,M-102,66.85,3.95,1497,120.57,49.15,189.98,43.85,0.99,0.0088,0.19,19.96,977,2.93,91,Normal
2023-05-14 09:00:00,M-103,64.4,4.48,1505,119.67,51.63,210.97,44.69,0.83,0.0012,0.0,10.02,1036,1.14,179,Normal
2023-05-14 10:00:00,M-101,65.73,4.77,1496,116.92,49.03,200.23,45.28,0.97,0.0169,0.07,16.81,979,2.71,128,Normal
2023-05-14 11:00:00,M-105,72.13,6.56,1462,131.59,42.78,196.08,53.54,4.03,0.0561,1.03,34.21,906,7.36,25,Warning
2023-05-14 12:00:00,M-102,64.2,5.0,1507,124.66,50.82,204.57,44.45,1.03,0.0095,0.0,34.55,1028,6.25,130,Normal
2023-05-14 13:00:00,M-102,63.99,6.33,1492,121.72,49.04,203.09,44.15,0.79,0.0052,0.27,34.73,978,5.99,63,Normal
2023-05-14 14:00:00,M-103,63.15,3.97,1489,117.57,48.92,204.62,45.56,0.66,0.0074,0.0,11.74,976,1.7,176,Normal
2023-05-14 15:00:00,M-104,65.58,5.1,1511,118.66,49.41,199.56,44.93,0.7,0.0021,0.08,13.04,987,2.81,132,Normal
2023-05-14 16:00:00,M-101,64.58,5.69,1512,122.45,49.62,201.53,46.49,1.31,0.0056,0.14,37.59,995,5.75,80,Normal
2023-05-14 17:00:00,M-104,66.51,5.98,1506,118.23,48.65,213.3,45.31,0.82,0.0147,0.35,41.03,940,7.84,49,Normal
2023-05-14 18:00:00,M-105,70.91,10.32,1413,126.92,39.39,189.41,56.76,1.65,0.0503,1.65,46.45,785,9.29,14,Warning
2023-05-14 19:00:00,M-104,65.72,4.2,1501,117.33,49.37,189.77,43.75,1.28,0.0171,0.07,28.53,966,4.25,111,Normal
2023-05-14 20:00:00,M-105,74.48,11.29,1399,126.21,44.92,200.13,54.43,2.89,0.0337,2.21,65.0,757,13.78,7,Warning
2023-05-14 21:00:00,M-104,66.54,7.5,1523,121.46,49.65,197.33,44.61,0.65,0.0134,0.65,35.42,948,6.55,35,Normal
2023-05-14 22:00:00,M-101,61.41,5.13,1506,121.63,49.25,194.49,44.41,1.24,0.0015,0.03,15.23,972,2.88,153,Normal
2023-05-14 23:00:00,M-104,63.85,1.93,1493,119.33,49.64,187.08,44.66,1.26,0.0077,0.0,27.05,986,3.67,145,Normal
2023-05-15 00:00:00,M-104,73.45,10.5,1508,131.46,41.77,183.79,53.86,3.36,0.0597,1.94,46.14,770,10.35,12,Warning
2023-05-15 01:00:00,M-103,80.24,14.15,1295,160.92,25.01,195.29,56.42,8.0,0.0571,3.35,100.0,607,16.34,0,Failure
2023-05-15 02:00:00,M-101,63.35,6.1,1499,121.55,50.4,205.3,44.06,1.18,0.0007,0.22,13.88,974,2.03,91,Normal
2023-05-15 03:00:00,M-103,66.56,3.45,1492,118.77,49.76,198.1,45.03,0.79,0.0056,0.16,39.22,1016,6.89,74,Normal
2023-05-15 04:00:00,M-102,65.86,5.31,1496,121.8,49.09,189.76,43.96,1.28,0.0085,0.15,39.45,987,5.81,75,Normal
2023-05-15 05:00:00,M-102,64.06,4.59,1505,119.03,50.82,196.15,44.9,0.77,0.0033,0.0,15.09,1006,2.3,169,Normal
2023-05-15 06:00:00,M-101,66.78,3.26,1505,118.32,50.57,199.39,43.57,1.27,0.0139,0.18,36.68,988,5.58,73,Normal
2023-05-15 07:00:00,M-105,68.74,5.44,1421,135.43,42.56,197.45,52.62,3.02,0.06,0.46,18.94,964,3.52,56,Warning
2023-05-15 08:00:00,M-104,64.47,4.3,1513,119.52,50.06,203.98,43.51,1.0,0.014,0.0,21.79,998,2.95,156,Normal
2023-05-15 09:00:00,M-104,62.77,7.51,1503,123.06,49.6,208.87,45.91,1.1,0.0039,0.5,42.82,924,7.65,37,Normal
2023-05-15 10:00:00,M-101,66.0,4.47,1504,118.6,49.65,194.86,44.56,0.86,0.0185,0.1,14.33,970,2.7,122,Normal
2023-05-15 11:00:00,M-101,65.5,5.51,1500,118.61,48.27,197.35,44.88,0.87,0.0178,0.15,32.1,987,5.07,84,Normal
2023-05-15 12:00:00,M-102,70.75,12.37,1437,129.5,43.11,193.9,59.9,3.77,0.0779,2.05,63.67,726,13.84,7,Warning
2023-05-15 13:00:00,M-105,62.56,4.19,1513,118.99,49.2,199.05,45.58,0.96,0.0091,0.0,35.24,956,5.25,129,Normal
2023-05-15 14:00:00,M-104,64.85,6.04,1498,121.96,48.97,202.16,45.84,0.83,0.0091,0.21,40.93,972,6.42,64,Normal
2023-05-15 15:00:00,M-103,68.89,5.25,1491,118.01,51.67,201.1,46.31,1.01,0.0101,0.44,21.18,974,4.24,57,Normal
2023-05-15 16:00:00,M-105,77.37,14.11,1444,122.63,45.73,195.65,52.06,2.91,0.0768,3.06,79.19,608,17.66,3,Warning
2023-05-15 17:00:00,M-104,64.84,5.67,1502,121.57,49.99,204.09,44.69,0.87,0.0153,0.13,16.87,989,3.14,108,Normal
2023-05-15 18:00:00,M-105,64.74,4.55,1505,122.55,49.85,200.04,43.82,0.96,0.0111,0.0,36.39,999,5.87,127,Normal
2023-05-15 19:00:00,M-103,61.67,3.9,1500,119.94,50.19,211.03,45.08,0.88,0.0068,0.0,15.99,990,1.79,168,Normal
2023-05-15 20:00:00,M-103,65.39,5.39,1489,121.61,48.81,202.19,45.34,0.81,0.0047,0.12,22.31,993,3.66,106,Normal
2023-05-15 21:00:00,M-103,83.41,21.58,1360,147.15,32.6,160.12,62.82,8.12,0.1641,5.16,100.0,392,25.31,0,Failure
2023-05-15 22:00:00,M-101,65.1,3.94,1501,122.25,50.31,208.12,43.23,1.08,0.0068,0.01,23.38,981,3.76,147,Normal
2023-05-15 23:00:00,M-103,65.87,5.19,1487,123.18,48.12,193.39,45.89,1.06,0.0069,0.13,21.62,986,3.56,104,Normal
2023-05-16 00:00:00,M-102,66.83,5.45,1503,120.6,49.47,212.51,44.71,0.91,0.0156,0.27,38.19,966,7.02,59,Normal
2023-05-16 01:00:00,M-102,64.96,5.44,1514,118.72,48.82,200.61,44.8,0.98,0.0079,0.09,30.57,972,5.23,102,Normal
2023-05-16 02:00:00,M-103,69.73,4.98,1512,114.97,49.73,192.7,44.14,1.01,0.0083,0.47,29.48,969,5.95,48,Normal
2023-05-16 03:00:00,M-102,77.72,8.96,1435,130.65,48.06,181.9,55.4,2.66,0.0479,2.06,41.19,734,10.41,12,Warning
2023-05-16 04:00:00,M-102,65.69,3.37,1501,118.62,50.15,204.53,44.44,1.24,0.0013,0.07,21.15,1022,2.84,123,Normal
2023-05-16 05:00:00,M-101,67.1,3.49,1486,119.76,50.14,204.38,44.73,0.96,0.0144,0.21,38.75,956,6.29,66,Normal
2023-05-16 06:00:00,M-103,64.2,4.4,1496,121.13,49.65,208.13,44.22,1.15,0.0012,0.0,17.47,984,2.06,165,Normal
2023-05-16 07:00:00,M-104,62.63,5.04,1506,120.56,46.8,194.79,46.14,0.73,0.0094,0.01,32.58,977,5.56,130,Normal
2023-05-16 08:00:00,M-102,64.1,3.66,1487,119.78,49.8,197.62,47.05,1.12,0.0101,0.0,26.3,944,3.5,147,Normal
2023-05-16 09:00:00,M-101,65.05,3.69,1495,123.2,50.21,192.89,45.41,0.66,0.0006,0.01,21.67,1014,2.88,153,Normal
2023-05-16 10:00:00,M-103,67.31,6.4,1508,120.41,49.13,206.63,45.35,0.75,0.0054,0.51,45.29,913,7.83,35,Normal
2023-05-16 11:00:00,M-104,64.09,3.78,1486,118.86,49.61,205.78,45.67,1.31,0.0135,0.0,21.53,968,2.49,156,Normal
2023-05-16 12:00:00,M-102,65.92,4.37,1493,117.84,50.34,201.13,45.12,0.88,0.0062,0.09,31.84,985,5.75,99,Normal
2023-05-16 13:00:00,M-101,79.98,10.23,1476,135.76,47.52,200.15,52.15,3.03,0.0829,2.54,55.17,687,13.04,8,Warning
2023-05-16 14:00:00,M-104,68.16,12.4,1396,131.97,49.08,194.24,55.16,4.53,0.0565,1.8,65.93,767,13.65,8,Warning
2023-05-16 15:00:00,M-102,77.76,5.97,1454,123.18,41.19,181.2,49.08,2.99,0.0147,1.47,43.59,831,10.24,16,Warning
2023-05-16 16:00:00,M-103,67.47,6.23,1495,119.46,50.14,207.01,44.45,0.85,0.0135,0.49,45.75,965,7.52,36,Normal
2023-05-16 17:00:00,M-105,84.74,16.77,1342,136.76,32.01,183.54,67.38,5.13,0.1592,4.33,100.0,516,24.24,0,Failure
2023-05-16 18:00:00,M-103,65.99,4.48,1511,122.26,49.82,203.59,46.1,0.91,0.0096,0.1,30.43,989,4.66,99,Normal
2023-05-16 19:00:00,M-103,62.47,5.26,1503,122.64,50.3,198.15,44.58,1.13,0.0066,0.05,39.53,996,6.51,99,Normal
2023-05-16 20:00:00,M-103,87.33,30.33,1352,147.71,37.52,165.52,69.2,7.98,0.1544,7.3,100.0,140,29.68,0,Failure
2023-05-16 21:00:00,M-105,67.5,4.67,1499,120.3,49.73,196.2,47.2,1.07,0.0021,0.25,30.32,972,4.33,69,Normal
2023-05-16 22:00:00,M-105,64.65,4.21,1473,121.35,51.01,203.73,42.65,0.75,0.0124,0.0,36.11,1035,6.74,127,Normal
2023-05-16 23:00:00,M-104,63.65,6.65,1494,117.85,49.7,191.8,44.07,0.94,0.0087,0.33,22.9,978,4.51,66,Normal
2023-05-17 00:00:00,M-101,58.58,4.57,1486,118.26,50.24,198.97,44.7,1.24,0.0099,0.0,12.56,1036,1.62,174,Normal
2023-05-17 01:00:00,M-101,66.19,5.25,1518,119.42,51.93,203.49,45.53,0.6,-0.0007,0.17,34.53,947,5.62,78,Normal
2023-05-17 02:00:00,M-105,59.81,5.52,1505,121.36,50.37,204.38,44.4,1.05,0.0135,0.1,12.03,1014,1.48,124,Normal
2023-05-17 03:00:00,M-101,65.6,3.98,1499,119.27,49.44,207.03,46.64,0.94,0.015,0.06,14.64,961,1.73,137,Normal
2023-05-17 04:00:00,M-102,67.96,4.89,1505,122.53,51.07,199.96,44.29,1.1,0.0066,0.3,32.32,1000,5.58,61,Normal
2023-05-17 05:00:00,M-101,66.49,5.98,1496,121.49,48.95,208.35,44.84,0.9,0.0068,0.35,23.87,964,3.48,63,Normal
2023-05-17 06:00:00,M-105,63.94,6.08,1504,120.3,48.59,202.92,44.34,0.71,0.0122,0.22,29.99,948,4.12,75,Normal
2023-05-17 07:00:00,M-105,63.52,3.27,1494,118.72,48.8,208.32,46.15,1.05,0.0094,0.0,12.44,1017,1.37,175,Normal
2023-05-17 08:00:00,M-103,64.02,7.02,1487,120.56,51.5,198.13,44.25,1.15,0.015,0.4,31.37,935,5.84,52,Normal
2023-05-17 09:00:00,M-101,66.52,5.0,1526,120.23,50.73,205.49,44.95,1.04,0.0072,0.15,32.11,982,5.85,84,Normal
2023-05-17 10:00:00,M-104,64.81,6.55,1498,121.75,50.19,204.6,45.73,0.92,0.0008,0.31,29.34,929,4.99,63,Normal
2023-05-17 11:00:00,M-101,75.79,25.78,1288,154.75,36.17,154.55,73.35,3.88,0.1346,5.23,100.0,334,25.64,0,Failure
2023-05-17 12:00:00,M-104,65.31,5.32,1511,116.64,49.67,202.75,46.75,0.99,0.007,0.1,33.3,1029,5.87,96,Normal
2023-05-17 13:00:00,M-103,67.88,4.37,1489,122.17,49.45,196.33,45.82,0.72,0.0078,0.29,35.21,928,5.44,60,Normal
2023-05-17 14:00:00,M-105,71.98,8.43,1506,128.38,42.69,187.7,57.55,3.66,0.0385,1.38,46.59,825,9.49,16,Warning
2023-05-17 15:00:00,M-103,62.53,4.31,1506,121.17,51.03,200.71,43.49,0.75,0.0124,0.0,30.82,1002,4.04,138,Normal
2023-05-17 16:00:00,M-104,63.47,4.94,1502,120.94,51.51,206.38,45.2,0.99,0.012,0.0,22.63,987,3.57,154,Normal
2023-05-17 17:00:00,M-103,66.26,5.69,1500,121.17,48.98,199.36,45.78,1.02,0.0082,0.26,25.51,972,3.67,72,Normal
2023-05-17 18:00:00,M-103,66.46,5.1,1494,119.97,48.23,204.12,44.84,1.3,0.012,0.17,23.36,984,3.68,92,Normal
2023-05-17 19:00:00,M-104,75.38,13.71,1413,133.06,39.92,189.9,53.93,1.69,0.0838,2.78,69.89,669,15.72,4,Warning
2023-05-17 20:00:00,M-101,68.9,5.06,1506,117.9,49.65,194.42,45.47,1.01,0.0111,0.4,28.26,934,4.08,55,Normal
2023-05-17 21:00:00,M-104,65.66,5.06,1498,120.07,50.52,202.31,44.82,1.14,0.0089,0.08,31.47,992,5.45,104,Normal
2023-05-17 22:00:00,M-104,78.89,16.14,1464,125.67,40.08,193.0,53.8,4.28,0.0405,3.62,76.3,565,18.42,3,Warning
2023-05-17 23:00:00,M-103,63.44,6.54,1473,117.46,52.39,204.92,45.31,1.0,0.0071,0.31,22.19,937,4.13,69,Normal
2023-05-18 00:00:00,M-104,65.67,6.42,1510,118.49,49.22,206.23,47.1,0.97,0.016,0.35,22.8,928,3.61,64,Normal
2023-05-18 01:00:00,M-104,62.76,6.83,1518,120.33,49.52,205.16,43.42,1.24,0.0201,0.37,32.12,967,4.97,55,Normal
2023-05-18 02:00:00,M-105,64.21,5.27,1511,122.29,49.38,198.6,44.47,0.82,0.0174,0.05,39.94,994,6.09,98,Normal
2023-05-18 03:00:00,M-102,64.99,6.5,1508,117.57,49.61,205.23,43.7,1.34,0.0098,0.3,19.16,974,3.25,73,Normal
2023-05-18 04:00:00,M-104,89.61,13.4,1255,152.26,35.49,173.18,73.56,5.22,0.2028,4.14,100.0,519,22.76,0,Failure
2023-05-18 05:00:00,M-105,91.66,25.33,1349,129.94,39.78,170.38,74.14,4.6,0.2407,6.73,100.0,179,29.04,0,Failure
2023-05-18 06:00:00,M-101,76.29,10.18,1507,128.89,41.68,190.76,56.61,2.97,0.0337,2.17,70.8,760,14.65,6,Warning
2023-05-18 07:00:00,M-105,67.49,3.65,1519,119.63,48.64,201.95,45.18,0.97,0.0069,0.25,41.36,996,6.97,58,Normal
2023-05-18 08:00:00,M-101,65.91,4.41,1504,116.49,48.71,202.38,44.37,0.94,0.0192,0.09,35.17,991,5.38,95,Normal
2023-05-18 09:00:00,M-103,64.42,4.89,1515,119.19,48.8,196.09,45.99,0.81,0.016,0.0,20.64,995,2.2,158,Normal
2023-05-18 10:00:00,M-105,66.47,6.49,1501,122.75,50.38,200.54,44.39,0.52,0.0161,0.45,27.51,945,4.96,52,Normal
2023-05-18 11:00:00,M-105,68.78,3.43,1513,119.0,50.89,207.86,44.65,0.78,0.004,0.38,19.38,937,2.45,64,Normal
2023-05-18 12:00:00,M-102,63.48,4.72,1492,122.02,50.49,211.09,44.62,0.94,0.0159,0.0,30.66,1007,4.31,138,Normal
2023-05-18 13:00:00,M-104,63.27,7.16,1508,120.36,49.33,196.14,45.57,0.84,0.0057,0.43,32.38,945,6.04,49,Normal
2023-05-18 14:00:00,M-104,63.38,6.41,1502,118.48,48.8,204.2,45.08,0.96,0.0119,0.28,19.59,969,4.46,75,Normal
2023-05-18 15:00:00,M-103,75.83,14.26,1425,131.16,45.82,196.31,53.12,1.43,0.0384,2.93,58.8,669,14.58,6,Warning
2023-05-18 16:00:00,M-103,64.22,5.27,1499,118.43,50.13,200.75,47.35,0.88,0.0058,0.05,19.35,999,2.55,132,Normal
2023-05-18 17:00:00,M-104,62.02,4.07,1491,117.48,48.48,193.48,44.95,1.09,0.0118,0.0,31.67,989,4.58,136,Normal
2023-05-18 18:00:00,M-101,65.9,6.55,1489,121.51,48.89,205.88,44.29,0.85,0.0157,0.4,33.46,966,5.47,51,Normal
2023-05-18 19:00:00,M-103,80.32,18.34,1291,152.6,40.06,181.98,60.28,6.63,0.1059,4.2,100.0,504,20.27,0,Failure
2023-05-18 20:00:00,M-104,65.91,5.88,1518,119.09,50.2,193.65,45.67,1.04,0.0091,0.27,42.1,955,7.15,56,Normal
2023-05-18 21:00:00,M-103,63.9,6.13,1492,119.5,49.16,198.28,44.54,0.6,0.0102,0.23,34.42,963,4.96,68,Normal
2023-05-18 22:00:00,M-104,74.78,8.88,1426,122.79,47.01,179.4,57.72,3.47,0.0485,1.75,65.78,808,13.38,8,Warning
2023-05-18 23:00:00,M-102,65.98,7.0,1505,122.98,48.84,197.3,45.02,1.27,0.001,0.5,32.32,1000,5.84,45,Normal
2023-05-19 00:00:00,M-103,65.88,5.85,1517,118.42,50.97,198.54,45.15,1.02,0.0129,0.26,31.78,979,5.31,67,Normal
2023-05-19 01:00:00,M-101,63.7,5.72,1475,121.2,51.51,203.81,43.41,1.29,0.0072,0.14,38.21,986,6.67,78,Normal
2023-05-19 02:00:00,M-103,65.35,5.74,1499,118.62,50.45,194.36,44.92,0.72,0.0072,0.18,20.17,967,3.94,92,Normal
2023-05-19 03:00:00,M-105,62.85,4.46,1501,121.28,48.19,199.11,45.76,1.33,0.0102,0.0,32.93,971,4.93,134,Normal
2023-05-19 04:00:00,M-103,64.56,3.99,1514,121.95,49.19,203.09,45.28,0.86,0.0106,0.0,27.86,1017,3.89,144,Normal
2023-05-19 05:00:00,M-104,85.25,16.57,1369,145.38,25.38,133.14,67.21,5.32,0.1278,4.34,100.0,475,23.17,0,Failure
2023-05-19 06:00:00,M-101,69.48,6.38,1509,122.88,50.4,191.48,45.51,0.7,0.0074,0.72,42.88,911,8.07,29,Normal
2023-05-19 07:00:00,M-105,64.59,4.55,1499,118.55,49.67,189.98,44.08,0.77,0.0126,0.0,28.71,1000,4.74,142,Normal
2023-05-19 08:00:00,M-103,65.14,4.46,1506,119.59,50.3,204.21,45.67,1.25,0.0127,0.01,10.52,979,1.69,169,Normal
2023-05-19 09:00:00,M-101,61.08,6.24,1489,121.15,50.03,206.74,44.14,0.9,0.0134,0.25,17.59,958,3.85,82,Normal
2023-05-19 10:00:00,M-104,66.3,11.88,1430,131.61,44.2,181.88,58.93,3.08,0.0673,1.51,39.13,822,9.74,17,Warning
2023-05-19 11:00:00,M-102,67.11,2.77,1494,119.43,50.31,199.68,44.48,0.88,0.0028,0.21,22.27,954,4.18,84,Normal
2023-05-19 12:00:00,M-101,65.86,3.47,1507,118.13,49.23,208.85,46.23,1.02,0.0034,0.09,37.75,1029,5.57,92,Normal
2023-05-19 13:00:00,M-104,62.7,3.26,1505,120.0,50.01,212.23,46.59,1.01,0.011,0.0,13.21,977,2.3,173,Normal
2023-05-19 14:00:00,M-103,67.03,5.28,1486,124.19,49.01,212.39,45.43,0.87,-0.0018,0.26,30.68,984,4.91,68,Normal
2023-05-19 15:00:00,M-103,61.96,3.69,1505,120.28,51.66,192.96,44.97,0.89,0.0179,0.0,28.95,982,4.45,142,Normal
2023-05-19 16:00:00,M-101,62.03,3.87,1499,120.7,51.06,207.38,45.28,0.91,0.0152,0.0,28.23,987,3.69,143,Normal
2023-05-19 17:00:00,M-102,62.25,5.37,1516,118.13,50.46,196.69,46.06,0.82,0.0114,0.07,19.32,1013,2.37,124,Normal
2023-05-19 18:00:00,M-105,65.68,5.8,1497,121.97,50.08,197.64,44.36,0.6,0.0158,0.23,14.26,993,2.58,89,Normal
2023-05-19 19:00:00,M-105,68.14,3.21,1505,123.35,49.37,197.29,46.33,0.78,0.0143,0.31,37.97,969,6.89,54,Normal
2023-05-19 20:00:00,M-103,68.78,11.61,1391,124.18,41.69,184.87,54.21,3.16,0.0523,1.7,61.56,795,12.24,9,Warning
2023-05-19 21:00:00,M-103,65.31,5.94,1500,121.84,49.62,201.33,45.1,1.21,0.0121,0.22,32.75,960,5.6,71,Normal
2023-05-19 22:00:00,M-103,62.66,4.65,1515,119.66,50.31,190.16,45.19,1.02,-0.0034,0.0,22.32,1005,3.61,155,Normal
2023-05-19 23:00:00,M-105,61.45,5.66,1489,120.32,49.59,194.7,43.62,0.66,0.0046,0.13,14.09,1028,3.03,112,Normal
2023-05-20 00:00:00,M-102,66.3,6.64,1494,119.07,50.56,201.04,44.86,1.32,0.0016,0.46,34.91,916,5.53,45,Normal
2023-05-20 01:00:00,M-105,63.73,3.4,1515,120.2,48.22,199.36,44.96,0.95,0.0092,0.0,10.44,997,1.72,179,Normal
2023-05-20 02:00:00,M-104,62.64,5.71,1488,120.44,51.29,204.87,45.51,0.98,0.0025,0.14,15.58,974,2.79,107,Normal
2023-05-20 03:00:00,M-102,62.23,5.75,1487,121.76,49.73,210.3,45.98,1.2,0.0107,0.15,25.24,1002,4.46,93,Normal
2023-05-20 04:00:00,M-102,62.36,4.12,1502,119.69,50.97,193.31,44.93,0.96,0.0046,0.0,10.04,1017,1.25,179,Normal
2023-05-20 05:00:00,M-102,64.48,4.33,1488,120.78,49.3,204.03,43.78,1.17,0.0111,0.0,15.76,1004,2.49,168,Normal
2023-05-20 06:00:00,M-105,65.4,4.83,1497,122.34,49.57,206.73,45.18,0.93,0.0061,0.04,17.46,992,2.49,142,Normal
2023-05-20 07:00:00,M-105,78.31,11.27,1457,135.23,44.74,189.2,54.31,3.19,0.0661,2.58,64.48,705,15.09,6,Warning
2023-05-20 08:00:00,M-105,65.81,6.01,1491,120.92,50.5,192.28,46.51,0.77,0.0035,0.28,22.3,909,4.52,72,Normal
2023-05-20 09:00:00,M-101,65.49,4.6,1498,122.66,50.7,199.79,45.93,1.16,0.0056,0.05,31.43,987,5.52,114,Normal
2023-05-20 10:00:00,M-101,62.37,5.31,1502,119.99,49.25,186.73,43.99,1.11,0.0114,0.06,37.44,1011,5.81,100,Normal
2023-05-20 11:00:00,M-102,83.06,11.69,1471,123.56,45.01,189.23,54.78,1.28,0.0429,3.14,78.79,605,18.65,3,Warning
2023-05-20 12:00:00,M-104,63.79,4.32,1495,122.36,49.67,198.49,44.26,0.95,0.0111,0.0,15.15,995,1.68,169,Normal
2023-05-20 13:00:00,M-103,64.61,4.47,1500,123.77,48.48,199.47,45.28,0.9,0.0118,0.0,24.77,970,3.54,150,Normal
2023-05-20 14:00:00,M-104,76.29,11.83,1454,133.94,45.67,179.79,53.33,2.92,0.0434,2.5,76.25,696,16.29,4,Warning
2023-05-20 15:00:00,M-105,64.47,5.02,1504,118.46,51.15,198.93,45.01,1.26,-0.0006,0.0,33.69,948,5.25,130,Normal
2023-05-20 16:00:00,M-103,69.56,5.03,1503,119.47,49.71,188.76,45.79,0.94,0.0091,0.46,39.51,950,6.82,42,Normal
2023-05-20 17:00:00,M-103,65.1,5.34,1489,119.03,50.49,203.72,45.17,0.93,0.0105,0.08,20.84,1007,3.38,120,Normal
2023-05-20 18:00:00,M-101,62.8,4.18,1483,120.07,50.86,206.66,46.55,0.86,0.0113,0.0,28.09,991,3.92,143,Normal
2023-05-20 19:00:00,M-102,65.35,4.88,1523,115.96,49.84,199.91,44.89,0.71,0.0007,0.04,18.61,964,3.29,142,Normal
2023-05-20 20:00:00,M-103,70.2,4.94,1509,120.35,48.02,207.66,45.4,0.98,0.0188,0.52,46.81,930,7.94,34,Normal
2023-05-20 21:00:00,M-102,84.53,22.22,1305,140.31,37.06,153.32,71.53,3.96,0.0903,5.4,100.0,338,25.0,0,Failure
2023-05-20 22:00:00,M-104,68.19,6.29,1490,119.17,49.29,202.15,46.41,1.24,0.0078,0.58,19.3,955,3.93,48,Normal
2023-05-20 23:00:00,M-101,67.67,5.43,1505,120.14,50.0,209.4,44.64,1.04,0.0203,0.35,32.44,984,5.76,56,Normal
2023-05-21 00:00:00,M-104,68.98,4.39,1497,117.96,50.34,204.45,44.05,1.23,0.0077,0.4,26.18,941,4.99,57,Normal
2023-05-21 01:00:00,M-101,67.5,4.26,1494,120.01,50.01,190.14,44.58,1.36,0.017,0.25,34.72,1004,6.02,65,Normal
2023-05-21 02:00:00,M-101,64.5,4.52,1502,121.84,50.89,197.81,44.46,0.7,0.0132,0.0,31.85,992,5.15,136,Normal
2023-05-21 03:00:00,M-105,64.86,5.19,1503,120.64,50.57,194.24,46.86,0.96,0.0095,0.04,22.89,989,3.63,133,Normal
2023-05-21 04:00:00,M-104,64.47,3.45,1509,118.96,50.2,200.26,45.56,0.51,0.0123,0.0,15.39,994,2.94,169,Normal
2023-05-21 05:00:00,M-103,65.93,4.25,1501,122.73,50.57,202.98,44.21,0.93,0.0097,0.09,38.13,1025,5.45,90,Normal
2023-05-21 06:00:00,M-103,67.58,6.12,1502,121.19,49.04,199.61,45.34,0.68,0.0121,0.48,26.05,923,4.67,50,Normal
2023-05-21 07:00:00,M-101,64.18,7.66,1497,120.13,50.91,195.34,45.56,1.18,0.0166,0.53,24.33,949,4.16,48,Normal
2023-05-21 08:00:00,M-105,68.41,5.95,1505,120.54,49.62,199.43,44.43,0.74,0.0102,0.53,37.42,958,7.3,40,Normal
2023-05-21 09:00:00,M-102,61.69,4.42,1509,120.65,50.03,205.3,47.12,0.77,0.015,0.0,35.08,991,5.69,129,Normal
2023-05-21 10:00:00,M-103,63.76,4.41,1492,122.25,50.14,198.59,45.03,1.04,0.0063,0.0,29.46,972,4.75,141,Normal
2023-05-21 11:00:00,M-102,76.37,9.93,1511,135.75,48.72,190.32,50.46,3.17,0.0475,2.12,53.17,765,11.93,9,Warning
2023-05-21 12:00:00,M-103,72.01,14.12,1430,132.74,41.96,189.81,58.97,3.12,0.0737,2.52,67.37,696,15.07,5,Warning
2023-05-21 13:00:00,M-103,64.14,3.74,1502,122.12,51.43,201.19,43.6,0.91,0.0159,0.0,12.12,1016,1.3,175,Normal
2023-05-21 14:00:00,M-105,64.86,5.5,1509,120.69,50.9,198.65,48.3,1.11,0.0134,0.1,13.12,1023,3.15,124,Normal
2023-05-21 15:00:00,M-105,66.62,6.34,1508,121.88,50.05,207.2,42.17,1.11,0.0124,0.43,26.41,930,5.0,54,Normal
2023-05-21 16:00:00,M-105,67.67,5.31,1494,120.19,50.51,192.15,45.72,1.08,0.0183,0.33,22.14,956,3.96,67,Normal
2023-05-21 17:00:00,M-105,67.38,4.54,1517,122.45,50.38,201.49,46.72,1.43,0.0084,0.24,38.46,965,6.91,63,Normal
2023-05-21 18:00:00,M-105,64.9,4.0,1519,119.63,49.7,203.03,46.11,0.86,0.0159,0.0,22.04,993,3.38,155,Normal
2023-05-21 19:00:00,M-102,93.01,21.06,1323,147.22,34.59,182.88,73.74,7.58,0.0571,6.01,100.0,256,26.59,0,Failure
2023-05-21 20:00:00,M-102,71.81,9.6,1451,137.33,48.22,187.12,52.51,1.44,0.0424,1.6,49.75,789,10.39,13,Warning
2023-05-21 21:00:00,M-105,63.56,4.57,1495,120.09,50.23,203.37,45.55,1.25,0.0151,0.0,37.85,1028,6.31,124,Normal
2023-05-21 22:00:00,M-101,72.64,9.53,1476,129.44,40.92,173.26,61.44,2.01,0.0363,1.67,53.94,824,11.56,11,Warning
2023-05-21 23:00:00,M-105,69.39,14.95,1453,129.84,47.9,189.99,54.9,1.64,0.0788,2.43,65.82,712,15.04,6,Warning
2023-05-22 00:00:00,M-104,64.19,4.89,1508,121.97,47.53,204.45,46.65,1.05,0.0148,0.0,37.11,1025,5.5,125,Normal
2023-05-22 01:00:00,M-105,65.06,6.46,1515,119.76,49.27,206.61,45.98,1.05,0.0054,0.3,19.99,931,4.0,72,Normal
2023-05-22 02:00:00,M-101,63.96,4.52,1496,120.69,49.15,196.45,44.21,1.1,0.0097,0.0,19.15,995,3.59,161,Normal
2023-05-22 03:00:00,M-103,82.1,24.46,1284,143.42,41.87,171.9,78.34,10.88,0.2292,5.6,100.0,317,26.29,0,Failure
2023-05-22 04:00:00,M-104,63.05,6.12,1502,121.23,50.81,201.78,44.53,1.2,0.009,0.22,27.28,974,4.48,76,Normal
2023-05-22 05:00:00,M-102,65.43,5.11,1494,117.48,48.48,209.16,46.24,1.07,-0.0043,0.06,21.77,975,3.65,124,Normal
2023-05-22 06:00:00,M-103,64.61,5.97,1499,121.22,51.77,197.1,45.3,1.2,0.0053,0.19,26.84,980,4.19,82,Normal
2023-05-22 07:00:00,M-101,68.67,4.79,1510,117.26,50.4,192.33,45.07,0.85,0.0054,0.37,19.5,935,3.55,65,Normal
2023-05-22 08:00:00,M-104,64.86,5.46,1484,118.73,52.54,201.65,43.18,0.72,0.0111,0.09,37.72,990,6.01,91,Normal
2023-05-22 09:00:00,M-103,63.35,4.22,1468,123.06,50.55,203.71,45.53,0.96,0.0076,0.0,30.85,999,5.36,138,Normal
2023-05-22 10:00:00,M-101,65.84,5.0,1498,120.56,48.81,190.14,44.79,0.82,0.0127,0.08,37.86,998,5.12,92,Normal
2023-05-22 11:00:00,M-104,65.03,6.22,1499,120.4,49.97,198.95,47.4,1.26,0.0194,0.25,39.01,1028,6.99,61,Normal
2023-05-22 12:00:00,M-103,66.04,3.1,1489,121.3,50.16,201.44,45.03,1.0,0.0105,0.1,16.67,966,3.09,117,Normal
2023-05-22 13:00:00,M-103,64.78,5.63,1506,121.12,49.81,197.99,44.88,0.73,0.0169,0.13,29.37,995,4.74,94,Normal
2023-05-22 14:00:00,M-104,61.96,5.87,1488,121.97,50.5,190.65,45.74,1.2,0.0163,0.17,40.37,963,7.17,70,Normal
2023-05-22 15:00:00,M-104,66.67,4.63,1484,119.37,50.47,203.19,43.77,0.87,-0.0048,0.17,17.14,986,2.05,99,Normal
2023-05-22 16:00:00,M-104,67.37,4.02,1502,122.0,50.22,197.38,45.01,1.19,0.0113,0.24,32.64,971,5.64,69,Normal
2023-05-22 17:00:00,M-101,79.49,9.83,1421,127.35,51.0,187.46,54.81,4.86,0.0428,2.42,59.4,710,13.08,7,Warning
2023-05-22 18:00:00,M-104,73.37,18.3,1393,129.93,39.31,185.6,49.9,5.3,0.0429,3.5,66.57,576,17.58,4,Warning
2023-05-22 19:00:00,M-103,64.9,5.3,1493,118.65,50.88,206.16,46.11,1.12,0.0116,0.06,27.21,964,3.92,117,Normal
2023-05-22 20:00:00,M-104,64.63,4.52,1500,122.04,48.36,197.78,44.18,0.84,0.0059,0.0,32.53,1001,4.94,134,Normal
2023-05-22 21:00:00,M-104,69.65,6.3,1509,120.96,51.69,204.84,46.39,1.29,0.0138,0.72,35.94,925,6.72,32,Normal
2023-05-22 22:00:00,M-101,65.62,5.12,1502,121.34,51.96,189.91,45.54,1.01,0.0091,0.09,23.4,942,3.7,113,Normal
2023-05-22 23:00:00,M-104,66.32,4.79,1496,121.22,49.95,208.84,45.62,1.16,0.0104,0.13,26.11,1021,3.9,96,Normal
2023-05-23 00:00:00,M-105,82.82,18.58,1294,139.18,28.76,180.91,54.69,5.56,0.0829,4.5,100.0,463,22.32,0,Failure
2023-05-23 01:00:00,M-102,63.23,3.9,1502,117.45,51.04,206.66,46.65,0.69,0.0061,0.0,29.59,990,4.16,140,Normal
2023-05-23 02:00:00,M-102,64.47,5.89,1485,119.0,48.87,196.13,46.19,1.28,0.0113,0.18,17.62,989,2.64,96,Normal
2023-05-23 03:00:00,M-105,77.26,9.64,1453,129.76,43.14,187.48,53.07,4.17,0.036,2.15,65.48,740,13.08,7,Warning
2023-05-23 04:00:00,M-104,66.16,4.44,1479,118.21,49.69,200.7,44.9,0.94,0.0071,0.12,30.81,992,5.28,94,Normal
2023-05-23 05:00:00,M-104,62.42,4.0,1498,118.42,49.29,199.41,43.75,1.03,0.0118,0.0,37.83,968,5.8,124,Normal
2023-05-23 06:00:00,M-103,67.39,5.66,1502,120.85,48.85,212.86,45.53,1.13,0.0099,0.37,34.61,909,6.18,52,Normal
2023-05-23 07:00:00,M-105,64.35,5.53,1480,118.95,50.72,195.63,45.55,1.1,0.0129,0.11,25.05,977,4.35,105,Normal
2023-05-23 08:00:00,M-104,63.23,6.57,1483,122.64,48.27,196.13,44.63,1.36,0.0101,0.31,44.17,958,7.71,49,Normal
2023-05-23 09:00:00,M-105,79.28,19.36,1254,136.55,31.29,157.46,73.21,6.23,0.1373,4.3,100.0,447,22.58,0,Failure
2023-05-23 10:00:00,M-104,66.52,3.65,1492,120.4,49.92,204.36,44.39,0.81,0.0084,0.15,29.14,1001,4.75,88,Normal
2023-05-23 11:00:00,M-102,65.9,3.85,1508,117.95,51.62,198.39,44.84,0.79,0.0082,0.09,21.6,975,3.57,115,Normal
2023-05-23 12:00:00,M-101,60.99,5.77,1500,119.65,51.17,193.56,45.06,0.81,0.0133,0.15,37.92,936,6.08,76,Normal
2023-05-23 13:00:00,M-104,68.14,5.28,1493,119.12,49.39,204.87,46.29,1.21,0.0064,0.37,35.89,956,6.47,51,Normal
2023-05-23 14:00:00,M-102,66.14,4.67,1501,120.7,49.82,206.75,45.18,1.06,0.0092,0.11,27.93,985,4.48,99,Normal
2023-05-23 15:00:00,M-101,75.49,10.61,1466,139.58,41.27,180.25,58.71,3.79,0.0834,2.17,60.66,777,13.83,8,Warning
2023-05-23 16:00:00,M-104,66.6,4.15,1505,117.96,49.4,201.58,45.18,1.09,0.001,0.16,37.14,977,6.25,76,Normal
2023-05-23 17:00:00,M-102,67.8,5.42,1496,117.87,48.03,205.59,43.65,0.8,0.0105,0.37,22.1,962,4.78,63,Normal
2023-05-23 18:00:00,M-103,64.37,5.83,1503,121.97,52.13,196.01,45.95,1.14,0.0199,0.17,36.82,994,5.84,76,Normal
2023-05-23 19:00:00,M-105,65.08,3.52,1510,119.61,51.07,203.67,45.1,1.17,0.0061,0.01,35.7,969,5.29,124,Normal
2023-05-23 20:00:00,M-101,63.73,5.28,1511,120.28,49.87,196.52,45.37,1.06,0.0064,0.06,26.05,1013,3.68,120,Normal
2023-05-23 21:00:00,M-105,65.93,6.57,1506,120.97,48.01,205.28,45.92,1.11,0.0113,0.41,45.45,961,8.25,41,Normal
2023-05-23 22:00:00,M-104,66.96,2.39,1481,122.76,49.87,197.87,43.66,1.04,0.0116,0.2,19.0,1005,3.41,90,Normal
2023-05-23 23:00:00,M-104,65.87,5.45,1504,122.94,50.84,204.69,45.57,1.17,0.0079,0.18,36.8,991,6.46,73,Normal
2023-05-24 00:00:00,M-103,67.1,4.87,1507,118.0,49.94,190.84,45.03,1.24,0.0104,0.21,15.91,989,3.22,91,Normal
2023-05-24 01:00:00,M-105,65.94,3.45,1496,120.41,51.39,199.26,45.5,1.04,0.0071,0.09,38.17,979,5.82,89,Normal
2023-05-24 02:00:00,M-101,84.52,22.27,1258,142.78,35.61,160.8,68.92,9.77,0.0625,5.41,100.0,354,25.52,0,Failure
2023-05-24 03:00:00,M-101,64.62,4.98,1499,118.58,49.9,199.52,43.35,1.07,0.0101,0.0,20.37,1003,2.81,159,Normal
2023-05-24 04:00:00,M-103,68.96,12.03,1435,126.8,44.48,187.34,58.17,4.33,0.0585,1.8,63.27,779,13.81,8,Warning
2023-05-24 05:00:00,M-104,67.81,4.71,1510,121.72,51.21,203.45,46.17,0.95,0.0077,0.28,16.81,922,2.87,78,Normal
2023-05-24 06:00:00,M-101,63.85,4.14,1510,119.79,52.17,201.11,46.04,0.96,0.0067,0.0,24.33,1005,3.92,151,Normal
2023-05-24 07:00:00,M-103,78.04,11.49,1457,129.97,43.05,192.63,52.88,3.76,0.0964,2.6,74.1,709,16.22,4,Warning
2023-05-24 08:00:00,M-102,62.79,5.33,1518,118.04,49.5,213.9,44.18,1.26,0.0089,0.07,35.73,993,5.73,101,Normal
2023-05-24 09:00:00,M-102,60.64,4.23,1489,123.27,49.72,199.76,44.78,0.71,0.0114,0.0,29.13,1001,3.96,141,Normal
2023-05-24 10:00:00,M-104,62.28,6.34,1492,118.59,48.2,195.68,44.25,1.16,0.0158,0.27,22.77,943,5.01,74,Normal
2023-05-24 11:00:00,M-101,65.86,2.43,1505,122.37,49.35,204.4,46.07,1.26,0.0071,0.09,23.53,991,3.79,113,Normal
2023-05-24 12:00:00,M-104,65.94,6.27,1503,121.31,50.71,205.72,44.97,0.82,0.0096,0.35,36.71,944,5.9,52,Normal
2023-05-24 13:00:00,M-105,64.63,5.68,1506,120.72,49.2,198.76,46.41,0.7,0.0113,0.14,18.56,979,3.29,105,Normal
2023-05-24 14:00:00,M-104,62.25,5.11,1501,123.95,50.9,197.46,45.49,0.63,0.0107,0.02,22.7,999,3.36,141,Normal
2023-05-24 15:00:00,M-102,64.48,5.93,1493,117.95,50.66,200.82,45.15,0.93,0.013,0.19,38.85,950,5.23,70,Normal
2023-05-24 16:00:00,M-104,66.53,3.6,1493,121.72,50.87,193.99,45.3,1.07,0.0065,0.15,36.57,988,5.71,78,Normal
2023-05-24 17:00:00,M-105,88.19,23.19,1201,152.06,37.93,174.89,77.05,5.38,0.0967,5.96,100.0,295,26.53,0,Failure
2023-05-24 18:00:00,M-105,62.91,6.04,1497,119.59,50.4,192.91,44.2,0.75,0.0081,0.21,24.5,956,4.04,82,Normal
2023-05-24 19:00:00,M-103,68.11,6.52,1490,118.52,50.17,186.67,44.41,1.04,0.0089,0.62,48.67,888,7.62,29,Normal
2023-05-24 20:00:00,M-101,64.91,3.92,1506,118.1,51.62,194.1,45.76,0.62,-0.0013,0.0,26.13,988,4.53,147,Normal
2023-05-24 21:00:00,M-102,73.15,14.78,1449,128.22,44.24,180.63,53.68,1.71,0.0406,2.77,66.51,671,16.05,5,Warning
2023-05-24 22:00:00,M-103,73.39,12.94,1448,135.79,45.72,187.83,61.88,2.14,0.0461,2.43,68.89,727,15.5,5,Warning
2023-05-24 23:00:00,M-105,63.99,4.53,1479,120.2,50.13,199.32,45.45,1.2,0.0099,0.0,29.64,1012,4.63,140,Normal
2023-05-25 00:00:00,M-103,64.6,5.16,1500,119.12,51.01,204.95,46.21,0.85,0.0118,0.03,22.07,1017,3.88,137,Normal
2023-05-25 01:00:00,M-104,65.63,2.15,1496,123.83,50.48,193.95,44.44,0.92,0.0156,0.06,29.39,962,5.06,112,Normal
2023-05-25 02:00:00,M-103,62.11,5.2,1491,120.54,51.8,199.22,46.63,1.06,0.0148,0.04,33.33,948,5.33,114,Normal
2023-05-25 03:00:00,M-101,66.72,3.3,1497,116.71,49.48,205.75,45.45,0.88,0.0101,0.17,40.02,976,6.5,71,Normal
2023-05-25 04:00:00,M-102,64.3,6.27,1487,121.55,52.19,202.72,44.76,0.97,0.0076,0.25,41.92,956,5.91,57,Normal
2023-05-25 05:00:00,M-103,68.46,4.89,1500,120.16,50.96,203.42,44.93,0.83,0.0162,0.35,35.35,959,6.29,54,Normal
2023-05-25 06:00:00,M-101,73.21,10.93,1445,126.11,50.07,190.99,51.49,3.41,0.0788,2.01,47.21,780,10.59,11,Warning
2023-05-25 07:00:00,M-101,61.91,4.02,1502,118.41,51.26,202.14,45.19,1.08,0.013,0.0,29.07,1012,3.95,141,Normal
2023-05-25 08:00:00,M-101,65.95,5.35,1510,117.26,49.12,193.57,42.31,1.17,0.0171,0.16,30.62,991,3.61,83,Normal
2023-05-25 09:00:00,M-101,65.47,5.89,1511,122.43,50.93,198.32,45.46,1.4,0.0163,0.22,24.11,959,4.6,80,Normal
2023-05-25 10:00:00,M-104,60.85,4.52,1503,120.91,50.85,198.04,45.11,1.17,0.0123,0.0,19.58,988,2.63,160,Normal
2023-05-25 11:00:00,M-104,65.07,2.61,1500,119.65,50.07,206.51,45.6,1.08,0.0063,0.01,20.23,1041,2.13,154,Normal
2023-05-25 12:00:00,M-104,64.83,4.95,1503,122.0,50.27,205.01,45.05,0.79,0.0096,0.0,14.97,1023,1.84,170,Normal
2023-05-25 13:00:00,M-103,62.2,5.04,1490,119.34,50.42,201.6,46.2,0.66,0.009,0.01,36.35,1019,4.63,123,Normal
2023-05-25 14:00:00,M-104,66.1,4.35,1498,119.31,50.3,193.77,44.9,0.75,0.0074,0.11,36.43,984,5.33,88,Normal
2023-05-25 15:00:00,M-101,78.63,7.31,1488,133.74,48.14,186.59,53.74,2.21,0.0616,1.83,62.55,773,12.63,9,Warning
2023-05-25 16:00:00,M-101,63.98,3.98,1490,117.3,49.3,207.97,45.69,1.26,0.0052,0.0,31.11,961,5.21,137,Normal
2023-05-25 17:00:00,M-102,65.21,5.16,1503,120.04,50.1,200.03,44.42,0.86,0.0043,0.05,20.07,956,3.07,132,Normal
2023-05-25 18:00:00,M-105,68.68,9.83,1465,126.83,48.45,187.1,55.98,3.5,0.0807,1.33,34.65,825,7.36,20,Warning
2023-05-25 19:00:00,M-103,68.43,6.23,1507,123.96,50.87,202.19,43.64,0.53,0.0035,0.59,27.98,895,4.97,42,Normal
2023-05-25 20:00:00,M-103,66.04,6.8,1511,120.47,50.01,196.97,45.39,0.96,0.0109,0.46,32.18,929,6.62,47,Normal
2023-05-25 21:00:00,M-104,65.04,5.55,1490,115.82,50.68,194.71,45.56,1.43,0.0006,0.11,33.92,940,4.86,90,Normal
2023-05-25 22:00:00,M-101,79.97,16.18,1392,134.25,43.53,193.06,64.03,4.59,0.0474,3.73,82.4,580,20.29,2,Warning
2023-05-25 23:00:00,M-105,63.98,5.82,1507,119.42,48.97,194.72,45.11,0.86,0.0088,0.16,22.5,955,3.96,93,Normal
2023-05-26 00:00:00,M-103,65.23,3.85,1497,119.34,50.58,201.58,45.16,1.33,0.0113,0.02,13.52,988,1.41,158,Normal
2023-05-26 01:00:00,M-105,62.9,3.61,1488,118.75,50.51,200.46,45.09,0.8,0.0099,0.0,18.68,1025,2.95,162,Normal
2023-05-26 02:00:00,M-102,65.97,5.92,1497,117.21,50.51,201.26,45.28,0.72,0.0068,0.28,39.33,947,7.83,57,Normal
2023-05-26 03:00:00,M-101,63.48,4.26,1507,121.24,50.67,205.36,44.07,1.07,0.003,0.0,39.49,1021,6.42,121,Normal
2023-05-26 04:00:00,M-105,64.84,3.66,1501,122.02,49.82,205.11,45.37,1.06,0.0084,0.0,15.24,970,2.26,169,Normal
2023-05-26 05:00:00,M-103,62.33,5.1,1504,121.67,48.5,205.07,42.92,0.82,0.0202,0.02,21.0,1000,2.67,146,Normal
2023-05-26 06:00:00,M-105,72.18,11.2,1462,128.88,41.49,202.05,50.4,0.76,0.0675,1.96,57.18,735,11.98,9,Warning
2023-05-26 07:00:00,M-104,67.46,5.39,1493,122.42,49.11,196.86,45.9,0.88,0.012,0.32,24.86,951,4.46,65,Normal
2023-05-26 08:00:00,M-103,63.61,5.16,1487,121.86,48.92,193.66,44.75,0.93,0.0118,0.03,28.62,997,4.86,126,Normal
2023-05-26 09:00:00,M-103,63.91,5.16,1488,117.4,50.36,210.34,45.66,0.76,0.0044,0.03,11.14,1008,2.1,157,Normal
2023-05-26 10:00:00,M-103,62.71,5.45,1511,123.05,49.55,203.22,44.9,1.18,0.01,0.09,27.06,972,4.52,107,Normal
2023-05-26 11:00:00,M-105,66.67,5.19,1495,118.54,49.83,199.29,46.28,1.32,0.0191,0.21,17.43,968,3.55,90,Normal
2023-05-26 12:00:00,M-104,62.31,7.07,1497,119.63,51.95,195.88,46.29,1.12,0.0001,0.41,32.36,942,4.67,50,Normal
2023-05-26 13:00:00,M-105,65.68,4.85,1490,120.87,52.19,200.36,44.58,0.86,0.0041,0.07,12.45,1008,1.79,137,Normal
2023-05-26 14:00:00,M-105,62.73,3.36,1512,121.04,50.92,204.16,44.83,0.99,0.0151,0.0,13.78,1032,2.1,172,Normal
2023-05-26 15:00:00,M-101,66.08,2.62,1492,121.17,51.75,205.24,45.4,0.83,0.0115,0.11,40.62,998,7.2,82,Normal
2023-05-26 16:00:00,M-105,71.63,15.79,1448,124.4,42.11,194.28,58.15,3.48,0.0597,2.82,54.36,645,13.92,7,Warning
2023-05-26 17:00:00,M-105,65.14,4.25,1508,120.36,49.33,195.97,43.97,1.24,0.0064,0.01,26.44,980,3.5,139,Normal
2023-05-26 18:00:00,M-104,66.19,4.95,1495,119.52,48.67,200.87,43.73,0.93,0.0083,0.12,35.04,1001,5.68,87,Normal
2023-05-26 19:00:00,M-105,75.07,9.43,1460,129.6,47.99,193.22,53.56,3.89,0.0558,1.89,46.09,762,11.17,12,Warning
2023-05-26 20:00:00,M-104,77.02,16.83,1458,124.45,41.73,191.08,56.07,2.78,0.0284,3.57,89.86,593,20.88,1,Warning
2023-05-26 21:00:00,M-101,62.0,6.33,1493,117.31,49.31,207.23,45.63,1.36,0.0115,0.27,31.55,995,5.09,66,Normal
2023-05-26 22:00:00,M-103,65.32,4.88,1518,121.44,49.76,202.12,44.44,1.02,0.016,0.03,18.2,992,2.6,145,Normal
2023-05-26 23:00:00,M-102,64.59,2.83,1506,118.93,47.97,192.98,45.11,0.86,0.0059,0.0,36.15,991,3.86,127,Normal
2023-05-27 00:00:00,M-103,75.81,14.74,1475,127.12,46.81,194.75,55.95,4.06,0.066,3.03,70.64,651,16.92,4,Warning
2023-05-27 01:00:00,M-104,66.15,4.5,1500,117.72,48.49,191.41,44.78,1.27,0.0122,0.11,31.88,1003,4.58,93,Normal
2023-05-27 02:00:00,M-101,60.96,5.3,1497,121.98,51.48,193.46,45.02,1.17,0.0083,0.06,17.45,1027,2.76,133,Normal
2023-05-27 03:00:00,M-104,64.23,5.0,1503,115.95,49.33,206.31,46.61,0.74,0.0036,0.0,31.56,1015,5.75,136,Normal
2023-05-27 04:00:00,M-103,67.1,4.21,1514,119.46,49.69,202.41,44.61,0.7,0.0107,0.21,35.64,968,5.53,69,Normal
2023-05-27 05:00:00,M-103,60.82,4.28,1501,120.46,51.83,207.15,45.79,0.87,0.0114,0.0,31.45,1010,5.38,137,Normal
2023-05-27 06:00:00,M-102,63.31,4.28,1496,122.32,51.47,210.76,44.29,1.03,0.008,0.0,24.4,996,3.55,151,Normal
2023-05-27 07:00:00,M-101,66.64,4.29,1509,119.51,51.09,206.81,44.0,0.58,0.0108,0.16,13.49,985,1.74,104,Normal
2023-05-27 08:00:00,M-101,64.13,3.22,1493,121.23,50.65,206.68,46.26,0.82,0.0063,0.0,11.85,985,1.36,176,Normal
2023-05-27 09:00:00,M-103,64.56,4.84,1499,118.72,50.72,204.71,46.22,0.91,0.0044,0.0,32.81,1004,5.11,134,Normal
2023-05-27 10:00:00,M-105,94.5,25.66,1385,145.5,42.0,191.31,69.29,5.62,0.1244,7.08,100.0,158,29.42,0,Failure
2023-05-27 11:00:00,M-104,62.86,5.4,1502,119.72,51.21,207.95,42.89,0.7,0.0129,0.08,17.38,1024,2.09,125,Normal
2023-05-27 12:00:00,M-101,68.95,6.91,1484,119.41,49.14,200.68,43.67,0.89,0.0057,0.78,50.15,917,8.74,24,Normal
2023-05-27 13:00:00,M-103,63.53,5.4,1493,118.68,50.11,200.15,44.56,1.21,0.0125,0.08,33.22,1030,5.02,100,Normal
2023-05-27 14:00:00,M-103,61.84,6.21,1503,118.21,49.33,202.91,42.49,0.97,0.0067,0.24,20.75,955,2.68,80,Normal
2023-05-27 15:00:00,M-103,62.29,4.12,1501,119.31,50.06,200.07,43.3,1.21,0.0137,0.0,20.63,1000,2.83,158,Normal
2023-05-27 16:00:00,M-102,62.81,5.98,1506,122.95,50.19,204.1,45.04,0.88,0.0153,0.2,14.15,951,1.72,96,Normal
2023-05-27 17:00:00,M-101,84.11,23.99,1386,144.48,33.29,160.12,66.83,10.57,0.0968,5.71,100.0,306,27.13,0,Failure
2023-05-27 18:00:00,M-104,69.64,6.18,1496,120.78,49.32,201.6,47.15,0.87,0.0088,0.7,39.15,900,7.15,32,Normal
2023-05-27 19:00:00,M-101,70.8,15.03,1455,129.85,41.46,201.41,52.21,2.59,0.0499,2.59,64.12,700,14.64,6,Warning
2023-05-27 20:00:00,M-101,64.15,6.3,1490,121.01,50.84,203.47,47.16,0.88,0.0171,0.26,35.33,991,7.19,63,Normal
2023-05-27 21:00:00,M-103,75.85,17.06,1449,133.05,47.47,175.5,54.66,2.78,0.0495,3.5,66.81,566,17.1,4,Warning
2023-05-27 22:00:00,M-104,82.61,15.03,1468,128.3,46.03,179.92,54.32,2.1,0.0552,3.77,87.2,566,20.2,1,Warning
2023-05-27 23:00:00,M-101,65.52,3.62,1490,116.52,48.39,198.52,44.81,1.05,0.0055,0.05,24.7,1010,3.7,124,Normal
2023-05-28 00:00:00,M-102,66.57,5.01,1535,125.86,51.39,195.47,46.43,0.65,0.017,0.16,37.19,929,5.18,76,Normal
2023-05-28 01:00:00,M-105,64.08,5.69,1501,117.8,51.11,199.52,45.28,1.2,0.0144,0.14,26.21,1005,4.56,95,Normal
2023-05-28 02:00:00,M-101,64.69,4.51,1513,122.64,49.38,196.17,46.76,0.98,0.01,0.0,27.61,994,5.2,144,Normal
2023-05-28 03:00:00,M-105,78.93,6.35,1450,129.68,44.73,183.09,57.41,2.66,0.0735,1.66,41.39,820,9.42,15,Warning
2023-05-28 04:00:00,M-105,62.28,5.18,1501,119.66,49.07,201.2,44.86,1.2,0.0035,0.04,23.73,997,3.36,133,Normal
2023-05-28 05:00:00,M-101,63.17,4.07,1490,124.65,49.94,206.02,45.76,1.14,0.0127,0.0,24.34,1041,3.87,151,Normal
2023-05-28 06:00:00,M-101,63.12,3.87,1486,117.56,48.37,201.07,45.85,1.01,0.0031,0.0,20.41,990,2.89,159,Normal
2023-05-28 07:00:00,M-103,66.24,5.3,1499,118.33,49.59,203.45,44.87,1.05,0.0082,0.18,32.77,955,6.29,77,Normal
2023-05-28 08:00:00,M-105,66.03,3.86,1501,120.29,51.66,198.84,46.3,1.06,0.0193,0.1,24.22,952,4.35,107,Normal
2023-05-28 09:00:00,M-102,75.15,11.29,1449,132.42,48.7,193.87,55.83,3.03,0.0131,2.27,69.47,694,15.52,6,Warning
2023-05-28 10:00:00,M-102,67.14,5.91,1493,121.55,50.82,203.7,44.96,1.25,0.0053,0.4,41.49,952,8.21,45,Normal
2023-05-28 11:00:00,M-102,66.7,5.26,1490,119.42,50.35,208.35,46.53,1.12,0.0137,0.22,36.23,977,5.37,67,Normal
2023-05-28 12:00:00,M-103,63.07,4.22,1506,121.49,50.36,198.54,45.81,0.94,0.0057,0.0,14.72,1031,2.57,170,Normal
2023-05-28 13:00:00,M-103,81.3,12.88,1434,125.85,44.99,189.69,48.52,1.3,0.0043,3.21,86.31,615,19.88,1,Warning
2023-05-28 14:00:00,M-101,64.09,4.27,1487,121.85,50.73,198.61,42.98,1.09,0.0055,0.0,15.31,1002,2.31,169,Normal
2023-05-28 15:00:00,M-103,63.73,4.44,1486,113.99,49.62,201.69,45.2,0.7,-0.0013,0.0,19.1,998,2.29,161,Normal
2023-05-28 16:00:00,M-101,67.89,3.49,1496,115.75,50.01,202.33,45.38,0.88,-0.0007,0.29,34.11,940,5.83,61,Normal
2023-05-28 17:00:00,M-104,65.29,5.86,1489,122.55,49.08,199.33,43.86,0.89,0.0048,0.2,33.57,956,5.82,73,Normal
2023-05-28 18:00:00,M-102,80.49,21.96,1348,142.61,38.09,187.16,66.14,3.95,0.1322,4.94,100.0,432,25.4,0,Failure
2023-05-28 19:00:00,M-102,63.1,7.37,1482,117.8,52.2,191.44,44.75,0.89,0.0102,0.47,45.04,948,7.59,37,Normal
2023-05-28 20:00:00,M-103,77.0,9.83,1405,134.65,50.58,184.64,57.48,5.6,0.0462,2.17,51.34,736,11.94,10,Warning
2023-05-28 21:00:00,M-101,66.7,4.4,1505,117.83,49.98,192.25,44.43,1.3,0.0113,0.17,34.85,976,5.7,77,Normal
2023-05-28 22:00:00,M-105,68.57,6.37,1505,116.92,49.37,195.52,44.23,1.32,0.0092,0.63,49.46,911,8.24,28,Normal
2023-05-28 23:00:00,M-101,63.19,4.47,1492,120.97,50.08,192.77,46.73,0.94,0.0097,0.0,18.58,989,2.78,162,Normal
2023-05-29 00:00:00,M-102,67.41,4.39,1514,119.36,49.67,200.47,45.84,0.88,0.008,0.24,39.56,946,5.71,61,Normal
2023-05-29 01:00:00,M-104,66.95,6.11,1505,122.86,48.08,195.38,45.02,0.79,0.0146,0.42,37.81,926,7.18,46,Normal
2023-05-29 02:00:00,M-103,77.19,11.51,1435,136.79,47.23,189.53,60.24,3.98,0.0339,2.52,72.05,652,16.01,5,Warning
2023-05-29 03:00:00,M-101,65.03,5.66,1508,116.69,51.68,205.94,43.95,1.29,0.0196,0.13,38.61,949,6.4,79,Normal
2023-05-29 04:00:00,M-102,75.9,13.97,1454,125.43,43.61,196.94,54.26,3.02,0.0484,2.88,55.02,636,13.46,7,Warning
2023-05-29 05:00:00,M-104,63.67,5.34,1498,116.36,49.24,206.97,46.07,1.01,0.0117,0.07,16.15,978,3.25,131,Normal
2023-05-29 06:00:00,M-104,67.49,7.13,1501,126.5,46.61,189.11,55.05,3.37,0.0083,0.68,30.81,945,5.42,37,Warning
2023-05-29 07:00:00,M-103,64.43,4.16,1506,119.43,50.87,202.98,46.31,0.85,0.0148,0.0,29.77,984,4.44,140,Normal
2023-05-29 08:00:00,M-102,65.69,4.14,1487,122.36,50.84,199.97,45.44,1.16,0.0099,0.07,36.97,967,6.15,98,Normal
2023-05-29 09:00:00,M-102,83.87,11.72,1442,131.11,46.47,200.66,58.77,3.33,0.0107,3.23,82.33,583,19.3,2,Warning
2023-05-29 10:00:00,M-103,72.99,11.37,1437,123.44,44.48,196.69,51.1,3.18,0.053,2.07,64.62,745,13.93,7,Warning
2023-05-29 11:00:00,M-104,65.38,6.42,1492,119.29,50.06,197.1,44.87,0.68,0.0081,0.32,32.85,958,5.2,58,Normal
2023-05-29 12:00:00,M-103,76.43,11.82,1442,125.23,43.01,186.74,56.49,3.85,0.0144,2.51,72.42,675,16.17,5,Warning
2023-05-29 13:00:00,M-104,67.59,5.35,1498,116.37,49.93,196.21,44.41,0.94,0.0089,0.33,32.44,953,4.86,58,Normal
2023-05-29 14:00:00,M-104,71.62,10.74,1450,133.56,47.6,198.61,56.44,1.27,0.0167,1.81,57.29,805,11.93,10,Warning
2023-05-29 15:00:00,M-103,67.41,3.79,1494,120.38,50.54,198.62,45.01,1.03,0.0089,0.24,38.39,960,6.18,62,Normal
2023-05-29 16:00:00,M-101,71.46,7.39,1479,128.91,48.81,201.77,54.16,4.34,0.0325,1.12,36.78,847,8.31,23,Warning
2023-05-29 17:00:00,M-103,65.76,2.44,1499,118.67,50.93,196.7,45.32,1.06,0.0059,0.08,27.97,970,5.36,110,Normal
2023-05-29 18:00:00,M-103,65.11,5.2,1482,122.65,49.26,200.49,45.33,0.71,0.0046,0.05,23.32,1025,4.41,127,Normal
2023-05-29 19:00:00,M-105,64.98,4.96,1496,118.34,50.04,204.03,44.97,1.21,0.0134,0.0,14.41,1018,2.25,171,Normal
2023-05-29 20:00:00,M-104,69.38,3.87,1496,121.49,49.87,186.39,44.81,1.25,0.003,0.44,33.65,951,5.56,48,Normal
2023-05-29 21:00:00,M-101,64.45,5.62,1502,118.9,49.33,191.42,44.39,0.85,0.016,0.12,32.03,977,4.86,90,Normal
2023-05-29 22:00:00,M-102,69.4,6.56,1520,124.38,49.37,195.58,47.03,0.97,0.0142,0.75,45.59,897,8.57,27,Normal
2023-05-29 23:00:00,M-102,61.63,3.9,1494,121.66,50.13,204.52,46.96,0.68,0.0094,0.0,26.84,997,3.61,146,Normal
2023-05-30 00:00:00,M-102,68.87,5.09,1494,117.76,48.73,198.29,45.28,1.12,0.0113,0.41,32.52,941,5.83,51,Normal
2023-05-30 01:00:00,M-103,65.03,5.83,1502,119.95,49.82,203.18,45.53,0.95,0.0172,0.17,21.95,996,4.11,93,Normal
2023-05-30 02:00:00,M-101,65.81,3.89,1507,123.68,49.31,195.54,45.03,1.14,0.0096,0.08,34.66,1012,4.64,98,Normal
2023-05-30 03:00:00,M-105,66.06,3.88,1494,116.37,49.19,206.72,45.15,0.95,0.0056,0.11,26.62,991,4.09,103,Normal
2023-05-30 04:00:00,M-102,70.84,13.07,1466,129.89,43.51,180.89,60.7,3.07,0.0437,2.2,60.9,778,12.04,7,Warning
2023-05-30 05:00:00,M-104,66.03,4.86,1485,119.49,49.93,196.22,45.11,1.07,0.0098,0.1,28.37,969,4.7,101,Normal
2023-05-30 06:00:00,M-103,63.33,4.27,1498,120.35,48.89,197.93,44.01,0.79,0.0157,0.0,32.28,972,6.06,135,Normal
2023-05-30 07:00:00,M-102,65.47,5.72,1499,123.02,49.95,204.87,45.19,1.37,0.0076,0.19,42.7,1000,6.73,64,Normal
2023-05-30 08:00:00,M-105,74.35,7.14,1452,133.82,49.89,182.03,49.77,3.5,0.0593,1.36,36.11,808,7.94,19,Warning
2023-05-30 09:00:00,M-103,63.35,5.4,1511,120.21,49.52,205.86,44.75,0.95,0.0126,0.08,20.07,976,3.68,121,Normal
2023-05-30 10:00:00,M-104,66.17,3.99,1497,116.62,50.54,202.89,44.82,1.04,0.014,0.12,13.02,989,1.86,118,Normal
2023-05-30 11:00:00,M-104,78.04,15.65,1478,130.08,47.41,177.7,48.94,1.62,0.1064,3.43,63.94,629,15.66,4,Warning
2023-05-30 12:00:00,M-105,65.7,4.05,1505,120.72,49.2,194.06,44.19,1.03,0.0096,0.07,40.02,1019,5.57,93,Normal
2023-05-30 13:00:00,M-101,72.63,12.85,1453,129.05,44.09,190.44,50.18,4.72,0.0427,2.33,62.73,730,14.89,7,Warning
2023-05-30 14:00:00,M-105,64.33,6.11,1499,119.15,49.24,198.66,45.33,1.32,0.0136,0.22,33.37,957,5.71,70,Normal
2023-05-30 15:00:00,M-101,81.84,25.42,1314,137.6,30.21,182.74,71.57,7.52,0.1532,5.77,100.0,319,26.28,0,Failure
2023-05-30 16:00:00,M-102,66.02,4.92,1526,123.86,50.01,199.05,45.7,0.99,0.0164,0.1,11.76,962,2.29,125,Normal
2023-05-30 17:00:00,M-102,65.5,3.63,1489,117.02,51.09,192.29,44.34,1.26,0.0044,0.05,11.06,996,2.14,148,Normal
2023-05-30 18:00:00,M-105,67.39,3.96,1480,121.42,49.61,194.91,45.55,0.61,0.0057,0.24,36.42,923,5.28,65,Normal
2023-05-30 19:00:00,M-103,65.35,5.48,1483,120.16,51.95,206.31,45.52,1.08,0.0102,0.13,19.41,987,3.13,105,Normal
2023-05-30 20:00:00,M-103,60.16,6.74,1503,119.79,50.91,194.09,44.45,1.11,0.0102,0.35,42.65,967,7.7,47,Normal
2023-05-30 21:00:00,M-105,67.67,6.19,1493,120.11,49.54,207.38,46.12,1.09,0.0134,0.51,46.93,945,7.58,35,Normal
2023-05-30 22:00:00,M-105,66.07,3.72,1479,122.38,49.87,202.08,44.13,1.25,0.0118,0.11,19.81,983,2.45,112,Normal
2023-05-30 23:00:00,M-104,75.77,16.75,1463,132.48,46.22,177.2,50.46,3.6,0.0642,3.43,85.35,609,20.33,1,Warning
2023-05-31 00:00:00,M-104,67.4,3.88,1489,124.12,51.15,195.92,45.87,0.91,0.0015,0.24,36.76,929,5.12,64,Normal
2023-05-31 01:00:00,M-102,64.94,6.34,1513,119.8,50.12,199.24,44.41,0.66,0.0126,0.27,37.73,958,6.3,60,Normal
2023-05-31 02:00:00,M-103,63.17,5.7,1509,118.78,50.65,202.81,44.69,1.03,0.0204,0.14,17.15,977,2.97,106,Normal
2023-05-31 03:00:00,M-104,65.76,3.89,1477,121.22,51.2,191.9,44.58,1.53,0.0128,0.08,29.66,1017,5.42,107,Normal
2023-05-31 04:00:00,M-104,85.58,8.89,1426,127.54,43.44,190.98,53.53,1.81,0.0325,2.84,59.93,653,14.33,6,Warning
2023-05-31 05:00:00,M-105,66.66,4.25,1502,120.0,49.68,193.16,44.83,0.87,0.0148,0.17,13.67,992,2.09,103,Normal
2023-05-31 06:00:00,M-103,63.03,4.1,1486,115.74,47.79,212.31,44.94,1.3,0.0091,0.0,37.55,997,5.22,124,Normal
2023-05-31 07:00:00,M-102,68.3,4.42,1490,124.2,50.4,197.45,46.85,1.26,0.0069,0.33,17.16,944,3.28,71,Normal
2023-05-31 08:00:00,M-104,68.05,4.36,1523,119.9,49.78,202.81,45.31,1.05,0.02,0.31,23.17,968,4.4,69,Normal
2023-05-31 09:00:00,M-101,62.15,4.34,1514,121.05,49.88,201.64,45.01,1.07,0.0147,0.0,21.87,1036,2.79,156,Normal
2023-05-31 10:00:00,M-103,65.99,6.0,1511,118.75,49.63,199.16,45.42,1.22,0.0193,0.3,34.1,980,6.3,59,Normal
2023-05-31 11:00:00,M-104,75.9,16.07,1442,126.88,46.78,199.91,54.49,2.61,0.0213,3.3,71.45,587,16.98,4,Warning
2023-05-31 12:00:00,M-103,63.83,5.71,1514,124.15,49.6,206.0,45.34,0.95,0.012,0.14,14.94,1004,2.35,108,Normal
2023-05-31 13:00:00,M-104,64.4,4.16,1487,121.64,51.0,196.67,45.5,0.82,0.0139,0.0,31.26,997,4.32,137,Normal
2023-05-31 14:00:00,M-104,64.66,3.07,1496,117.35,49.08,190.22,44.11,0.98,0.0088,0.0,13.47,991,1.43,173,Normal
2023-05-31 15:00:00,M-103,81.95,20.84,1205,145.26,38.02,174.41,71.57,6.69,0.1674,4.86,100.0,437,24.76,0,Failure
2023-05-31 16:00:00,M-104,66.67,4.0,1510,116.71,49.44,208.53,45.36,0.94,0.0113,0.17,31.39,1003,5.55,82,Normal
2023-05-31 17:00:00,M-104,64.16,5.42,1483,120.17,50.18,193.74,44.7,1.29,0.0098,0.08,36.73,1002,6.87,94,Normal
2023-05-31 18:00:00,M-105,66.62,4.58,1505,120.73,47.1,195.0,45.21,1.03,0.0099,0.16,30.28,982,4.93,84,Normal
2023-05-31 19:00:00,M-101,67.62,7.38,1487,117.74,49.48,200.82,44.35,1.18,0.0086,0.74,50.18,897,8.48,25,Normal
2023-05-31 20:00:00,M-101,61.03,5.73,1504,121.23,50.95,200.89,44.79,0.84,0.0078,0.15,39.99,1006,6.07,75,Normal
2023-05-31 21:00:00,M-102,63.14,6.77,1492,119.68,48.09,205.5,44.97,1.24,0.0118,0.35,23.89,960,4.71,62,Normal
2023-05-31 22:00:00,M-103,90.95,21.98,1345,146.52,33.69,182.32,79.56,5.88,0.1456,5.99,100.0,261,27.19,0,Failure
2023-05-31 23:00:00,M-105,63.25,6.29,1506,117.99,50.7,195.87,44.48,1.01,0.0141,0.26,30.46,968,5.29,68,Normal
2023-06-01 00:00:00,M-101,66.24,5.6,1492,118.06,49.66,191.79,46.46,1.54,0.0083,0.24,24.03,957,4.61,76,Normal
2023-06-01 01:00:00,M-105,63.65,4.88,1477,116.53,50.25,205.42,44.31,1.33,0.0164,0.0,36.32,1017,5.99,127,Normal
2023-06-01 02:00:00,M-103,84.05,18.42,1325,148.39,37.84,146.53,71.7,6.38,0.1061,4.59,100.0,463,22.96,0,Failure
2023-06-01 03:00:00,M-103,65.13,7.45,1490,119.36,50.3,197.31,45.66,1.14,0.0177,0.5,31.96,950,5.63,45,Normal
2023-06-01 04:00:00,M-105,66.79,5.71,1504,119.05,51.12,191.32,45.43,1.17,0.0095,0.32,16.83,947,2.41,72,Normal
2023-06-01 05:00:00,M-102,64.77,5.87,1494,122.06,50.61,202.18,44.44,0.82,0.015,0.17,40.01,955,6.16,70,Normal
2023-06-01 06:00:00,M-105,65.56,5.92,1484,120.14,51.13,199.42,46.52,1.27,0.0091,0.24,33.82,963,5.49,67,Normal
2023-06-01 07:00:00,M-103,73.53,11.94,1383,126.48,38.67,181.47,55.4,3.41,0.0421,2.24,56.63,688,12.68,8,Warning
2023-06-01 08:00:00,M-102,63.93,4.33,1477,120.49,48.81,199.58,44.64,0.79,0.0145,0.0,11.0,994,2.53,177,Normal
2023-06-01 09:00:00,M-105,65.68,4.3,1496,117.62,50.22,199.42,45.73,1.21,0.0167,0.07,24.07,1009,3.64,119,Normal
2023-06-01 10:00:00,M-103,62.18,4.72,1513,116.87,52.28,201.01,44.18,1.07,0.0155,0.0,29.51,983,4.3,140,Normal
2023-06-01 11:00:00,M-101,82.08,19.32,1310,144.47,35.07,188.64,74.33,6.65,0.15,4.57,100.0,471,23.83,0,Failure
2023-06-01 12:00:00,M-104,72.94,12.79,1473,137.49,48.68,181.05,58.46,4.69,0.0385,2.35,75.02,699,15.62,4,Warning
2023-06-01 13:00:00,M-103,64.8,3.44,1493,119.79,50.39,203.75,46.59,0.98,0.0076,0.0,19.41,1006,3.06,161,Normal
2023-06-01 14:00:00,M-104,65.38,2.94,1513,121.59,50.19,200.82,45.67,1.47,0.0144,0.04,26.92,1001,4.0,127,Normal
2023-06-01 15:00:00,M-103,62.59,5.65,1490,118.43,48.73,187.44,43.68,1.02,0.016,0.13,15.75,973,2.28,110,Normal
2023-06-01 16:00:00,M-103,63.0,4.95,1531,123.71,49.0,200.33,44.69,1.03,0.0146,0.0,33.05,997,5.26,133,Normal
2023-06-01 17:00:00,M-104,67.13,9.37,1493,124.49,42.7,187.4,59.26,3.66,0.0444,1.09,36.66,860,7.33,23,Warning
2023-06-01 18:00:00,M-103,66.1,3.45,1494,120.27,49.66,197.98,44.28,0.76,0.0068,0.11,31.75,999,5.07,94,Normal
2023-06-01 19:00:00,M-104,64.06,5.46,1512,118.79,48.93,198.51,46.34,1.03,0.0096,0.09,12.11,1012,2.26,128,Normal
2023-06-01 20:00:00,M-102,63.96,2.96,1487,120.72,51.99,199.89,46.31,0.79,0.0068,0.0,14.03,953,1.51,171,Normal
2023-06-01 21:00:00,M-104,66.31,5.2,1512,121.69,50.12,200.58,43.73,1.08,0.0095,0.17,18.7,992,3.52,96,Normal
2023-06-01 22:00:00,M-102,62.31,6.44,1510,117.17,49.82,200.81,45.72,1.0,0.0139,0.29,21.51,963,5.37,72,Normal
2023-06-01 23:00:00,M-102,63.61,5.55,1505,122.3,49.93,210.01,44.64,0.91,0.0142,0.11,29.43,1011,4.01,97,Normal
2023-06-02 00:00:00,M-103,65.21,4.83,1510,120.67,47.6,204.97,43.66,1.0,0.0078,0.02,37.58,984,6.38,115,Normal
2023-06-02 01:00:00,M-104,65.2,7.46,1501,119.24,50.09,205.47,44.84,0.44,0.0076,0.51,33.14,892,6.25,43,Normal
2023-06-02 02:00:00,M-104,64.96,4.47,1491,121.7,49.35,199.95,44.07,1.01,0.0148,0.0,26.19,982,3.86,147,Normal
2023-06-02 03:00:00,M-103,87.7,29.82,1320,151.04,30.71,175.43,71.76,10.55,0.0876,7.24,100.0,175,30.05,0,Failure
2023-06-02 04:00:00,M-105,67.3,6.01,1497,117.27,51.54,197.59,44.7,1.41,0.0036,0.43,23.44,964,4.61,56,Normal
2023-06-02 05:00:00,M-104,64.6,3.65,1505,117.95,50.74,203.53,44.7,1.06,0.0085,0.0,24.97,998,3.1,150,Normal
2023-06-02 06:00:00,M-102,61.35,4.76,1508,118.19,50.73,192.52,45.26,1.05,0.0123,0.0,28.07,979,3.83,143,Normal
2023-06-02 07:00:00,M-101,61.96,5.31,1482,120.55,50.22,199.34,46.79,1.02,0.0128,0.06,16.47,1015,2.56,133,Normal
2023-06-02 08:00:00,M-103,65.88,4.47,1495,122.98,49.26,202.06,45.9,0.96,0.0095,0.09,39.73,1008,6.04,89,Normal
2023-06-02 09:00:00,M-102,64.0,4.1,1499,121.17,50.37,199.59,45.32,0.81,0.0128,0.0,14.81,971,2.35,170,Normal
2023-06-02 10:00:00,M-103,65.35,4.12,1519,120.05,50.88,199.96,46.0,0.58,0.0065,0.03,34.67,985,5.15,114,Normal
2023-06-02 11:00:00,M-105,62.34,5.12,1504,115.48,49.96,208.65,45.15,1.1,0.0153,0.02,26.45,1008,3.84,133,Normal
2023-06-02 12:00:00,M-101,68.1,4.88,1508,122.07,50.16,209.79,46.05,0.88,0.0113,0.31,31.31,980,4.85,61,Normal
2023-06-02 13:00:00,M-105,65.96,3.99,1501,116.64,49.3,200.1,46.07,0.7,0.0122,0.1,36.49,987,6.4,91,Normal
2023-06-02 14:00:00,M-101,64.75,4.9,1487,119.5,50.55,192.27,46.02,0.95,0.0112,0.0,13.97,955,2.35,172,Normal
2023-06-02 15:00:00,M-104,65.17,4.17,1508,115.9,48.42,199.42,42.6,0.84,0.0076,0.02,19.53,1028,2.63,150,Normal
2023-06-02 16:00:00,M-103,69.1,3.29,1490,117.99,49.72,206.28,45.53,0.97,0.0101,0.41,39.4,944,6.35,45,Normal
2023-06-02 17:00:00,M-101,67.73,4.81,1500,124.78,50.92,198.57,45.37,1.11,0.0141,0.27,25.12,946,5.13,71,Normal
2023-06-02 18:00:00,M-105,78.05,11.48,1480,131.21,47.08,184.02,56.02,3.34,0.0362,2.6,64.68,707,14.4,6,Warning
2023-06-02 19:00:00,M-101,69.83,8.78,1420,135.18,49.0,195.15,52.02,2.08,0.0371,1.24,45.65,836,9.98,18,Warning
2023-06-02 20:00:00,M-102,65.94,3.75,1494,119.08,51.28,197.49,44.92,0.91,0.0051,0.09,40.88,968,6.23,85,Normal
2023-06-02 21:00:00,M-104,69.49,9.14,1493,123.39,43.39,193.88,54.78,2.43,0.0657,1.28,41.98,805,9.2,18,Warning
2023-06-02 22:00:00,M-104,65.68,1.61,1512,122.06,49.09,207.94,47.06,0.95,0.0121,0.07,22.49,994,3.94,121,Normal
2023-06-02 23:00:00,M-103,65.56,4.42,1475,120.19,50.8,195.28,45.17,1.09,0.0123,0.06,25.46,995,3.43,121,Normal
2023-06-03 00:00:00,M-101,64.05,5.73,1519,117.31,50.61,200.12,46.79,0.82,0.0062,0.15,18.07,981,3.02,103,Normal
2023-06-03 01:00:00,M-101,62.39,3.82,1511,120.57,49.65,197.83,45.7,0.84,0.0093,0.0,20.96,1014,2.77,158,Normal
2023-06-03 02:00:00,M-104,66.15,5.13,1496,123.47,48.85,197.52,44.55,1.06,0.0133,0.14,37.97,956,5.75,79,Normal
2023-06-03 03:00:00,M-105,63.57,5.87,1501,122.01,50.62,183.66,46.07,1.02,0.0112,0.17,15.39,939,2.41,99,Normal
2023-06-03 04:00:00,M-101,73.36,13.19,1517,131.23,44.03,191.51,51.06,2.81,0.0841,2.47,51.77,716,13.39,8,Warning
2023-06-03 05:00:00,M-103,67.37,6.01,1512,123.05,47.69,197.87,43.26,0.65,0.0074,0.44,33.13,938,6.53,48,Normal
2023-06-03 06:00:00,M-101,64.82,3.78,1496,123.1,51.79,202.56,43.41,0.76,0.0108,0.0,31.21,983,3.86,137,Normal
2023-06-03 07:00:00,M-105,88.09,18.47,1275,144.25,32.11,177.35,65.64,7.61,0.1878,5.0,100.0,398,25.04,0,Failure
2023-06-03 08:00:00,M-104,64.88,5.04,1500,119.88,49.32,193.98,45.14,0.9,0.0126,0.01,36.89,1000,6.78,122,Normal
2023-06-03 09:00:00,M-103,65.27,3.97,1497,120.29,51.08,196.41,44.88,0.8,0.0183,0.03,15.91,1007,2.26,151,Normal
2023-06-03 10:00:00,M-104,67.89,5.07,1503,120.7,49.67,199.04,44.89,1.13,0.0054,0.3,19.23,953,3.24,72,Normal
2023-06-03 11:00:00,M-102,65.25,6.39,1504,122.36,50.36,198.4,44.82,1.16,0.0127,0.3,28.3,990,4.86,64,Normal
2023-06-03 12:00:00,M-104,64.76,3.59,1498,117.02,49.68,198.22,46.82,1.32,0.0104,0.0,16.65,1024,3.26,166,Normal
2023-06-03 13:00:00,M-102,64.08,4.62,1506,118.29,48.82,192.18,45.68,1.17,0.0071,0.0,19.55,976,3.37,160,Normal
2023-06-03 14:00:00,M-104,80.87,11.83,1459,134.55,42.12,197.22,56.92,4.47,0.0791,2.95,70.05,647,16.2,4,Warning
2023-06-03 15:00:00,M-103,75.17,10.1,1423,136.62,44.66,209.72,50.97,3.1,0.0532,2.04,47.88,780,10.82,11,Warning
2023-06-03 16:00:00,M-105,61.93,3.44,1509,120.42,50.04,201.04,47.01,1.01,0.0115,0.0,32.11,1041,4.9,135,Normal
2023-06-03 17:00:00,M-101,74.99,11.77,1431,136.91,43.42,187.74,51.03,3.83,0.0819,2.35,67.85,673,15.66,6,Warning
2023-06-03 18:00:00,M-105,66.74,5.34,1493,120.85,49.53,200.62,43.62,0.65,0.0086,0.24,32.93,977,6.34,68,Normal
2023-06-03 19:00:00,M-104,76.04,7.94,1480,131.25,47.37,215.19,58.44,4.09,0.0429,1.69,47.48,799,10.33,13,Warning
2023-06-03 20:00:00,M-104,65.96,3.73,1498,122.54,49.55,195.93,45.36,1.13,0.0078,0.1,16.84,976,2.07,120,Normal
2023-06-03 21:00:00,M-105,68.33,4.95,1498,120.67,50.41,196.57,45.24,1.02,0.0151,0.33,15.26,975,2.95,72,Normal
2023-06-03 22:00:00,M-104,80.68,12.82,1444,127.22,49.98,191.68,50.68,1.29,0.0522,3.13,66.11,626,15.66,5,Warning
2023-06-03 23:00:00,M-105,60.88,6.29,1487,121.45,49.61,207.51,44.75,0.89,0.0144,0.26,28.15,993,5.55,70,Normal
2023-06-04 00:00:00,M-104,61.19,4.7,1504,116.25,49.25,209.98,45.17,0.89,0.0111,0.0,22.18,988,2.89,155,Normal
2023-06-04 01:00:00,M-105,65.79,4.68,1495,116.98,49.46,198.79,44.42,1.13,0.0184,0.08,21.17,989,3.59,119,Normal
2023-06-04 02:00:00,M-104,63.47,6.68,1505,120.29,45.7,190.46,45.73,1.16,0.0063,0.34,44.47,960,6.59,47,Normal
2023-06-04 03:00:00,M-102,70.97,8.33,1417,125.38,48.7,202.16,56.14,3.98,0.0663,1.26,51.54,848,10.72,16,Warning
2023-06-04 04:00:00,M-105,66.18,5.32,1498,119.67,51.32,199.55,44.65,0.85,0.0121,0.18,34.57,967,4.72,75,Normal
2023-06-04 05:00:00,M-105,63.61,5.8,1487,119.74,48.75,195.55,45.35,1.13,0.0152,0.16,15.8,1036,2.59,102,Normal
2023-06-04 06:00:00,M-104,65.45,4.98,1506,117.55,50.3,201.24,44.04,0.88,0.0135,0.04,26.34,971,3.9,124,Normal
2023-06-04 07:00:00,M-104,65.12,3.42,1490,120.73,50.48,209.7,43.95,1.03,0.0077,0.01,27.39,1004,3.86,138,Normal
2023-06-04 08:00:00,M-102,63.13,3.55,1497,118.77,49.98,202.61,47.27,0.91,-0.0011,0.0,14.19,995,2.8,171,Normal
2023-06-04 09:00:00,M-103,77.82,13.27,1453,120.48,40.26,182.68,53.8,4.21,0.0506,2.94,83.25,634,18.22,2,Warning
2023-06-04 10:00:00,M-105,65.17,3.92,1493,121.51,50.2,205.98,45.85,0.92,0.0172,0.02,25.37,1028,3.37,139,Normal
2023-06-04 11:00:00,M-105,62.83,4.82,1497,119.61,49.9,198.39,44.45,0.8,0.0128,0.0,35.02,1023,6.9,129,Normal
2023-06-04 12:00:00,M-101,77.98,12.59,1442,130.34,49.52,182.82,47.35,2.21,0.0258,2.82,79.5,681,18.45,3,Warning
2023-06-04 13:00:00,M-105,62.63,6.14,1501,116.29,51.92,191.35,43.98,0.75,0.0165,0.23,19.63,960,2.82,84,Normal
2023-06-04 14:00:00,M-104,67.27,5.65,1495,121.61,52.08,201.57,46.42,1.17,0.0085,0.36,20.41,961,3.69,65,Normal
2023-06-04 15:00:00,M-104,68.45,3.61,1477,122.5,48.25,205.49,43.58,1.13,0.0063,0.35,26.26,966,5.34,61,Normal
2023-06-04 16:00:00,M-105,76.68,14.41,1504,133.97,41.45,195.23,50.49,2.94,0.0399,3.05,67.22,634,15.46,4,Warning
2023-06-04 17:00:00,M-103,63.23,6.28,1496,119.08,50.54,208.2,44.42,1.23,0.01,0.26,37.44,1007,6.66,61,Normal
2023-06-04 18:00:00,M-101,65.44,4.01,1497,119.28,50.33,192.93,44.46,1.08,0.0065,0.04,21.56,976,3.28,133,Normal
2023-06-04 19:00:00,M-101,63.1,6.66,1486,119.19,50.73,189.29,45.77,0.84,0.0046,0.33,26.87,971,5.04,62,Normal
2023-06-04 20:00:00,M-104,64.28,3.92,1497,122.7,49.1,197.86,44.14,1.19,0.0114,0.0,21.81,1018,2.5,156,Normal
2023-06-04 21:00:00,M-102,78.31,11.52,1450,125.64,43.54,196.37,51.67,2.5,0.0711,2.63,52.24,672,13.12,8,Warning
2023-06-04 22:00:00,M-101,67.41,5.18,1498,118.36,49.37,195.55,43.0,0.84,0.002,0.28,34.22,965,5.96,62,Normal
2023-06-04 23:00:00,M-103,62.2,3.7,1492,123.73,49.56,208.38,45.46,0.95,0.0109,0.0,25.63,1006,4.07,148,Normal
2023-06-05 00:00:00,M-104,66.05,6.01,1506,120.15,49.93,193.95,44.23,0.82,0.0082,0.31,42.83,965,6.55,51,Normal
2023-06-05 01:00:00,M-104,63.12,5.38,1505,118.24,50.43,196.76,46.26,1.1,0.0137,0.08,29.07,1022,4.86,108,Normal
2023-06-05 02:00:00,M-103,64.7,4.57,1511,118.03,51.89,206.51,45.09,1.24,0.0133,0.0,14.54,974,1.52,170,Normal
2023-06-05 03:00:00,M-102,65.33,4.48,1500,118.94,48.43,205.12,44.7,0.91,0.0093,0.03,38.97,982,5.58,107,Normal
2023-06-05 04:00:00,M-101,64.57,5.46,1500,119.72,49.35,204.2,43.75,0.95,0.0157,0.09,24.23,973,4.54,110,Normal
2023-06-05 05:00:00,M-105,64.48,4.31,1505,122.24,49.73,210.1,44.46,0.93,0.0092,0.0,20.6,993,2.52,158,Normal
2023-06-05 06:00:00,M-101,65.22,5.95,1514,121.98,51.55,200.91,44.38,1.24,0.0168,0.21,35.87,993,5.5,69,Normal
2023-06-05 07:00:00,M-101,69.67,4.8,1511,120.52,50.46,198.3,45.2,0.69,0.0155,0.47,20.35,958,4.92,55,Normal
2023-06-05 08:00:00,M-101,59.98,6.54,1500,123.08,51.8,199.23,46.35,0.79,0.0122,0.31,38.21,953,6.05,55,Normal
2023-06-05 09:00:00,M-104,65.71,6.12,1481,119.97,51.0,208.07,46.55,1.19,0.0193,0.29,40.57,984,5.51,54,Normal
2023-06-05 10:00:00,M-104,76.48,13.48,1491,127.93,49.76,181.33,49.72,3.59,0.0752,2.84,80.03,655,17.59,3,Warning
2023-06-05 11:00:00,M-105,62.15,4.54,1472,120.03,50.43,202.46,45.99,1.06,0.0068,0.0,12.23,1025,2.19,175,Normal
2023-06-05 12:00:00,M-103,66.56,4.25,1507,119.54,49.92,200.01,45.13,1.38,0.0077,0.16,29.82,972,4.41,86,Normal
2023-06-05 13:00:00,M-105,66.51,5.61,1502,122.6,50.57,207.03,44.09,1.05,0.0105,0.27,37.99,943,7.13,59,Normal
2023-06-05 14:00:00,M-104,76.39,10.84,1419,128.03,41.63,193.4,52.68,1.6,0.0649,2.31,74.26,736,15.19,5,Warning
2023-06-05 15:00:00,M-101,62.58,4.09,1503,121.75,48.9,202.13,45.37,1.37,0.0216,0.0,15.12,1021,2.62,169,Normal
2023-06-05 16:00:00,M-101,63.36,6.24,1492,119.61,49.16,200.91,45.22,1.15,0.0106,0.25,22.68,971,4.03,77,Normal
2023-06-05 17:00:00,M-101,63.47,3.62,1491,118.71,49.98,196.98,44.07,0.84,-0.0087,0.0,31.04,992,4.67,137,Normal
2023-06-05 18:00:00,M-102,75.7,10.99,1422,127.97,46.81,196.87,52.98,4.01,0.0614,2.27,70.89,710,14.79,5,Warning
2023-06-05 19:00:00,M-102,67.15,3.89,1494,120.42,50.83,205.79,45.3,0.75,0.0153,0.22,27.15,953,4.26,78,Normal
2023-06-05 20:00:00,M-102,65.62,4.22,1501,119.65,50.64,201.63,44.6,0.73,0.0108,0.06,29.63,957,4.23,112,Normal
2023-06-05 21:00:00,M-104,78.13,10.13,1460,132.37,45.69,185.25,55.22,2.5,0.0399,2.34,59.34,686,13.52,7,Warning
2023-06-05 22:00:00,M-105,68.49,5.16,1500,121.35,48.7,196.1,45.53,1.03,0.0064,0.38,42.52,967,6.84,45,Normal
2023-06-05 23:00:00,M-103,65.76,3.99,1510,116.17,49.92,200.54,44.83,0.9,0.0131,0.08,35.49,982,4.72,98,Normal
2023-06-06 00:00:00,M-102,65.23,5.79,1499,119.7,49.68,197.45,45.14,0.64,0.0082,0.18,36.05,989,6.64,74,Normal
2023-06-06 01:00:00,M-101,66.66,6.66,1501,118.79,49.77,201.05,45.2,0.92,0.0099,0.5,46.94,945,7.63,35,Normal
2023-06-06 02:00:00,M-102,65.85,5.48,1502,119.92,49.49,205.02,44.57,1.31,0.0108,0.18,20.11,979,3.58,92,Normal
2023-06-06 03:00:00,M-104,91.64,18.01,1243,148.92,34.64,164.8,63.22,9.63,0.1626,5.27,100.0,381,26.12,0,Failure
2023-06-06 04:00:00,M-104,65.11,5.93,1506,117.04,49.83,190.98,43.18,0.9,0.0094,0.2,40.34,967,6.6,66,Normal
2023-06-06 05:00:00,M-104,62.49,6.15,1491,120.63,48.87,197.78,44.48,1.1,0.0174,0.23,22.75,957,3.42,80,Normal
2023-06-06 06:00:00,M-102,63.55,5.81,1483,121.3,50.34,200.37,45.25,0.94,0.0134,0.16,27.08,971,4.79,88,Normal
2023-06-06 07:00:00,M-104,63.02,4.89,1512,118.29,50.57,196.37,44.05,0.94,0.0045,0.0,11.22,1024,0.27,177,Normal
2023-06-06 08:00:00,M-101,66.26,4.42,1494,122.06,48.67,199.18,45.96,0.86,0.0023,0.13,34.65,1018,5.06,86,Normal
2023-06-06 09:00:00,M-104,71.23,14.0,1260,153.6,37.26,185.87,73.47,7.0,0.1548,2.42,100.0,719,11.7,0,Failure
2023-06-06 10:00:00,M-104,65.79,5.34,1502,120.23,50.34,204.38,45.31,1.02,0.0074,0.15,25.28,1010,3.87,94,Normal
2023-06-06 11:00:00,M-105,63.4,3.35,1496,122.85,50.46,204.1,46.32,1.15,0.0092,0.0,37.8,1023,5.27,124,Normal
2023-06-06 12:00:00,M-103,66.11,6.32,1507,119.51,49.92,197.18,45.72,1.12,0.0083,0.38,19.93,981,3.86,64,Normal
2023-06-06 13:00:00,M-104,63.62,6.1,1502,119.73,50.98,200.76,44.28,1.25,0.0099,0.22,39.72,907,6.54,64,Normal
2023-06-06 14:00:00,M-105,65.11,5.52,1512,119.66,49.49,204.66,43.85,1.05,0.0153,0.12,17.36,994,2.56,113,Normal
2023-06-06 15:00:00,M-104,61.16,5.48,1507,117.79,49.21,199.01,46.92,1.35,0.0154,0.1,38.06,1030,6.44,89,Normal
2023-06-06 16:00:00,M-101,62.14,7.04,1508,117.17,51.54,200.31,44.72,0.89,0.0109,0.41,34.63,967,6.01,49,Normal
2023-06-06 17:00:00,M-104,63.75,4.44,1500,118.58,50.91,196.62,46.56,1.14,0.0035,0.0,27.88,1029,3.52,144,Normal
2023-06-06 18:00:00,M-105,64.84,6.25,1474,121.08,51.03,196.56,46.06,0.96,0.0096,0.25,26.66,964,4.13,73,Normal
2023-06-06 19:00:00,M-104,77.29,15.01,1421,132.6,46.05,191.66,60.24,2.71,0.0312,3.23,73.56,613,17.41,3,Warning
2023-06-06 20:00:00,M-101,65.09,6.34,1514,117.36,49.71,207.08,45.18,0.98,0.0138,0.28,14.52,988,2.8,81,Normal
2023-06-06 21:00:00,M-103,58.98,3.97,1496,118.7,49.8,197.62,44.76,1.16,0.0158,0.0,33.59,996,5.33,132,Normal
2023-06-06 22:00:00,M-104,68.56,6.07,1514,120.51,49.72,197.31,46.75,1.22,0.005,0.57,38.05,951,7.39,37,Normal
2023-06-06 23:00:00,M-103,66.98,3.6,1507,120.59,50.01,199.58,43.1,0.99,0.0139,0.2,19.3,959,3.26,90,Normal
2023-06-07 00:00:00,M-104,65.45,3.82,1494,119.55,52.08,200.61,45.72,1.1,-0.0021,0.05,31.2,986,4.21,116,Normal
2023-06-07 01:00:00,M-102,60.54,4.29,1496,116.74,49.16,203.7,45.26,0.85,0.0162,0.0,30.62,973,4.84,138,Normal
2023-06-07 02:00:00,M-105,72.43,12.36,1462,132.65,42.16,203.05,53.75,2.28,0.0246,2.22,60.2,706,13.17,8,Warning
2023-06-07 03:00:00,M-103,72.81,11.36,1415,126.31,50.6,187.91,52.35,3.24,0.0515,2.05,46.66,792,10.97,11,Warning
2023-06-07 04:00:00,M-104,62.32,5.63,1500,117.16,50.69,195.52,44.85,1.13,0.0052,0.13,23.62,974,2.78,101,Normal
2023-06-07 05:00:00,M-103,66.92,6.51,1511,120.58,49.41,210.84,46.07,0.84,0.0175,0.49,29.67,944,6.1,47,Normal
2023-06-07 06:00:00,M-104,86.78,22.91,1271,142.22,32.0,170.68,64.32,8.53,0.2518,5.76,100.0,296,26.75,0,Failure
2023-06-07 07:00:00,M-103,64.37,5.54,1514,118.56,51.69,194.66,44.61,0.9,0.0161,0.11,35.49,964,6.07,90,Normal
2023-06-07 08:00:00,M-102,65.52,4.17,1505,122.15,50.25,209.55,44.28,1.02,0.0142,0.05,39.15,974,6.85,100,Normal
2023-06-07 09:00:00,M-103,65.64,5.53,1512,119.4,49.15,203.11,44.56,1.31,-0.002,0.17,13.23,970,2.51,103,Normal
2023-06-07 10:00:00,M-101,65.74,4.42,1490,119.55,49.21,203.11,46.53,1.11,0.0009,0.07,17.14,978,3.31,127,Normal
2023-06-07 11:00:00,M-102,65.03,7.36,1507,117.97,52.43,193.46,44.74,1.06,0.0122,0.47,35.78,933,6.38,44,Normal
2023-06-07 12:00:00,M-102,62.95,7.04,1509,120.8,49.83,208.06,44.84,0.66,0.0113,0.41,40.32,926,5.84,45,Normal
2023-06-07 13:00:00,M-101,67.61,3.82,1489,120.71,50.37,197.21,45.83,1.01,0.0027,0.26,15.17,950,2.69,82,Normal
2023-06-07 14:00:00,M-104,61.86,5.94,1499,119.41,50.69,191.29,44.8,1.09,0.0113,0.19,35.26,967,4.83,74,Normal
2023-06-07 15:00:00,M-102,63.8,5.75,1505,121.11,51.06,206.66,43.32,0.93,0.0135,0.15,14.74,998,3.41,106,Normal
2023-06-07 16:00:00,M-101,65.19,5.39,1509,120.81,50.69,190.3,45.46,1.02,0.0119,0.1,28.7,977,4.64,102,Normal
2023-06-07 17:00:00,M-103,65.6,4.84,1486,122.04,49.97,201.07,45.58,0.9,0.0148,0.06,25.99,991,4.0,119,Normal
2023-06-07 18:00:00,M-102,60.68,4.25,1497,119.2,50.72,188.83,44.23,1.16,0.0067,0.0,16.57,975,2.53,166,Normal
2023-06-07 19:00:00,M-105,64.68,4.46,1498,120.6,50.4,200.29,45.94,1.09,0.005,0.0,12.36,993,1.79,175,Normal
2023-06-07 20:00:00,M-101,67.46,4.71,1510,118.49,49.86,197.08,44.98,1.01,0.01,0.25,38.72,968,7.5,61,Normal
2023-06-07 21:00:00,M-101,68.26,2.84,1489,120.16,49.7,203.59,45.66,0.7,0.0159,0.33,20.73,999,3.08,68,Normal
2023-06-07 22:00:00,M-101,66.12,6.15,1507,120.41,49.68,198.36,44.68,0.74,0.0187,0.34,42.06,978,6.34,48,Normal
2023-06-07 23:00:00,M-104,66.2,5.99,1507,117.25,50.82,196.47,42.6,0.97,0.0043,0.32,16.31,961,2.46,73,Normal
2023-06-08 00:00:00,M-103,63.98,4.96,1506,118.08,50.28,195.74,44.99,0.98,0.0118,0.0,24.79,1003,3.92,150,Normal
2023-06-08 01:00:00,M-101,65.91,5.7,1496,118.43,50.28,188.35,42.95,1.3,0.0157,0.23,17.8,958,2.52,85,Normal
2023-06-08 02:00:00,M-105,65.25,4.86,1496,123.18,49.89,195.5,45.98,0.86,0.0095,0.02,28.12,978,5.02,130,Normal
2023-06-08 03:00:00,M-102,72.67,9.95,1481,126.51,42.33,194.87,56.42,2.47,0.0859,1.76,63.8,779,12.29,9,Warning
2023-06-08 04:00:00,M-105,64.19,5.83,1511,118.64,51.77,191.08,43.49,0.91,0.0083,0.17,12.84,974,1.85,104,Normal
2023-06-08 05:00:00,M-101,63.92,4.73,1498,120.53,47.88,199.19,45.47,0.98,0.0086,0.0,18.75,989,3.33,162,Normal
2023-06-08 06:00:00,M-104,64.53,5.48,1508,123.3,50.74,195.59,44.8,0.57,0.0084,0.1,27.32,976,3.24,104,Normal
2023-06-08 07:00:00,M-101,82.86,30.35,1290,148.78,19.37,182.45,72.44,8.31,0.152,6.86,100.0,151,28.34,0,Failure
2023-06-08 08:00:00,M-105,68.07,4.12,1493,120.2,50.94,203.39,44.95,1.06,0.0154,0.31,22.69,963,3.87,69,Normal
2023-06-08 09:00:00,M-101,73.98,11.08,1497,131.32,44.5,209.3,51.03,2.31,0.0281,2.11,56.88,730,13.38,9,Warning
2023-06-08 10:00:00,M-101,66.75,5.8,1499,117.35,50.67,198.78,42.22,1.16,0.0158,0.33,39.28,986,6.47,52,Normal
2023-06-08 11:00:00,M-102,66.36,5.39,1499,121.83,50.43,196.5,43.93,0.68,0.0053,0.21,41.82,974,7.21,62,Normal
2023-06-08 12:00:00,M-102,74.34,11.81,1439,127.71,41.7,193.87,58.74,2.5,0.0873,2.3,71.75,732,15.57,5,Warning
2023-06-08 13:00:00,M-102,65.31,4.25,1487,120.78,50.42,200.38,47.1,0.91,0.0117,0.03,22.74,998,3.46,137,Normal
2023-06-08 14:00:00,M-104,65.86,4.19,1493,121.7,49.39,204.12,44.27,1.08,0.0138,0.09,33.04,936,5.6,99,Normal
2023-06-08 15:00:00,M-104,65.8,5.53,1489,119.87,48.92,197.66,45.02,0.81,0.0035,0.19,18.59,953,3.47,93,Normal
2023-06-08 16:00:00,M-101,63.69,4.88,1485,119.49,49.06,199.66,44.29,0.97,0.0048,0.0,25.62,1019,3.85,148,Normal
2023-06-08 17:00:00,M-103,64.35,4.05,1500,119.26,49.87,194.75,45.09,0.62,0.0087,0.0,35.45,997,6.12,129,Normal
2023-06-08 18:00:00,M-102,66.71,4.23,1480,116.7,52.5,197.01,46.1,0.74,0.0109,0.17,39.15,986,6.21,72,Normal
2023-06-08 19:00:00,M-102,63.45,6.81,1506,120.66,49.2,211.95,44.27,1.01,0.0103,0.36,20.0,929,3.94,65,Normal
2023-06-08 20:00:00,M-104,62.31,5.52,1493,120.69,51.17,196.58,44.53,1.2,0.0135,0.1,18.25,999,2.59,115,Normal
2023-06-08 21:00:00,M-101,64.75,4.77,1496,123.44,49.32,198.86,45.36,0.92,0.0071,0.0,23.54,1006,3.92,152,Normal
2023-06-08 22:00:00,M-104,63.9,5.67,1503,116.95,49.32,204.1,44.87,0.71,0.012,0.13,29.33,972,5.21,92,Normal
2023-06-08 23:00:00,M-105,65.07,4.31,1504,116.46,49.21,203.18,45.88,1.26,0.0094,0.01,11.07,1025,1.48,172,Normal
2023-06-09 00:00:00,M-103,65.77,4.45,1503,118.57,50.9,206.24,45.05,1.27,0.0108,0.08,26.4,1008,4.55,112,Normal
2023-06-09 01:00:00,M-104,65.04,5.8,1489,119.36,49.8,196.41,46.77,1.09,0.0129,0.16,13.3,978,1.75,104,Normal
2023-06-09 02:00:00,M-102,68.49,4.39,1506,118.83,49.03,199.59,47.68,1.16,0.0123,0.35,22.17,947,4.6,64,Normal
2023-06-09 03:00:00,M-105,60.04,4.25,1504,120.18,51.3,206.25,45.93,0.66,0.0092,0.0,35.13,1012,5.26,129,Normal
2023-06-09 04:00:00,M-102,61.95,4.81,1502,121.64,49.08,198.87,44.19,1.22,0.0164,0.0,30.99,1039,5.75,138,Normal
2023-06-09 05:00:00,M-104,66.27,5.24,1493,119.12,48.76,209.89,45.13,1.17,0.0151,0.17,21.04,974,3.1,93,Normal
2023-06-09 06:00:00,M-104,81.68,8.54,1450,123.02,46.01,194.5,57.17,3.47,0.0785,2.38,47.39,703,11.78,10,Warning
2023-06-09 07:00:00,M-105,64.14,5.09,1485,119.93,47.69,203.38,43.71,1.0,0.0174,0.02,12.15,999,0.91,164,Normal
2023-06-09 08:00:00,M-103,73.48,17.22,1452,131.58,44.87,193.8,54.35,3.77,0.0422,3.29,70.25,632,17.18,4,Warning
2023-06-09 09:00:00,M-104,65.54,5.16,1512,120.38,50.33,204.9,43.32,1.14,0.0166,0.09,22.5,1004,3.7,115,Normal
2023-06-09 10:00:00,M-101,62.43,5.19,1488,119.78,48.56,205.47,44.61,1.18,0.0096,0.04,15.82,958,2.76,146,Normal
2023-06-09 11:00:00,M-105,72.42,7.62,1449,129.82,43.5,183.72,58.84,2.41,0.0212,1.27,36.79,846,8.32,20,Warning
2023-06-09 12:00:00,M-101,67.62,5.29,1500,119.22,49.54,202.72,45.14,1.15,0.0127,0.32,18.7,961,3.83,71,Normal
2023-06-09 13:00:00,M-104,87.86,20.87,1299,135.37,35.42,194.39,72.13,11.46,0.1765,5.46,100.0,350,25.85,0,Failure
2023-06-09 14:00:00,M-102,62.8,5.69,1500,116.47,50.38,200.57,44.13,1.03,0.0034,0.14,19.7,969,2.23,103,Normal
2023-06-09 15:00:00,M-104,65.12,3.44,1505,121.67,49.4,201.68,45.73,1.3,0.0081,0.01,27.14,970,3.64,139,Normal
2023-06-09 16:00:00,M-102,72.22,10.66,1449,133.14,41.79,189.36,60.1,3.03,0.0361,1.85,43.17,750,10.65,13,Warning
2023-06-09 17:00:00,M-101,83.14,34.02,1354,154.19,28.06,168.53,68.58,6.19,0.1232,7.62,100.0,100,29.03,0,Failure
2023-06-09 18:00:00,M-105,86.49,18.58,1239,142.15,38.9,155.91,70.06,5.68,0.2064,4.87,100.0,406,24.26,0,Failure
2023-06-09 19:00:00,M-104,68.08,6.43,1513,121.58,49.65,200.02,46.42,0.54,0.0063,0.59,41.13,937,7.24,34,Normal
2023-06-09 20:00:00,M-105,81.33,10.88,1420,134.59,46.13,187.09,55.1,2.62,0.0638,2.81,73.45,696,16.52,4,Warning
2023-06-09 21:00:00,M-103,71.89,14.41,1438,129.43,42.52,190.03,56.78,2.6,0.0357,2.57,69.69,692,15.83,5,Warning
2023-06-09 22:00:00,M-101,77.37,12.0,1502,134.81,43.9,196.06,52.8,2.72,0.0793,2.64,72.86,691,15.69,4,Warning
2023-06-09 23:00:00,M-105,65.99,5.53,1516,120.67,51.74,200.62,45.45,1.23,0.0113,0.2,28.16,945,4.14,79,Normal
2023-06-10 00:00:00,M-102,62.19,5.42,1510,121.22,50.77,212.95,45.53,0.95,0.0094,0.08,31.05,1022,4.59,102,Normal
2023-06-10 01:00:00,M-104,64.65,7.37,1501,121.16,47.71,200.56,44.83,1.02,0.0084,0.47,32.79,917,5.73,46,Normal
2023-06-10 02:00:00,M-105,64.14,6.39,1490,119.28,51.19,201.71,43.78,1.04,0.0092,0.28,39.32,967,6.54,57,Normal
2023-06-10 03:00:00,M-105,66.48,4.27,1489,119.82,51.55,195.08,44.56,0.76,0.0062,0.15,27.04,979,4.28,91,Normal
2023-06-10 04:00:00,M-103,77.65,4.01,1466,131.57,46.49,174.57,55.88,2.46,0.082,1.26,39.71,855,9.11,19,Warning
2023-06-10 05:00:00,M-104,64.19,4.27,1485,120.07,49.71,205.36,45.35,0.6,0.0097,0.0,18.92,1006,2.72,162,Normal
2023-06-10 06:00:00,M-103,63.94,6.01,1505,121.94,51.88,187.09,45.75,1.09,0.0122,0.2,39.74,980,6.51,66,Normal
2023-06-10 07:00:00,M-105,65.39,5.52,1492,118.74,50.46,198.16,44.95,0.5,0.0134,0.14,35.21,1009,5.88,82,Normal
2023-06-10 08:00:00,M-102,63.94,5.3,1512,119.34,51.31,205.59,44.29,0.78,0.0108,0.06,25.6,968,3.29,120,Normal
2023-06-10 09:00:00,M-105,59.91,5.29,1500,121.07,47.14,190.83,44.55,1.18,0.0009,0.06,23.43,1001,3.51,124,Normal
2023-06-10 10:00:00,M-101,65.1,3.63,1496,121.79,49.74,205.93,44.55,1.14,0.0011,0.01,16.61,994,1.61,160,Normal
2023-06-10 11:00:00,M-103,63.27,5.69,1507,116.63,51.66,204.2,47.08,1.22,0.0195,0.14,22.87,991,3.32,99,Normal
2023-06-10 12:00:00,M-102,60.46,5.28,1502,117.77,49.73,201.88,43.22,0.74,0.0092,0.06,25.21,976,3.89,122,Normal
2023-06-10 13:00:00,M-105,64.07,4.52,1501,119.09,51.08,196.31,44.18,0.85,0.0109,0.0,39.46,1003,5.64,121,Normal
2023-06-10 14:00:00,M-102,64.65,10.52,1459,128.94,43.58,191.25,57.97,3.54,0.0349,1.1,32.48,838,7.8,24,Warning
2023-06-10 15:00:00,M-103,67.34,5.2,1495,119.49,50.09,210.54,46.02,1.18,0.0092,0.27,34.26,957,5.59,62,Normal
2023-06-10 16:00:00,M-105,63.92,3.62,1511,119.76,51.43,197.76,44.7,0.77,0.0084,0.0,12.47,975,1.97,175,Normal
2023-06-10 17:00:00,M-101,77.76,10.74,1415,122.4,48.25,183.48,56.55,1.41,0.0814,2.42,48.17,764,12.24,9,Warning
2023-06-10 18:00:00,M-103,68.51,2.87,1499,118.96,48.08,194.38,44.53,1.09,0.0104,0.35,35.88,931,6.1,53,Normal
2023-06-10 19:00:00,M-103,64.19,6.03,1491,122.52,49.88,205.86,44.63,1.16,0.0127,0.21,24.13,974,4.71,83,Normal
2023-06-10 20:00:00,M-101,63.67,6.27,1489,119.44,50.8,201.5,45.17,1.22,0.0113,0.25,32.08,958,5.41,67,Normal
2023-06-10 21:00:00,M-105,64.75,4.78,1492,119.84,49.51,197.96,45.59,0.71,0.0004,0.0,31.06,980,5.05,137,Normal
2023-06-10 22:00:00,M-104,66.1,5.17,1500,120.35,50.42,198.87,44.82,1.12,0.0043,0.14,21.76,956,4.87,99,Normal
2023-06-10 23:00:00,M-102,77.12,6.46,1402,130.4,45.5,184.91,60.07,2.11,0.0686,1.5,48.37,835,11.46,14,Warning
2023-06-11 00:00:00,M-105,61.18,5.51,1520,122.0,51.01,192.81,45.79,1.05,0.0139,0.1,25.06,967,3.77,106,Normal
2023-06-11 01:00:00,M-105,71.87,11.52,1438,129.64,47.71,191.02,53.22,2.35,0.0393,1.99,61.78,722,13.7,8,Warning
2023-06-11 02:00:00,M-102,67.38,5.33,1510,120.35,50.57,204.95,46.91,1.21,0.0122,0.3,29.37,936,5.45,63,Normal
2023-06-11 03:00:00,M-103,64.47,6.36,1497,121.36,49.61,200.37,46.27,0.93,-0.0052,0.27,42.91,952,7.72,54,Normal
2023-06-11 04:00:00,M-105,64.79,4.51,1494,123.39,49.45,192.3,45.13,1.2,0.0162,0.0,28.36,976,3.22,143,Normal
2023-06-11 05:00:00,M-104,67.29,5.19,1493,116.7,48.14,196.16,44.18,0.98,0.0174,0.27,32.51,966,4.64,65,Normal
2023-06-11 06:00:00,M-102,64.59,3.88,1503,121.77,49.39,202.68,44.4,0.62,0.0123,0.0,26.54,1041,3.94,146,Normal
2023-06-11 07:00:00,M-105,62.56,5.04,1513,119.24,48.68,197.2,45.39,1.09,0.0104,0.01,29.11,989,4.32,137,Normal
2023-06-11 08:00:00,M-103,65.89,5.67,1507,119.41,49.38,209.82,45.14,0.95,0.0026,0.22,21.99,954,3.78,82,Normal
2023-06-11 09:00:00,M-102,62.67,6.41,1485,119.52,49.58,201.5,44.2,1.05,0.0057,0.28,15.49,945,2.78,79,Normal
2023-06-11 10:00:00,M-104,66.46,4.68,1503,119.1,51.32,198.21,44.8,0.91,0.0063,0.15,29.14,1023,5.28,89,Normal
2023-06-11 11:00:00,M-101,61.64,4.94,1493,123.05,50.77,198.56,45.53,1.06,0.0135,0.0,24.3,996,3.3,151,Normal
2023-06-11 12:00:00,M-102,63.35,4.68,1489,120.3,49.24,199.78,47.17,1.25,0.013,0.0,15.24,1036,2.47,169,Normal
2023-06-11 13:00:00,M-104,63.57,5.16,1509,117.97,50.42,199.5,45.96,1.22,0.0103,0.03,29.27,996,4.34,125,Normal
2023-06-11 14:00:00,M-105,69.71,6.73,1507,119.31,50.16,190.45,45.93,0.49,0.0085,0.82,30.62,932,5.42,32,Normal
2023-06-11 15:00:00,M-105,67.83,5.25,1498,117.18,50.17,205.24,45.59,1.11,0.0172,0.33,36.23,990,6.15,54,Normal
2023-06-11 16:00:00,M-104,82.5,14.55,1433,136.21,43.8,182.14,52.31,4.23,0.0624,3.66,83.81,581,19.44,2,Warning
2023-06-11 17:00:00,M-105,66.28,6.11,1495,121.14,48.8,210.96,44.26,0.94,0.0093,0.35,20.44,959,3.99,66,Normal
2023-06-11 18:00:00,M-104,82.82,22.6,1324,135.83,26.65,156.03,74.4,7.75,0.1299,5.3,100.0,402,26.12,0,Failure
2023-06-11 19:00:00,M-104,66.45,4.31,1496,118.5,50.36,192.27,44.78,0.93,-0.0002,0.15,17.33,988,3.23,104,Normal
2023-06-11 20:00:00,M-104,75.01,15.15,1454,122.81,43.51,180.74,56.69,4.08,0.0191,3.03,63.93,633,15.65,5,Warning
2023-06-11 21:00:00,M-102,69.83,5.25,1493,121.19,50.75,203.03,45.78,1.19,0.0094,0.53,32.55,933,6.37,43,Normal
2023-06-11 22:00:00,M-104,61.4,4.88,1496,118.93,50.15,206.0,45.45,1.13,0.0046,0.0,27.02,989,4.43,145,Normal
2023-06-11 23:00:00,M-102,88.82,15.61,1305,149.84,26.67,185.83,66.56,5.27,0.1358,4.5,100.0,473,22.28,0,Failure
2023-06-12 00:00:00,M-105,74.78,12.8,1468,131.33,42.45,194.17,57.46,3.36,0.0626,2.54,52.93,709,13.12,8,Warning
2023-06-12 01:00:00,M-101,62.29,5.63,1501,116.22,49.7,200.62,44.28,1.06,0.0086,0.13,24.72,1005,4.1,99,Normal
2023-06-12 02:00:00,M-104,66.31,7.46,1516,122.98,50.84,195.53,45.29,1.45,0.0125,0.62,23.53,908,5.25,43,Normal
2023-06-12 03:00:00,M-102,76.27,10.72,1426,125.93,47.38,197.55,54.25,5.33,0.0452,2.27,54.39,726,12.5,9,Warning
2023-06-12 04:00:00,M-103,74.76,11.41,1445,131.44,39.98,195.67,54.04,2.4,0.0127,2.26,62.6,723,13.59,7,Warning
2023-06-12 05:00:00,M-101,64.94,7.04,1499,120.9,48.52,195.82,44.3,0.89,0.0151,0.41,26.8,940,5.14,55,Normal
2023-06-12 06:00:00,M-104,64.98,4.04,1492,119.87,49.98,206.28,45.93,1.11,0.0093,0.0,10.75,991,0.25,178,Normal
2023-06-12 07:00:00,M-103,62.56,4.96,1499,118.37,48.98,206.93,45.99,1.23,0.0069,0.0,14.37,1014,0.87,171,Normal
2023-06-12 08:00:00,M-101,66.54,4.09,1516,119.22,50.51,196.61,46.49,1.06,0.0205,0.15,19.78,1005,3.65,99,Normal
2023-06-12 09:00:00,M-101,65.97,3.8,1503,119.28,50.58,199.57,44.43,1.46,0.0063,0.1,36.73,993,5.98,91,Normal
2023-06-12 10:00:00,M-103,61.57,4.17,1516,121.57,48.38,202.35,44.17,0.58,0.0183,0.0,15.16,1001,2.66,169,Normal
2023-06-12 11:00:00,M-104,65.2,4.38,1488,116.93,48.53,191.95,46.52,0.96,0.0202,0.02,12.13,1004,1.09,162,Normal
2023-06-12 12:00:00,M-102,63.25,4.69,1492,121.72,50.51,201.24,46.05,1.05,0.0109,0.0,16.8,997,2.73,166,Normal
2023-06-12 13:00:00,M-105,64.4,6.39,1502,121.1,51.13,202.94,44.05,1.14,0.0113,0.28,38.87,952,6.95,57,Normal
2023-06-12 14:00:00,M-103,74.76,12.51,1434,127.32,43.28,188.98,60.24,2.91,0.0598,2.48,61.01,703,14.1,7,Warning
2023-06-12 15:00:00,M-102,64.37,5.73,1490,121.99,49.23,206.74,44.63,0.84,0.0105,0.15,36.49,951,5.23,80,Normal
2023-06-12 16:00:00,M-104,67.57,5.58,1514,118.05,50.96,196.29,42.6,1.18,0.01,0.37,33.99,974,5.85,52,Normal
2023-06-12 17:00:00,M-105,65.66,4.58,1513,119.81,50.65,186.29,45.13,0.93,0.0104,0.07,37.19,968,5.62,99,Normal
2023-06-12 18:00:00,M-101,65.78,6.74,1504,120.43,49.61,194.65,45.02,1.01,0.0003,0.43,20.82,934,3.9,58,Normal
2023-06-12 19:00:00,M-105,63.29,5.11,1512,116.17,49.48,200.6,46.56,0.7,0.0143,0.02,24.25,994,3.76,138,Normal
2023-06-12 20:00:00,M-104,71.02,11.03,1469,130.49,48.06,203.23,57.66,1.41,0.0443,1.81,44.39,800,9.11,13,Warning
2023-06-12 21:00:00,M-104,64.28,4.09,1499,122.0,49.5,202.06,44.91,0.82,0.017,0.0,19.07,1016,2.31,161,Normal
2023-06-12 22:00:00,M-105,67.26,5.36,1503,117.6,50.2,194.39,45.04,0.93,0.007,0.3,35.16,964,6.84,59,Normal
2023-06-12 23:00:00,M-102,67.27,6.78,1502,121.63,50.05,200.28,45.11,1.08,0.0104,0.58,42.95,957,7.89,34,Normal
2023-06-13 00:00:00,M-104,67.84,4.14,1490,122.21,48.93,194.13,45.21,0.99,0.0108,0.28,15.64,976,2.77,78,Normal
2023-06-13 01:00:00,M-104,62.35,4.41,1505,123.17,50.05,205.16,45.72,0.88,0.0147,0.0,11.16,1022,1.43,177,Normal
2023-06-13 02:00:00,M-103,66.66,5.03,1501,120.43,50.26,203.23,44.9,0.62,0.0134,0.17,22.88,990,4.36,91,Normal
2023-06-13 03:00:00,M-105,63.27,5.14,1519,123.64,49.08,193.04,45.35,1.14,0.0136,0.03,14.65,1007,2.39,153,Normal
2023-06-13 04:00:00,M-104,63.26,4.15,1501,123.01,49.41,197.98,45.32,1.13,0.0126,0.0,35.49,1000,5.34,129,Normal
2023-06-13 05:00:00,M-104,62.35,6.22,1499,119.68,48.84,202.55,45.16,1.02,0.0147,0.24,35.99,991,6.05,64,Normal
2023-06-13 06:00:00,M-101,80.79,13.76,1240,153.7,30.32,145.19,69.6,8.15,0.1519,3.33,100.0,612,19.3,0,Failure
2023-06-13 07:00:00,M-104,62.39,5.29,1505,121.38,49.75,204.93,45.49,1.02,0.0079,0.06,22.9,963,2.59,124,Normal
2023-06-13 08:00:00,M-101,76.01,10.41,1440,127.34,42.65,192.54,54.85,3.88,0.0516,2.18,52.6,729,11.79,9,Warning
2023-06-13 09:00:00,M-101,70.14,6.17,1498,120.0,48.61,208.78,44.15,1.01,0.0068,0.75,43.89,919,8.07,28,Normal
2023-06-13 10:00:00,M-103,65.07,3.78,1501,122.99,48.71,192.53,44.88,0.99,0.0135,0.01,18.16,1028,2.01,159,Normal
2023-06-13 11:00:00,M-101,66.97,5.81,1491,120.96,51.18,197.09,46.23,1.03,0.0066,0.36,26.14,973,4.28,60,Normal
2023-06-13 12:00:00,M-101,66.2,6.94,1504,120.8,49.82,198.08,44.74,1.2,0.0033,0.51,34.2,940,6.52,43,Normal
2023-06-13 13:00:00,M-105,63.93,4.46,1488,120.37,49.15,199.74,44.67,0.8,0.0081,0.0,38.21,988,6.22,123,Normal
2023-06-13 14:00:00,M-101,83.44,18.54,1368,143.79,32.19,165.55,71.77,9.92,0.1415,4.55,100.0,436,23.66,0,Failure
2023-06-13 15:00:00,M-105,66.42,4.97,1491,120.98,49.35,206.35,45.9,1.0,0.006,0.14,37.99,992,6.38,79,Normal
2023-06-13 16:00:00,M-104,63.67,4.08,1510,114.65,49.33,193.02,46.06,1.27,0.0064,0.0,39.02,1055,5.92,121,Normal
2023-06-13 17:00:00,M-101,62.75,4.58,1512,120.94,50.28,195.64,44.2,0.79,0.0008,0.0,36.2,994,5.23,127,Normal
2023-06-13 18:00:00,M-105,61.72,5.47,1512,118.68,51.66,204.34,43.95,0.87,0.0084,0.09,25.54,985,4.23,108,Normal
2023-06-13 19:00:00,M-101,66.68,5.49,1499,122.36,50.43,199.27,44.87,0.82,0.0052,0.27,23.56,958,3.54,73,Normal
2023-06-13 20:00:00,M-102,63.14,3.9,1491,121.79,51.04,201.36,45.21,0.87,-0.0004,0.0,13.02,1002,1.36,173,Normal
2023-06-13 21:00:00,M-105,67.2,6.26,1490,119.69,50.42,200.34,44.07,0.81,0.0038,0.47,29.08,963,5.64,49,Normal
2023-06-13 22:00:00,M-105,65.65,5.12,1503,121.31,50.39,201.07,45.01,1.27,0.0087,0.09,12.23,989,2.19,129,Normal
2023-06-13 23:00:00,M-104,68.23,4.14,1499,118.41,50.25,202.63,47.3,0.81,0.0166,0.32,35.35,952,5.67,56,Normal
2023-06-14 00:00:00,M-104,85.88,7.63,1477,127.57,42.57,194.3,53.64,4.59,0.022,2.62,74.78,697,16.38,4,Warning
2023-06-14 01:00:00,M-101,64.42,6.11,1501,117.19,50.38,201.41,46.05,1.07,0.0025,0.22,35.05,997,6.28,68,Normal
2023-06-14 02:00:00,M-102,64.21,5.09,1508,116.84,50.65,206.29,44.95,1.16,0.0072,0.02,37.28,998,5.3,116,Normal
2023-06-14 03:00:00,M-105,63.44,7.12,1497,116.03,49.21,202.87,45.05,0.98,0.0111,0.42,35.96,972,6.71,47,Normal
2023-06-14 04:00:00,M-103,65.2,4.0,1492,121.26,48.86,197.09,45.51,0.87,0.0171,0.02,25.11,976,4.32,138,Normal
2023-06-14 05:00:00,M-101,64.85,3.72,1506,120.95,49.3,194.27,44.99,1.05,0.0108,0.0,30.24,1000,5.13,139,Normal
2023-06-14 06:00:00,M-103,60.85,3.61,1505,116.45,50.5,196.1,46.18,1.03,0.0018,0.0,20.72,1018,3.76,158,Normal
2023-06-14 07:00:00,M-103,66.88,5.24,1491,124.86,50.83,196.54,45.05,0.71,0.0106,0.24,26.03,962,5.57,76,Normal
2023-06-14 08:00:00,M-102,67.15,5.07,1500,118.47,50.33,208.29,46.4,1.07,0.0057,0.23,23.12,1007,3.31,80,Normal
2023-06-14 09:00:00,M-104,68.57,6.12,1496,122.15,48.63,201.52,45.93,0.89,0.01,0.58,32.79,940,6.66,40,Normal
2023-06-14 10:00:00,M-101,66.44,3.97,1488,116.64,49.9,192.51,43.83,1.21,0.0145,0.14,23.33,1012,4.19,97,Normal
2023-06-14 11:00:00,M-103,64.16,6.63,1493,118.29,50.02,198.65,43.84,0.98,0.0113,0.33,24.81,977,5.7,65,Normal
2023-06-14 12:00:00,M-101,65.03,6.93,1486,120.74,50.7,201.71,46.1,0.87,0.0142,0.39,27.77,964,4.67,56,Normal
2023-06-14 13:00:00,M-101,67.23,4.34,1488,119.4,49.75,195.08,44.62,0.89,0.01,0.22,24.11,984,4.02,80,Normal
2023-06-14 14:00:00,M-104,73.33,9.67,1430,135.12,48.83,185.88,54.54,1.3,0.0464,1.77,61.12,759,12.07,9,Warning
2023-06-14 15:00:00,M-103,61.95,3.94,1488,121.72,49.79,200.33,44.75,0.96,0.0147,0.0,20.16,1020,3.92,159,Normal
2023-06-14 16:00:00,M-101,64.28,4.53,1514,120.34,50.9,196.89,44.27,0.93,0.0134,0.0,22.43,1001,1.92,155,Normal
2023-06-14 17:00:00,M-102,66.82,3.53,1497,119.78,47.27,196.93,45.42,1.37,0.0141,0.18,34.05,996,4.39,76,Normal
2023-06-14 18:00:00,M-105,60.94,4.57,1503,119.54,47.88,209.25,44.16,0.73,0.0098,0.0,18.64,1023,2.16,162,Normal
2023-06-14 19:00:00,M-105,68.87,4.05,1498,118.58,49.48,204.17,46.05,1.13,0.0148,0.39,37.01,943,5.78,49,Normal
2023-06-14 20:00:00,M-104,74.15,11.3,1439,134.01,47.64,193.25,56.08,2.44,0.0566,2.17,58.6,713,14.13,8,Warning
2023-06-14 21:00:00,M-103,66.58,4.54,1507,116.09,50.66,201.83,45.08,0.84,0.014,0.16,34.98,961,6.09,79,Normal
2023-06-14 22:00:00,M-104,64.16,5.9,1505,117.5,51.06,200.44,42.86,0.83,0.008,0.18,22.61,955,3.62,90,Normal
2023-06-14 23:00:00,M-101,67.17,5.64,1509,121.33,49.04,208.47,45.74,1.36,0.0184,0.35,30.5,956,5.02,58,Normal
2023-06-15 00:00:00,M-104,64.09,4.86,1504,119.95,50.33,193.38,43.42,0.76,0.0179,0.0,26.69,974,3.74,146,Normal
2023-06-15 01:00:00,M-101,67.73,4.78,1496,119.48,51.08,197.14,45.11,0.9,0.0079,0.27,22.1,994,3.86,74,Normal
2023-06-15 02:00:00,M-105,64.46,3.93,1520,120.1,50.61,203.82,44.93,0.84,0.011,0.0,12.31,985,1.79,175,Normal
2023-06-15 03:00:00,M-102,64.52,5.14,1502,122.18,50.78,204.76,44.65,1.06,0.0187,0.03,16.67,994,2.62,149,Normal
2023-06-15 04:00:00,M-102,64.57,5.84,1506,122.01,51.11,198.92,46.96,0.98,0.0075,0.17,17.2,986,2.87,98,Normal
2023-06-15 05:00:00,M-104,65.09,5.63,1497,121.68,50.15,205.07,43.59,0.88,0.0083,0.13,36.08,992,5.49,83,Normal
2023-06-15 06:00:00,M-105,64.78,4.11,1495,120.19,50.49,195.89,44.36,1.05,0.0096,0.0,36.62,1002,5.48,126,Normal
2023-06-15 07:00:00,M-102,66.63,3.4,1493,118.92,50.54,205.44,46.98,0.63,0.0049,0.16,42.4,973,6.97,69,Normal
2023-06-15 08:00:00,M-102,63.73,4.26,1490,120.93,49.69,205.71,42.05,1.18,0.0118,0.0,21.08,998,3.99,157,Normal
2023-06-15 09:00:00,M-105,78.57,20.64,1327,144.52,35.62,161.2,74.13,2.66,0.1004,4.48,100.0,500,21.13,0,Failure
2023-06-15 10:00:00,M-105,64.8,3.4,1500,119.35,50.56,203.97,47.52,0.76,0.0007,0.0,18.81,1011,3.29,162,Normal
2023-06-15 11:00:00,M-101,82.14,10.91,1412,124.05,48.11,176.51,55.19,2.82,0.0365,2.9,76.07,635,17.55,3,Warning
2023-06-15 12:00:00,M-105,65.18,7.08,1517,123.92,50.4,198.95,45.28,1.09,0.0119,0.43,24.1,933,4.78,55,Normal
2023-06-15 13:00:00,M-102,63.59,4.53,1494,120.11,52.03,190.91,45.33,1.09,0.0073,0.0,28.98,966,4.25,142,Normal
2023-06-15 14:00:00,M-104,64.89,3.53,1505,118.59,49.39,190.61,45.76,1.24,0.0065,0.0,37.65,996,5.58,124,Normal
2023-06-15 15:00:00,M-103,76.26,11.64,1443,127.54,39.33,204.14,55.59,2.92,0.0686,2.45,56.66,694,13.59,8,Warning
2023-06-15 16:00:00,M-104,86.78,18.46,1243,139.1,30.27,154.91,70.43,6.61,0.1775,4.87,100.0,418,23.64,0,Failure
2023-06-15 17:00:00,M-102,64.81,5.46,1491,121.5,49.27,205.11,45.85,1.22,0.0151,0.09,27.18,1027,4.52,106,Normal
2023-06-15 18:00:00,M-105,63.75,4.35,1498,119.93,49.68,202.7,44.9,0.88,0.008,0.0,17.88,1024,3.81,164,Normal
2023-06-15 19:00:00,M-102,67.73,5.73,1506,118.19,49.02,202.79,46.59,0.8,0.0095,0.42,20.03,954,3.6,59,Normal
2023-06-15 20:00:00,M-105,68.26,4.56,1496,121.85,50.21,202.48,44.92,0.89,0.0083,0.33,41.43,984,7.19,50,Normal
2023-06-15 21:00:00,M-101,67.66,6.17,1497,118.95,50.97,197.73,45.99,0.76,0.0124,0.5,26.95,932,4.21,48,Normal
2023-06-15 22:00:00,M-101,74.79,8.73,1412,130.21,44.76,187.87,51.2,2.61,0.0367,1.73,49.92,794,10.88,12,Warning
2023-06-15 23:00:00,M-105,83.26,27.48,1276,148.9,36.44,171.6,64.32,5.77,0.1405,6.32,100.0,217,27.16,0,Failure
2023-06-16 00:00:00,M-104,65.31,3.95,1506,121.63,48.71,192.78,45.29,1.39,0.0144,0.03,18.4,991,3.0,145,Normal
2023-06-16 01:00:00,M-105,84.34,24.63,1314,144.7,34.45,155.19,70.07,3.02,0.1644,5.86,100.0,311,26.0,0,Failure
2023-06-16 02:00:00,M-103,73.62,3.22,1424,131.72,46.06,192.75,50.96,3.18,0.0305,0.86,45.83,896,8.04,24,Warning
2023-06-16 03:00:00,M-103,62.76,4.89,1506,121.14,51.21,196.22,44.63,1.13,0.0136,0.0,32.99,989,4.6,134,Normal
2023-06-16 04:00:00,M-104,66.13,5.25,1491,120.01,49.45,206.2,44.35,1.3,0.0107,0.16,27.01,945,5.03,88,Normal
2023-06-16 05:00:00,M-103,62.36,4.41,1502,123.2,50.72,201.1,44.41,1.1,0.0122,0.0,33.91,1000,5.05,132,Normal
2023-06-16 06:00:00,M-104,89.69,10.69,1255,136.16,29.0,170.08,62.76,5.11,0.1451,3.61,100.0,534,20.98,0,Failure
2023-06-16 07:00:00,M-103,62.6,4.38,1495,120.32,50.53,201.35,44.19,1.15,0.007,0.0,37.37,1005,4.92,125,Normal
2023-06-16 08:00:00,M-102,64.04,4.77,1487,120.41,50.62,207.83,46.31,0.8,0.0111,0.0,20.41,997,2.67,159,Normal
2023-06-16 09:00:00,M-101,66.71,4.45,1497,115.69,48.38,203.79,44.33,0.61,0.0069,0.17,22.58,990,3.13,91,Normal
2023-06-16 10:00:00,M-101,73.16,10.98,1439,120.25,40.6,182.39,56.85,0.5,0.0608,2.01,54.09,765,11.64,10,Warning
2023-06-16 11:00:00,M-102,62.68,5.61,1517,117.12,49.93,201.52,45.41,0.93,0.0052,0.12,23.76,942,4.79,102,Normal
2023-06-16 12:00:00,M-104,64.69,5.08,1482,119.59,49.93,195.75,44.47,0.85,0.0123,0.02,30.75,998,4.25,130,Normal
2023-06-16 13:00:00,M-105,62.06,3.89,1496,119.56,49.79,210.15,45.25,1.07,0.0103,0.0,38.3,970,5.66,123,Normal
2023-06-16 14:00:00,M-101,60.77,4.57,1493,118.28,49.34,197.21,43.55,0.9,0.0048,0.0,35.06,1015,5.0,129,Normal
2023-06-16 15:00:00,M-104,66.62,5.59,1504,116.47,51.19,207.18,44.7,0.8,0.0038,0.28,16.8,959,2.52,78,Normal
2023-06-16 16:00:00,M-103,79.76,14.58,1277,142.84,40.58,170.99,64.14,5.54,0.1857,3.39,100.0,584,18.49,0,Failure
2023-06-16 17:00:00,M-104,72.18,9.88,1434,128.19,52.39,190.74,60.36,3.82,-0.0006,1.69,55.82,786,11.72,11,Warning
2023-06-16 18:00:00,M-103,64.83,5.5,1494,119.81,50.03,185.17,45.51,1.14,0.0118,0.1,25.79,993,3.84,105,Normal
2023-06-16 19:00:00,M-101,64.89,5.07,1491,117.68,48.71,194.76,44.86,1.06,0.0037,0.01,19.77,999,2.86,152,Normal
2023-06-16 20:00:00,M-103,76.39,15.47,1430,131.73,39.14,182.65,50.63,3.17,0.0262,3.23,59.65,601,16.1,5,Warning
2023-06-16 21:00:00,M-104,64.21,5.13,1504,122.71,49.44,188.48,45.09,1.1,0.0073,0.03,34.46,1007,5.22,118,Normal
2023-06-16 22:00:00,M-101,68.13,4.48,1491,119.82,51.12,200.25,45.23,1.22,0.0147,0.31,37.52,982,6.9,55,Normal
2023-06-16 23:00:00,M-103,68.59,2.86,1482,119.44,50.98,201.44,45.29,0.91,0.0058,0.36,40.9,954,6.73,48,Normal
2023-06-17 00:00:00,M-105,66.46,4.98,1481,118.53,50.85,198.48,46.21,0.76,0.0135,0.15,16.97,981,2.33,104,Normal
2023-06-17 01:00:00,M-102,64.61,3.16,1514,119.76,47.65,198.42,42.43,1.24,0.0054,0.0,37.26,1000,5.22,125,Normal
2023-06-17 02:00:00,M-104,78.65,19.87,1293,131.83,31.44,168.98,80.06,7.74,0.1579,4.34,100.0,513,23.22,0,Failure
2023-06-17 03:00:00,M-101,66.22,3.95,1497,120.82,49.29,211.94,45.72,0.82,0.0148,0.12,14.74,1017,1.7,114,Normal
2023-06-17 04:00:00,M-105,64.06,6.0,1485,119.74,49.23,204.96,45.54,0.83,0.0143,0.2,25.54,943,4.17,82,Normal
2023-06-17 05:00:00,M-102,74.53,25.86,1280,135.46,33.29,158.39,76.44,5.44,0.0838,5.13,100.0,370,24.75,0,Failure
2023-06-17 06:00:00,M-104,64.32,5.96,1510,118.64,52.21,194.74,44.77,0.77,0.0122,0.19,30.11,1033,4.33,79,Normal
2023-06-17 07:00:00,M-103,68.05,5.42,1508,121.65,51.08,193.75,45.81,1.01,0.0129,0.39,40.29,939,6.5,46,Normal
2023-06-17 08:00:00,M-104,67.56,4.71,1513,119.26,50.26,201.19,46.66,1.15,0.0077,0.26,29.82,963,4.98,69,Normal
2023-06-17 09:00:00,M-102,64.45,5.34,1509,117.74,51.72,191.6,44.26,1.39,0.0026,0.07,25.87,979,3.63,116,Normal
2023-06-17 10:00:00,M-105,67.34,4.58,1494,122.03,50.41,199.79,44.51,1.11,0.0078,0.23,33.84,967,5.74,68,Normal
2023-06-17 11:00:00,M-105,61.11,5.61,1504,117.74,49.25,198.22,46.05,0.93,0.0115,0.12,16.93,984,3.22,111,Normal
2023-06-17 12:00:00,M-101,67.17,5.1,1488,119.19,51.2,201.37,44.98,0.97,0.0154,0.24,32.66,991,5.89,69,Normal
2023-06-17 13:00:00,M-101,63.2,6.08,1502,117.34,49.91,194.98,45.39,1.16,0.0156,0.22,32.78,972,4.89,72,Normal
2023-06-17 14:00:00,M-105,77.9,8.72,1432,134.05,45.77,188.39,60.11,2.08,0.0471,2.03,61.37,765,13.2,8,Warning
2023-06-17 15:00:00,M-105,62.5,4.62,1507,120.11,49.03,192.5,44.66,1.04,0.0141,0.0,24.94,985,3.36,150,Normal
2023-06-17 16:00:00,M-103,67.54,6.08,1507,120.63,48.8,204.34,47.2,1.02,0.0107,0.47,31.19,921,6.19,47,Normal
2023-06-17 17:00:00,M-101,77.46,23.31,1303,153.71,22.52,172.55,63.99,7.88,0.0956,4.91,100.0,438,24.61,0,Failure
2023-06-17 18:00:00,M-105,62.52,4.91,1487,119.38,50.72,205.59,44.22,1.09,0.0161,0.0,10.08,1021,1.22,179,Normal
2023-06-17 19:00:00,M-105,73.96,8.85,1469,128.37,44.45,185.84,54.95,3.18,0.039,1.67,50.63,795,10.69,12,Warning
2023-06-17 20:00:00,M-101,75.11,10.62,1514,123.6,44.38,193.06,52.08,4.93,0.089,2.14,70.57,726,15.04,6,Warning
2023-06-17 21:00:00,M-101,78.74,4.88,1413,126.73,47.0,191.19,62.9,1.91,0.0604,1.37,36.02,854,8.88,19,Warning
2023-06-17 22:00:00,M-103,68.83,4.46,1490,120.61,51.64,196.81,44.75,1.17,0.0147,0.38,35.25,948,5.26,51,Normal
2023-06-17 23:00:00,M-104,65.09,5.59,1518,120.13,51.55,204.19,45.86,0.84,0.0224,0.13,37.11,986,5.92,83,Normal
2023-06-18 00:00:00,M-105,70.91,5.29,1512,121.76,47.95,196.32,44.56,0.7,0.008,0.65,45.98,894,8.23,30,Normal
2023-06-18 01:00:00,M-103,65.73,4.77,1488,116.69,51.31,196.82,44.31,0.7,0.0093,0.07,34.46,1002,5.13,101,Normal
2023-06-18 02:00:00,M-101,74.39,10.87,1428,130.26,42.07,202.38,50.51,2.34,0.0674,2.11,65.34,738,14.11,7,Warning
2023-06-18 03:00:00,M-102,65.75,3.43,1505,121.33,50.27,199.51,44.26,1.07,0.0081,0.08,13.02,1009,2.24,133,Normal
2023-06-18 04:00:00,M-104,63.43,4.52,1497,119.46,51.5,199.48,45.15,1.18,0.018,0.0,28.6,999,4.0,142,Normal
2023-06-18 05:00:00,M-103,65.21,6.25,1478,123.79,50.08,203.79,43.3,0.73,0.0052,0.27,24.0,946,2.98,72,Normal
2023-06-18 06:00:00,M-102,66.42,3.61,1487,119.01,50.81,204.66,45.14,1.2,0.0134,0.14,20.54,974,2.82,101,Normal
2023-06-18 07:00:00,M-105,77.18,15.15,1461,121.04,52.38,194.76,54.28,3.62,0.0922,3.25,60.86,581,16.17,5,Warning
2023-06-18 08:00:00,M-102,80.49,15.8,1178,141.31,27.98,171.46,67.45,4.83,0.0448,3.71,100.0,547,19.4,0,Failure
2023-06-18 09:00:00,M-104,82.27,20.43,1319,145.16,44.66,175.22,71.38,5.85,0.1652,4.81,100.0,412,24.01,0,Failure
2023-06-18 10:00:00,M-102,68.57,5.16,1497,124.17,48.9,207.68,45.81,1.22,0.0091,0.39,41.58,954,6.53,45,Normal
2023-06-18 11:00:00,M-103,64.34,4.91,1516,123.11,49.6,198.08,45.25,0.69,0.0164,0.0,27.65,982,4.2,144,Normal
2023-06-18 12:00:00,M-101,63.22,4.54,1499,119.95,50.79,199.13,44.9,0.72,0.0037,0.0,19.9,1005,2.86,160,Normal
2023-06-18 13:00:00,M-104,77.09,9.16,1460,123.94,47.8,186.34,54.02,4.41,0.0413,2.04,57.96,763,13.13,9,Warning
2023-06-18 14:00:00,M-105,64.76,5.09,1493,119.22,51.25,206.29,44.8,1.1,0.0146,0.02,39.64,988,6.03,112,Normal
2023-06-18 15:00:00,M-103,73.85,14.45,1422,133.66,47.28,180.54,54.33,4.37,0.058,2.77,58.99,665,14.83,6,Warning
2023-06-18 16:00:00,M-102,65.45,4.71,1519,120.81,49.03,188.65,45.24,1.2,0.0193,0.04,12.7,990,1.8,147,Normal
2023-06-18 17:00:00,M-102,78.57,16.9,1316,133.71,31.44,179.78,71.13,6.18,0.1278,3.74,100.0,530,21.73,0,Failure
2023-06-18 18:00:00,M-101,76.51,6.63,1405,126.13,47.55,195.27,58.26,1.49,0.0601,1.48,40.61,811,9.98,17,Warning
2023-06-18 19:00:00,M-105,62.99,5.59,1509,116.01,51.0,201.75,45.64,0.63,0.0137,0.12,35.28,982,4.96,87,Normal
2023-06-18 20:00:00,M-101,66.53,6.29,1487,119.18,51.2,199.37,42.98,0.9,0.014,0.41,45.22,976,7.85,41,Normal
2023-06-18 21:00:00,M-105,65.1,5.72,1495,122.21,49.47,200.96,45.67,1.04,-0.0017,0.15,38.53,987,6.43,75,Normal
2023-06-18 22:00:00,M-101,67.84,5.7,1495,122.81,50.46,199.3,43.65,1.05,0.0192,0.42,46.02,894,7.83,40,Normal
2023-06-18 23:00:00,M-105,68.62,5.82,1498,117.35,51.34,191.17,44.72,0.76,0.008,0.53,31.91,935,5.18,43,Normal
2023-06-19 00:00:00,M-101,79.44,11.22,1479,126.23,40.6,187.91,53.28,2.17,0.0339,2.69,55.27,674,13.95,7,Warning
2023-06-19 01:00:00,M-104,61.16,3.96,1511,118.96,50.96,203.59,42.76,0.67,0.0083,0.0,27.61,1008,4.01,144,Normal
2023-06-19 02:00:00,M-101,64.87,3.67,1489,119.3,48.41,195.73,43.8,0.93,0.0075,0.0,21.64,1002,3.15,156,Normal
2023-06-19 03:00:00,M-101,78.64,9.8,1446,133.19,45.46,183.65,50.35,2.16,0.0536,2.32,48.31,720,12.21,10,Warning
2023-06-19 04:00:00,M-104,62.72,3.51,1513,117.9,48.69,194.26,46.09,0.86,0.0031,0.0,37.27,983,4.8,125,Normal
2023-06-19 05:00:00,M-105,64.74,5.7,1512,115.31,49.06,199.64,46.08,0.7,0.0036,0.14,15.7,970,1.85,108,Normal
2023-06-19 06:00:00,M-101,65.14,4.27,1487,119.64,49.5,190.51,45.61,0.85,0.0087,0.01,40.05,993,5.41,113,Normal
2023-06-19 07:00:00,M-101,64.6,4.76,1503,119.27,50.39,200.57,45.68,1.08,0.0082,0.0,29.3,1029,4.05,141,Normal
2023-06-19 08:00:00,M-103,71.25,15.86,1452,133.45,47.02,193.67,51.74,3.96,0.057,2.8,57.85,634,15.01,6,Warning
2023-06-19 09:00:00,M-104,62.21,4.16,1485,118.79,47.86,205.45,45.67,1.04,0.0145,0.0,20.96,1016,3.11,158,Normal
2023-06-19 10:00:00,M-104,64.48,4.85,1518,119.04,50.02,202.15,45.49,1.06,0.0037,0.0,35.45,1003,6.07,129,Normal
2023-06-19 11:00:00,M-105,65.87,4.51,1501,118.94,49.18,203.95,44.5,0.85,0.0109,0.09,18.85,1010,1.95,120,Normal
2023-06-19 12:00:00,M-105,64.77,4.57,1509,119.83,50.0,204.5,47.19,0.91,0.0056,0.0,10.08,980,0.91,179,Normal
2023-06-19 13:00:00,M-104,66.17,5.29,1490,118.99,50.17,202.65,46.36,1.04,0.0098,0.18,17.42,979,2.84,97,Normal
2023-06-19 14:00:00,M-104,71.66,10.84,1420,138.38,44.58,191.8,51.78,1.58,0.0411,1.83,65.9,790,14.25,8,Warning
2023-06-19 15:00:00,M-105,59.76,5.18,1508,120.17,50.21,202.86,45.83,1.12,0.0161,0.04,31.75,986,5.67,119,Normal
2023-06-19 16:00:00,M-101,66.67,3.62,1509,120.11,50.94,208.4,45.8,0.92,0.0046,0.17,39.59,990,5.8,72,Normal
2023-06-19 17:00:00,M-103,64.0,5.18,1499,120.55,50.17,197.52,44.76,0.85,0.0238,0.04,22.44,1002,4.32,135,Normal
2023-06-19 18:00:00,M-101,64.98,4.83,1498,119.63,51.67,202.32,45.26,0.95,0.0186,0.0,28.12,1016,4.39,143,Normal
2023-06-19 19:00:00,M-105,66.83,4.81,1501,121.16,49.51,200.31,43.72,1.25,0.0163,0.18,41.95,953,7.24,67,Normal
2023-06-19 20:00:00,M-105,66.13,6.66,1478,116.33,51.73,196.76,45.11,1.35,0.011,0.44,19.58,980,4.25,57,Normal
2023-06-19 21:00:00,M-102,72.22,8.8,1450,126.39,44.48,185.06,56.75,2.55,0.0396,1.48,51.39,836,10.12,14,Warning
2023-06-19 22:00:00,M-102,65.78,4.35,1494,115.85,50.38,196.59,46.47,0.72,0.007,0.08,32.28,988,3.96,103,Normal
2023-06-19 23:00:00,M-103,68.33,5.51,1487,118.96,48.35,196.11,44.89,1.33,0.0225,0.43,30.45,958,4.66,50,Normal
2023-06-20 00:00:00,M-104,68.32,7.44,1496,118.33,50.81,205.54,45.2,0.58,0.0051,0.82,29.71,909,5.77,32,Normal
2023-06-20 01:00:00,M-104,60.51,5.93,1499,119.43,49.56,202.19,44.34,1.18,0.0081,0.19,26.79,954,4.69,83,Normal
2023-06-20 02:00:00,M-102,65.09,4.12,1486,121.16,48.59,203.4,43.71,0.94,0.0072,0.01,15.73,1021,2.78,162,Normal
2023-06-20 03:00:00,M-101,66.16,2.76,1493,122.88,51.26,193.73,45.9,0.71,0.0058,0.12,40.77,964,6.72,80,Normal
2023-06-20 04:00:00,M-105,70.04,6.2,1505,115.73,50.39,207.91,44.57,1.44,0.0127,0.74,22.68,916,5.05,38,Normal
2023-06-20 05:00:00,M-103,63.64,3.55,1491,120.57,48.74,200.57,42.82,0.93,0.0113,0.0,39.06,985,5.7,121,Normal
2023-06-20 06:00:00,M-105,61.57,4.82,1486,120.33,49.84,197.99,46.05,0.8,0.0008,0.0,27.11,995,4.17,145,Normal
2023-06-20 07:00:00,M-102,63.9,4.55,1492,119.44,48.21,199.39,45.32,0.84,0.0074,0.0,14.13,976,1.92,171,Normal
2023-06-20 08:00:00,M-105,63.17,5.65,1489,122.49,49.78,196.7,45.54,1.01,0.0138,0.13,17.65,944,2.47,108,Normal
2023-06-20 09:00:00,M-103,92.85,31.07,1377,137.63,38.28,132.62,75.35,6.93,0.0589,8.0,100.0,100,30.83,0,Failure
2023-06-20 10:00:00,M-105,66.16,3.54,1500,122.19,51.45,193.73,44.65,0.93,0.0069,0.12,26.23,1004,4.94,100,Normal
2023-06-20 11:00:00,M-102,65.5,5.18,1502,116.23,50.9,197.55,45.03,0.86,0.0034,0.09,12.81,976,1.95,129,Normal
2023-06-20 12:00:00,M-105,72.01,11.58,1443,120.88,40.17,173.05,50.34,3.99,0.0446,2.02,53.09,738,12.64,10,Warning
2023-06-20 13:00:00,M-105,72.38,11.34,1456,128.57,41.39,197.77,53.36,3.57,0.0779,2.0,42.99,733,10.86,12,Warning
2023-06-20 14:00:00,M-104,69.45,5.85,1500,120.37,50.15,199.92,43.93,0.92,0.0028,0.61,46.88,940,7.69,30,Normal
2023-06-20 15:00:00,M-102,64.53,5.39,1490,117.2,48.62,193.38,45.53,1.08,0.0054,0.08,17.51,986,2.12,125,Normal
2023-06-20 16:00:00,M-102,66.12,4.53,1482,121.54,49.21,196.57,46.68,1.08,0.006,0.11,33.29,962,4.8,92,Normal
2023-06-20 17:00:00,M-103,66.34,5.96,1496,118.59,50.5,201.59,44.92,1.36,0.011,0.33,26.29,937,4.79,64,Normal
2023-06-20 18:00:00,M-104,64.87,6.69,1482,115.37,49.89,198.1,44.79,0.95,0.015,0.34,27.47,958,4.16,61,Normal
2023-06-20 19:00:00,M-104,65.22,5.05,1481,119.25,49.89,206.14,44.61,1.07,0.0064,0.03,26.03,1001,4.4,130,Normal
2023-06-20 20:00:00,M-103,72.17,7.92,1485,139.33,43.09,201.02,53.4,3.58,0.0628,1.3,46.29,831,10.58,17,Warning
2023-06-20 21:00:00,M-105,92.85,20.27,1256,132.67,37.23,214.07,71.03,7.69,0.1478,5.84,100.0,310,26.37,0,Failure
2023-06-20 22:00:00,M-105,64.92,6.19,1511,122.17,49.46,201.47,44.03,0.75,0.0159,0.24,15.22,947,2.86,86,Normal
2023-06-20 23:00:00,M-103,68.49,4.49,1493,119.81,49.08,207.65,46.79,1.16,0.0147,0.35,27.76,954,5.2,60,Normal
2023-06-21 00:00:00,M-104,74.92,16.01,1439,128.92,48.45,188.81,57.33,5.67,0.0385,3.19,80.91,613,18.89,2,Warning
2023-06-21 01:00:00,M-101,65.24,3.03,1486,119.84,48.33,213.43,46.3,0.79,0.0144,0.02,21.77,1010,3.13,142,Normal
2023-06-21 02:00:00,M-101,62.96,5.15,1494,116.95,48.72,204.55,44.4,1.25,0.0098,0.03,15.08,969,2.75,151,Normal
2023-06-21 03:00:00,M-102,66.05,3.51,1484,118.71,49.02,195.49,44.54,1.12,0.0086,0.1,23.11,963,3.22,108,Normal
2023-06-21 04:00:00,M-102,66.28,4.24,1518,119.18,49.86,188.48,43.84,0.54,0.0115,0.13,36.02,982,5.37,84,Normal
2023-06-21 05:00:00,M-103,81.18,8.44,1456,128.42,46.38,184.7,50.26,3.11,0.0503,2.31,70.9,726,15.1,5,Warning
2023-06-21 06:00:00,M-104,62.75,4.33,1496,120.43,50.35,199.85,45.19,1.13,0.0131,0.0,25.19,1030,3.95,149,Normal
2023-06-21 07:00:00,M-102,77.22,6.57,1474,142.08,45.86,196.27,58.33,4.8,0.0622,1.54,55.67,784,11.54,12,Warning
2023-06-21 08:00:00,M-101,65.98,5.39,1491,119.18,49.57,200.5,44.72,1.05,0.0122,0.18,17.95,1004,2.9,96,Normal
2023-06-21 09:00:00,M-101,68.21,5.91,1503,118.49,48.65,200.01,45.15,0.65,0.0124,0.5,25.31,940,3.47,49,Normal
2023-06-21 10:00:00,M-105,66.09,3.58,1502,117.37,49.08,203.16,44.25,1.26,0.0071,0.11,39.75,1009,6.18,83,Normal
2023-06-21 11:00:00,M-103,63.79,3.42,1509,120.32,49.77,209.13,44.0,1.13,0.0203,0.0,19.66,1008,2.37,160,Normal
2023-06-21 12:00:00,M-105,73.07,13.51,1434,121.22,47.66,197.7,55.42,0.89,0.065,2.51,53.53,684,12.83,8,Warning
2023-06-21 13:00:00,M-103,62.18,5.14,1495,121.68,50.07,210.71,44.44,1.23,0.0082,0.03,12.91,994,2.37,156,Normal
2023-06-21 14:00:00,M-101,66.02,4.22,1510,118.68,50.83,205.34,45.58,1.14,0.0227,0.1,40.35,996,6.73,84,Normal
2023-06-21 15:00:00,M-103,68.73,4.05,1500,117.87,49.79,199.26,44.61,1.18,0.0118,0.37,16.98,943,3.75,66,Normal
2023-06-21 16:00:00,M-103,61.7,4.13,1509,115.92,49.91,198.44,43.01,1.34,0.0048,0.0,14.61,1010,1.88,170,Normal
2023-06-21 17:00:00,M-103,73.78,11.29,1445,137.93,42.8,204.67,56.64,1.45,0.0334,2.14,61.35,724,13.46,8,Warning
2023-06-21 18:00:00,M-102,66.82,6.04,1509,119.08,49.89,201.24,45.89,0.79,0.0105,0.39,43.55,990,7.27,44,Normal
2023-06-21 19:00:00,M-101,62.66,4.99,1493,119.64,52.29,201.62,43.89,1.25,0.0167,0.0,14.99,1028,2.01,170,Normal
2023-06-21 20:00:00,M-103,82.64,4.16,1467,136.6,40.33,184.24,53.82,2.27,0.0339,1.76,57.71,780,11.42,10,Warning
2023-06-21 21:00:00,M-101,78.96,13.51,1503,128.14,45.12,191.69,55.42,3.25,0.0436,3.1,84.1,592,18.96,2,Warning
2023-06-21 22:00:00,M-102,64.9,6.01,1514,121.16,49.6,197.55,43.15,1.07,0.0115,0.2,37.38,954,5.9,69,Normal
2023-06-21 23:00:00,M-101,67.55,4.45,1486,117.27,50.24,209.1,44.86,1.15,0.0116,0.25,41.23,961,5.87,58,Normal
2023-06-22 00:00:00,M-102,63.56,5.14,1493,118.59,50.22,199.06,45.18,0.69,0.0091,0.03,13.58,951,2.08,155,Normal
2023-06-22 01:00:00,M-102,63.98,5.31,1491,122.39,50.42,202.72,44.93,0.93,0.0064,0.06,36.35,975,4.81,102,Normal
2023-06-22 02:00:00,M-103,68.88,5.69,1511,116.75,51.06,195.75,45.72,0.93,0.0111,0.53,33.51,914,5.77,42,Normal
2023-06-22 03:00:00,M-105,73.82,12.55,1289,146.31,31.41,175.46,74.47,8.17,0.148,2.39,100.0,696,13.82,0,Failure
2023-06-22 04:00:00,M-105,75.4,11.23,1478,127.37,44.5,183.07,57.42,3.14,0.0445,2.29,50.35,722,13.13,9,Warning
2023-06-22 05:00:00,M-101,64.9,4.52,1502,121.46,51.19,207.35,43.09,0.85,0.0143,0.0,29.82,1005,4.69,140,Normal
2023-06-22 06:00:00,M-102,67.05,4.14,1496,120.94,50.2,203.77,45.64,1.05,-0.003,0.21,32.08,998,4.87,74,Normal
2023-06-22 07:00:00,M-102,65.17,5.31,1494,121.41,49.92,205.46,44.33,0.83,0.009,0.08,12.93,987,1.65,131,Normal
2023-06-22 08:00:00,M-103,64.51,7.77,1490,121.17,48.8,201.71,44.05,1.22,0.0145,0.55,32.97,938,6.14,41,Normal
2023-06-22 09:00:00,M-104,84.3,28.68,1258,135.63,29.78,154.91,72.08,6.4,0.1992,6.67,100.0,209,28.52,0,Failure
2023-06-22 10:00:00,M-102,76.01,6.43,1435,134.52,47.34,172.0,55.6,3.95,0.0608,1.39,45.68,846,9.22,16,Warning
2023-06-22 11:00:00,M-105,65.75,6.19,1504,119.69,49.66,198.44,44.49,0.86,0.0157,0.31,39.18,983,6.86,54,Normal
2023-06-22 12:00:00,M-105,65.51,5.98,1492,119.07,49.04,200.05,44.88,1.17,0.0119,0.25,39.44,983,5.96,60,Normal
2023-06-22 13:00:00,M-102,66.49,4.33,1483,121.49,50.2,200.56,45.76,0.77,0.0052,0.15,32.33,959,4.91,84,Normal
2023-06-22 14:00:00,M-101,68.08,5.16,1497,118.36,50.22,192.05,42.53,0.69,0.0157,0.34,29.53,940,5.22,59,Normal
2023-06-22 15:00:00,M-103,69.38,11.09,1451,126.77,42.77,183.48,52.64,2.07,0.0321,1.66,45.35,794,10.48,14,Warning
2023-06-22 16:00:00,M-105,96.51,25.69,1257,154.7,29.24,167.94,68.77,7.36,0.1029,7.29,100.0,127,29.83,0,Failure
2023-06-22 17:00:00,M-104,64.44,5.15,1495,121.33,50.33,195.71,44.06,1.17,-0.0016,0.03,10.72,1023,1.3,158,Normal
2023-06-22 18:00:00,M-101,65.56,5.39,1516,120.31,50.23,193.01,46.62,0.97,0.0059,0.13,28.28,988,5.4,93,Normal
2023-06-22 19:00:00,M-105,65.67,5.84,1495,119.16,50.11,202.69,45.27,0.8,0.0176,0.23,31.55,948,5.36,70,Normal
2023-06-22 20:00:00,M-105,64.07,5.0,1489,118.84,48.6,197.03,45.51,1.17,0.0062,0.0,10.11,1026,1.87,179,Normal
2023-06-22 21:00:00,M-105,63.45,5.86,1523,119.24,49.8,199.3,44.7,1.03,0.0101,0.17,30.65,978,4.5,81,Normal
2023-06-22 22:00:00,M-105,66.09,5.93,1501,122.77,52.0,194.45,45.12,1.18,0.0018,0.29,32.3,985,6.1,62,Normal
2023-06-22 23:00:00,M-103,66.36,3.66,1503,116.62,50.68,200.91,44.4,1.14,0.0062,0.14,35.37,986,6.13,83,Normal
2023-06-23 00:00:00,M-105,66.26,2.81,1501,122.17,51.25,205.73,45.3,1.08,0.0066,0.13,41.11,1001,6.7,78,Normal
2023-06-23 01:00:00,M-104,66.22,5.68,1488,118.28,50.66,200.46,44.24,1.06,0.0181,0.26,17.39,972,3.33,81,Normal
2023-06-23 02:00:00,M-105,63.81,5.44,1467,119.2,49.99,195.23,45.36,0.92,0.01,0.09,31.7,978,5.12,101,Normal
2023-06-23 03:00:00,M-105,67.42,4.99,1504,117.21,50.52,206.38,43.88,0.67,0.0165,0.24,14.95,964,2.34,86,Normal
2023-06-23 04:00:00,M-102,61.46,5.81,1511,116.19,51.76,208.09,41.93,0.57,0.0093,0.16,28.5,1006,4.49,86,Normal
2023-06-23 05:00:00,M-102,68.52,4.66,1511,118.04,49.34,201.94,45.66,1.04,0.0079,0.35,40.49,939,7.96,49,Normal
2023-06-23 06:00:00,M-102,65.84,5.1,1495,121.82,50.08,200.37,42.51,1.16,0.0091,0.1,29.43,1002,4.87,99,Normal
2023-06-23 07:00:00,M-103,70.09,4.27,1501,119.3,50.9,190.0,43.8,0.8,0.0144,0.51,39.48,935,6.62,39,Normal
2023-06-23 08:00:00,M-104,65.51,5.51,1486,117.04,49.28,201.22,45.12,0.98,0.0133,0.15,19.08,964,3.28,100,Normal
2023-06-23 09:00:00,M-103,66.67,7.32,1483,122.93,49.48,203.52,45.56,1.28,0.0105,0.63,35.98,908,6.8,36,Normal
2023-06-23 10:00:00,M-101,63.67,6.58,1528,121.04,50.83,201.26,45.46,1.11,0.0152,0.32,42.41,992,6.73,50,Normal
2023-06-23 11:00:00,M-101,63.94,5.04,1503,122.38,49.94,198.51,45.32,1.1,0.0074,0.01,35.36,985,5.67,125,Normal
2023-06-23 12:00:00,M-105,59.6,3.2,1500,120.67,49.58,196.54,45.3,0.98,0.0076,0.0,32.49,967,5.34,135,Normal
2023-06-23 13:00:00,M-105,62.89,4.34,1492,121.47,50.5,193.64,43.64,1.11,0.0168,0.0,35.91,1026,5.02,128,Normal
2023-06-23 14:00:00,M-105,66.83,3.81,1503,119.43,50.6,204.0,45.98,1.12,0.0113,0.18,16.4,983,3.21,96,Normal
2023-06-23 15:00:00,M-104,65.99,4.46,1494,118.75,51.15,191.7,43.64,0.88,0.0138,0.1,23.94,982,3.38,109,Normal
2023-06-23 16:00:00,M-104,65.25,5.13,1506,121.63,50.39,200.57,45.88,1.28,0.0066,0.05,39.77,1009,6.03,100,Normal
2023-06-23 17:00:00,M-104,65.86,4.59,1508,119.01,49.24,204.75,43.56,0.88,0.013,0.09,20.19,987,3.14,118,Normal
2023-06-23 18:00:00,M-104,63.17,4.28,1511,119.78,52.13,199.8,44.42,1.19,0.0016,0.0,22.24,1003,3.76,155,Normal
2023-06-23 19:00:00,M-104,64.79,6.8,1494,119.98,50.64,201.89,44.93,1.32,0.0058,0.36,43.41,968,7.04,46,Normal
2023-06-23 20:00:00,M-101,63.98,4.7,1505,117.62,50.82,193.23,45.66,0.95,0.0092,0.0,20.44,938,3.06,159,Normal
2023-06-23 21:00:00,M-101,63.41,5.77,1494,118.42,49.68,204.3,45.24,1.07,0.0134,0.15,39.25,977,6.66,75,Normal
2023-06-23 22:00:00,M-105,66.2,6.92,1501,119.2,51.54,203.34,44.55,1.35,0.004,0.5,43.4,950,7.38,37,Normal
2023-06-23 23:00:00,M-101,65.13,5.35,1507,117.85,50.94,203.16,44.75,1.19,0.0017,0.08,20.87,993,3.02,118,Normal
2023-06-24 00:00:00,M-102,63.86,4.84,1508,121.54,50.47,205.15,45.41,1.29,0.0014,0.0,11.6,998,2.25,176,Normal
2023-06-24 01:00:00,M-101,62.7,4.87,1502,119.47,52.05,198.55,44.61,1.15,0.0106,0.0,21.58,995,4.32,156,Normal
2023-06-24 02:00:00,M-105,64.27,7.32,1508,123.0,50.56,200.41,45.36,1.22,0.0188,0.46,41.08,950,7.6,41,Normal
2023-06-24 03:00:00,M-102,62.52,4.8,1489,119.64,50.45,199.26,44.86,0.73,0.0074,0.0,36.64,1033,5.22,126,Normal
2023-06-24 04:00:00,M-103,65.53,4.61,1497,118.34,50.51,193.21,45.08,0.87,0.0188,0.05,14.75,1004,3.58,140,Normal
2023-06-24 05:00:00,M-103,64.99,5.25,1485,122.08,50.28,195.54,45.69,1.2,0.0065,0.05,30.46,960,4.74,115,Normal
2023-06-24 06:00:00,M-105,83.72,25.64,1375,159.33,33.95,182.36,71.25,6.76,0.1531,6.0,100.0,281,27.66,0,Failure
2023-06-24 07:00:00,M-105,77.9,17.62,1491,133.95,47.28,185.31,50.82,2.29,0.0668,3.81,70.37,536,18.49,3,Warning
2023-06-24 08:00:00,M-101,65.26,4.08,1489,118.22,50.33,192.67,42.78,1.27,0.0049,0.03,11.5,993,1.54,160,Normal
2023-06-24 09:00:00,M-103,71.78,12.88,1452,134.34,42.95,188.36,57.33,2.94,0.0164,2.25,61.84,762,13.74,7,Warning
2023-06-24 10:00:00,M-104,86.94,11.56,1495,135.0,45.8,172.32,53.87,2.66,0.0572,3.5,82.34,575,19.75,2,Warning
2023-06-24 11:00:00,M-105,64.84,4.79,1508,121.76,50.14,195.67,43.31,1.13,0.0149,0.0,27.95,995,4.38,144,Normal
2023-06-24 12:00:00,M-101,60.97,6.25,1490,124.25,49.14,199.08,45.37,0.57,0.0243,0.25,21.49,961,4.25,78,Normal
2023-06-24 13:00:00,M-105,81.91,20.08,1340,153.39,32.71,168.44,77.38,8.75,0.093,4.71,100.0,400,21.84,0,Failure
2023-06-24 14:00:00,M-102,75.88,10.29,1463,124.92,44.28,193.25,58.41,2.41,0.038,2.15,67.64,773,14.39,6,Warning
2023-06-24 15:00:00,M-102,66.62,5.01,1494,118.32,50.72,198.54,44.46,1.09,0.0064,0.16,35.65,968,5.7,77,Normal
2023-06-24 16:00:00,M-102,68.46,3.55,1500,121.28,49.38,204.76,44.46,1.06,0.0094,0.35,24.25,961,4.58,63,Normal
2023-06-24 17:00:00,M-105,61.91,5.32,1495,120.26,49.98,202.78,47.24,1.4,0.0141,0.06,14.87,985,2.45,135,Normal
2023-06-24 18:00:00,M-105,64.58,3.1,1489,118.65,51.21,201.28,44.34,0.63,0.0216,0.0,19.23,1010,3.47,161,Normal
2023-06-24 19:00:00,M-104,63.03,1.79,1519,119.17,49.03,199.44,45.32,0.87,0.0107,0.0,28.12,997,3.87,143,Normal
2023-06-24 20:00:00,M-101,62.74,4.55,1493,120.85,50.31,200.57,43.58,0.97,0.0101,0.0,37.7,1024,5.39,124,Normal
2023-06-24 21:00:00,M-102,68.35,3.88,1503,122.83,48.3,208.18,46.69,0.91,0.0114,0.34,34.44,945,5.42,56,Normal
2023-06-24 22:00:00,M-104,62.43,4.58,1518,118.97,49.62,201.44,45.9,1.25,0.0044,0.0,32.94,998,5.31,134,Normal
2023-06-24 23:00:00,M-104,78.37,17.44,1451,133.66,46.59,184.28,50.9,3.62,0.0638,3.83,100.0,492,22.38,0,Warning
2023-06-25 00:00:00,M-101,67.92,4.53,1483,118.44,51.14,202.6,45.07,1.21,0.0108,0.29,24.33,960,3.73,69,Normal
2023-06-25 01:00:00,M-105,79.29,4.72,1437,136.94,44.83,190.22,57.33,3.53,0.0478,1.43,56.1,854,11.34,13,Warning
2023-06-25 02:00:00,M-103,73.79,17.88,1488,128.0,43.86,178.34,58.67,3.25,0.0665,3.45,70.2,542,17.67,4,Warning
2023-06-25 03:00:00,M-101,66.08,3.88,1499,117.6,51.11,194.68,45.04,1.42,0.0156,0.11,12.58,951,1.95,122,Normal
2023-06-25 04:00:00,M-103,66.69,5.37,1505,120.61,49.91,203.78,44.17,1.32,0.0106,0.24,36.21,986,5.94,64,Normal
2023-06-25 05:00:00,M-104,64.48,4.13,1508,118.36,48.13,195.2,45.15,0.76,0.006,0.0,22.74,962,3.0,154,Normal
2023-06-25 06:00:00,M-104,66.91,6.37,1513,119.94,50.27,205.35,44.77,0.81,0.0071,0.47,17.58,947,3.48,57,Normal
2023-06-25 07:00:00,M-105,62.65,6.62,1488,118.59,48.84,193.09,45.09,0.93,0.0118,0.32,18.55,973,2.59,71,Normal
2023-06-25 08:00:00,M-105,66.09,5.15,1509,121.16,47.99,195.42,46.19,0.75,-0.0037,0.14,15.12,1019,3.14,108,Normal
2023-06-25 09:00:00,M-101,78.66,13.85,1428,129.87,45.09,198.35,54.6,4.36,0.0489,3.14,66.5,626,16.18,4,Warning
2023-06-25 10:00:00,M-102,80.1,22.07,1322,139.6,36.81,169.56,69.78,5.64,0.1999,4.92,100.0,390,23.18,0,Failure
2023-06-25 11:00:00,M-103,65.29,2.99,1479,114.67,49.86,191.78,42.65,0.82,0.0066,0.03,38.07,994,5.77,110,Normal
2023-06-25 12:00:00,M-105,78.82,12.23,1421,127.91,44.61,178.95,57.01,3.97,0.0523,2.83,66.79,679,15.01,5,Warning
2023-06-25 13:00:00,M-105,75.49,20.99,1476,126.5,48.66,191.56,52.55,3.22,0.0427,4.25,100.0,486,22.81,0,Warning
2023-06-25 14:00:00,M-104,66.91,6.12,1498,115.49,50.1,196.68,45.79,0.65,0.0141,0.42,42.7,953,7.66,43,Normal
2023-06-25 15:00:00,M-104,66.15,7.07,1494,119.49,51.41,199.3,44.07,0.7,0.0058,0.53,19.35,971,3.91,51,Normal
2023-06-25 16:00:00,M-104,64.78,4.11,1499,120.34,48.14,201.63,44.55,0.54,0.0077,0.0,14.71,1007,1.65,170,Normal
2023-06-25 17:00:00,M-101,66.04,6.84,1493,121.78,49.89,196.18,45.91,0.68,0.0029,0.47,42.52,978,7.12,39,Normal
2023-06-25 18:00:00,M-104,64.82,6.01,1505,118.46,50.01,199.12,44.01,0.95,0.0157,0.2,34.82,997,5.25,72,Normal
2023-06-25 19:00:00,M-103,67.17,5.22,1500,118.53,49.08,207.09,45.38,1.19,0.0076,0.26,21.5,978,3.57,76,Normal
2023-06-25 20:00:00,M-101,61.92,6.27,1488,117.28,51.22,199.99,44.69,1.31,0.0137,0.25,39.92,960,7.43,59,Normal
2023-06-25 21:00:00,M-102,64.12,3.99,1496,122.34,48.85,202.76,45.42,1.0,0.0081,0.0,17.36,1018,2.03,165,Normal
2023-06-25 22:00:00,M-105,68.44,5.54,1492,121.78,49.95,199.63,44.51,1.02,0.0096,0.45,17.1,897,2.62,59,Normal
2023-06-25 23:00:00,M-102,66.8,7.08,1524,116.1,51.16,196.84,44.89,0.8,0.013,0.6,32.98,878,5.54,39,Normal
2023-06-26 00:00:00,M-104,62.31,4.35,1494,119.86,50.76,196.56,45.49,1.16,0.0158,0.0,13.83,1009,1.56,172,Normal
2023-06-26 01:00:00,M-102,65.13,5.11,1515,121.07,50.56,198.49,41.73,1.0,0.0076,0.04,40.14,973,6.46,104,Normal
2023-06-26 02:00:00,M-105,67.25,6.5,1494,121.82,49.67,210.2,46.44,1.15,0.0152,0.53,30.16,922,5.16,45,Normal
2023-06-26 03:00:00,M-101,65.78,6.0,1511,122.91,50.47,201.86,44.43,0.61,0.007,0.28,29.2,969,5.44,67,Normal
2023-06-26 04:00:00,M-101,65.54,6.45,1494,120.95,49.38,197.32,45.79,0.82,0.004,0.35,23.28,972,4.09,64,Normal
2023-06-26 05:00:00,M-104,63.25,3.98,1496,120.49,50.23,198.43,44.48,1.12,0.0119,0.0,10.66,1003,1.32,178,Normal
2023-06-26 06:00:00,M-101,64.59,5.6,1489,121.02,51.14,195.88,45.4,1.07,0.0129,0.12,29.27,985,5.26,95,Normal
2023-06-26 07:00:00,M-104,65.43,5.2,1504,115.43,50.06,194.46,44.35,0.98,0.0148,0.08,40.13,954,6.3,89,Normal
2023-06-26 08:00:00,M-101,65.08,5.43,1508,120.29,50.36,200.88,45.44,1.0,0.0206,0.09,13.9,1000,2.96,124,Normal
2023-06-26 09:00:00,M-102,66.14,5.12,1470,120.77,49.91,194.63,44.93,0.99,0.01,0.14,40.49,998,6.24,76,Normal
2023-06-26 10:00:00,M-102,65.2,4.94,1509,123.07,50.69,205.06,44.78,1.03,0.0174,0.02,27.26,1008,4.67,134,Normal
2023-06-26 11:00:00,M-104,67.56,3.16,1480,119.03,50.47,198.13,44.8,0.7,0.007,0.26,20.78,951,3.2,78,Normal
2023-06-26 12:00:00,M-105,76.6,6.12,1428,129.5,48.45,188.03,54.54,2.91,0.0135,1.38,54.96,847,10.9,13,Warning
2023-06-26 13:00:00,M-105,68.45,7.06,1511,118.66,49.57,196.1,44.76,1.11,0.0006,0.76,21.6,888,4.81,38,Normal
2023-06-26 14:00:00,M-104,61.73,3.52,1492,118.62,49.22,199.03,44.55,0.73,0.0049,0.0,14.51,1030,2.05,170,Normal
2023-06-26 15:00:00,M-101,84.01,20.67,1241,148.8,33.43,170.49,70.4,5.79,0.1882,5.03,100.0,386,25.15,0,Failure
2023-06-26 16:00:00,M-104,62.56,6.13,1508,119.48,50.85,193.99,43.76,0.68,0.0118,0.23,18.4,977,3.16,85,Normal
2023-06-26 17:00:00,M-104,61.42,4.35,1523,121.2,50.68,197.52,44.9,0.99,0.003,0.0,25.91,1002,4.26,148,Normal
2023-06-26 18:00:00,M-102,63.54,5.47,1495,118.13,49.04,207.96,43.18,1.1,0.0059,0.09,15.02,1024,2.69,123,Normal
2023-06-26 19:00:00,M-105,69.74,10.22,1458,132.41,46.38,197.53,58.43,3.11,0.0486,1.52,51.92,802,10.53,13,Warning
2023-06-26 20:00:00,M-104,66.19,4.81,1487,119.71,50.02,202.97,42.61,1.08,0.0074,0.12,12.19,1001,2.47,119,Normal
2023-06-26 21:00:00,M-101,64.99,4.06,1490,121.7,50.74,206.1,44.76,0.91,0.0046,0.0,16.53,966,2.06,166,Normal
2023-06-26 22:00:00,M-103,67.08,6.15,1480,118.92,50.7,199.47,46.5,1.13,0.0087,0.44,19.06,943,4.64,58,Normal
2023-06-26 23:00:00,M-104,64.53,5.74,1509,120.82,50.91,202.66,44.05,0.55,0.0109,0.15,19.4,977,2.39,101,Normal
2023-06-27 00:00:00,M-103,61.52,6.19,1510,119.68,48.99,192.38,44.3,1.13,0.0061,0.24,28.56,1009,4.59,73,Normal
2023-06-27 01:00:00,M-102,65.64,4.54,1485,120.16,51.81,195.85,44.29,0.95,0.0183,0.06,16.44,965,2.21,133,Normal
2023-06-27 02:00:00,M-102,80.43,15.49,1497,120.46,45.6,190.72,53.31,3.32,0.0436,3.64,79.71,566,20.0,2,Warning
2023-06-27 03:00:00,M-104,65.29,4.84,1500,118.73,50.51,198.9,47.91,0.91,0.0142,0.03,33.13,1033,3.63,119,Normal
2023-06-27 04:00:00,M-102,67.88,2.77,1514,119.03,51.26,201.07,45.45,1.09,0.0079,0.29,43.73,952,6.55,52,Normal
2023-06-27 05:00:00,M-101,64.54,4.22,1494,120.3,49.22,188.84,45.24,1.04,0.0137,0.0,23.23,999,2.94,153,Normal
2023-06-27 06:00:00,M-101,66.53,6.05,1494,115.52,47.37,203.19,44.65,1.4,0.0029,0.36,31.35,963,5.54,56,Normal
2023-06-27 07:00:00,M-102,68.32,2.2,1485,121.57,50.81,195.85,45.82,1.26,0.0128,0.33,40.61,989,6.92,51,Normal
2023-06-27 08:00:00,M-105,63.93,4.1,1484,121.51,49.78,193.29,45.98,0.88,0.0057,0.0,37.99,990,6.26,124,Normal
2023-06-27 09:00:00,M-101,63.29,4.14,1494,122.24,49.33,209.82,45.13,1.09,0.0076,0.0,16.38,1032,2.67,167,Normal
2023-06-27 10:00:00,M-102,80.06,10.69,1446,130.95,44.29,191.42,57.02,2.89,0.0476,2.64,55.43,688,13.57,7,Warning
2023-06-27 11:00:00,M-104,79.06,20.74,1264,144.03,39.58,173.14,66.96,6.9,0.1799,4.55,100.0,467,22.84,0,Failure
2023-06-27 12:00:00,M-105,63.61,6.93,1500,121.12,50.02,205.09,43.94,1.31,0.0112,0.39,16.38,966,3.4,65,Normal
2023-06-27 13:00:00,M-103,63.78,5.43,1480,118.92,49.31,209.52,44.27,0.9,0.0062,0.09,30.73,997,4.61,103,Normal
2023-06-27 14:00:00,M-101,66.32,4.95,1502,120.24,48.96,201.4,43.95,1.12,0.0107,0.13,16.7,940,2.82,108,Normal
2023-06-27 15:00:00,M-103,64.74,5.38,1498,122.48,49.5,204.9,45.76,0.49,0.0025,0.08,32.02,956,5.1,104,Normal
2023-06-27 16:00:00,M-102,66.02,3.22,1504,118.33,49.54,197.84,44.27,0.86,0.008,0.1,39.58,984,6.32,85,Normal
2023-06-27 17:00:00,M-105,63.64,7.39,1515,119.46,49.59,199.03,46.5,1.42,0.0002,0.48,39.64,969,6.76,41,Normal
2023-06-27 18:00:00,M-101,66.96,4.42,1523,120.67,49.93,205.55,45.67,1.27,0.017,0.2,16.1,969,2.53,94,Normal
2023-06-27 19:00:00,M-104,65.2,5.32,1488,117.82,49.12,199.36,45.43,1.26,0.0223,0.08,26.65,993,3.94,109,Normal
2023-06-27 20:00:00,M-104,72.49,11.49,1469,128.25,43.49,185.3,55.7,2.82,0.0636,2.05,68.11,761,14.3,6,Warning
2023-06-27 21:00:00,M-104,66.57,6.29,1499,122.45,49.05,201.45,44.62,1.1,-0.0008,0.41,20.49,973,3.88,59,Normal
2023-06-27 22:00:00,M-103,65.91,6.84,1491,122.5,49.52,199.86,44.71,0.82,0.0057,0.46,41.64,944,7.23,41,Normal
2023-06-27 23:00:00,M-102,66.18,5.71,1491,118.73,49.91,197.26,43.34,0.88,0.012,0.26,32.37,959,5.26,66,Normal
2023-06-28 00:00:00,M-104,66.55,4.95,1508,121.45,49.49,196.32,44.67,1.0,0.0117,0.16,14.07,990,3.17,106,Normal
2023-06-28 01:00:00,M-101,64.78,5.54,1493,120.89,50.67,192.68,45.52,0.98,0.0049,0.11,16.71,1020,2.25,116,Normal
2023-06-28 02:00:00,M-102,68.61,5.58,1509,118.58,48.8,198.79,44.38,0.83,0.0111,0.48,45.64,918,7.65,37,Normal
2023-06-28 03:00:00,M-104,66.38,5.55,1497,123.05,48.46,202.03,44.88,1.1,0.0105,0.25,39.75,975,5.56,60,Normal
2023-06-28 04:00:00,M-103,80.32,13.06,1428,128.23,47.66,180.08,57.38,2.63,0.0242,3.14,64.42,626,16.11,5,Warning
2023-06-28 05:00:00,M-102,69.94,13.78,1465,132.54,42.06,191.91,58.91,1.79,0.0536,2.25,72.92,707,15.3,5,Warning
2023-06-28 06:00:00,M-105,64.42,5.12,1522,119.25,50.28,196.59,44.65,0.76,0.0027,0.02,21.78,1024,3.08,142,Normal
2023-06-28 07:00:00,M-103,66.72,5.95,1504,120.4,51.28,197.55,45.56,1.4,0.0162,0.36,29.08,934,4.79,58,Normal
2023-06-28 08:00:00,M-104,64.47,6.29,1495,120.6,48.39,190.87,43.92,1.2,0.0097,0.26,23.78,991,3.85,75,Normal
2023-06-28 09:00:00,M-101,67.97,5.9,1509,121.41,50.44,202.18,45.92,1.12,0.0074,0.48,24.99,914,3.76,51,Normal
2023-06-28 10:00:00,M-102,64.35,4.77,1502,117.3,51.03,204.43,45.67,0.96,0.0063,0.0,38.36,993,5.99,123,Normal
2023-06-28 11:00:00,M-102,65.08,6.41,1494,120.26,49.1,201.75,45.41,1.02,0.0103,0.29,20.95,961,3.91,73,Normal
2023-06-28 12:00:00,M-101,71.53,12.99,1469,126.52,48.95,200.42,55.41,3.37,0.0164,2.25,53.91,719,12.95,9,Warning
2023-06-28 13:00:00,M-105,63.98,5.76,1514,119.47,50.46,197.77,45.07,0.97,0.0148,0.15,37.74,970,5.63,77,Normal
2023-06-28 14:00:00,M-101,69.56,9.92,1421,121.38,51.67,199.86,49.07,1.08,0.0339,1.44,45.62,797,9.22,16,Warning
2023-06-28 15:00:00,M-105,65.53,5.75,1511,119.25,48.15,200.26,46.37,1.31,0.0149,0.2,40.35,948,6.36,65,Normal
2023-06-28 16:00:00,M-101,65.81,6.63,1499,113.97,48.44,205.41,44.41,1.05,0.0157,0.41,30.93,954,5.13,52,Normal
2023-06-28 17:00:00,M-103,65.36,4.87,1492,118.76,49.39,190.97,44.84,1.02,0.0024,0.04,31.03,986,4.61,120,Normal
2023-06-28 18:00:00,M-105,62.26,5.41,1505,120.2,50.04,202.97,44.9,0.82,0.0096,0.08,38.5,982,7.16,92,Normal
2023-06-28 19:00:00,M-104,61.84,5.54,1483,118.29,50.84,189.69,45.3,0.75,0.0097,0.11,36.82,974,5.75,88,Normal
2023-06-28 20:00:00,M-102,66.12,5.16,1487,120.76,52.09,198.99,45.88,0.58,0.0123,0.14,39.44,971,6.72,76,Normal
2023-06-28 21:00:00,M-102,63.71,4.79,1496,115.47,49.24,205.33,47.02,1.19,0.0119,0.0,28.8,972,4.41,142,Normal
2023-06-28 22:00:00,M-101,59.8,5.15,1514,117.5,48.95,201.77,45.48,1.22,0.0182,0.03,15.06,1001,2.22,151,Normal
2023-06-28 23:00:00,M-101,65.74,5.78,1494,121.96,49.51,202.86,43.06,1.15,0.0056,0.23,14.16,962,1.46,89,Normal
2023-06-29 00:00:00,M-102,66.62,4.9,1500,121.52,49.92,192.08,44.43,0.62,0.0088,0.16,37.59,990,7.25,75,Normal
2023-06-29 01:00:00,M-101,67.2,5.21,1517,122.79,49.46,202.5,44.7,1.18,0.0179,0.26,32.44,938,5.45,65,Normal
2023-06-29 02:00:00,M-101,67.14,4.57,1513,123.09,50.62,193.61,44.54,1.27,0.02,0.21,18.09,975,3.97,88,Normal
2023-06-29 03:00:00,M-102,61.23,4.52,1492,123.0,50.72,206.96,45.89,1.24,0.0114,0.0,27.26,1009,4.35,145,Normal
2023-06-29 04:00:00,M-101,66.08,4.47,1504,120.87,49.79,205.11,45.09,1.14,0.0125,0.11,20.49,972,2.99,111,Normal
2023-06-29 05:00:00,M-101,73.0,13.24,1449,135.91,44.37,187.65,52.71,1.81,0.0395,2.45,47.68,714,12.69,9,Warning
2023-06-29 06:00:00,M-103,65.66,6.24,1505,118.03,49.21,201.55,45.14,0.83,0.0153,0.31,21.89,917,2.87,69,Normal
2023-06-29 07:00:00,M-102,67.03,4.66,1506,119.42,50.97,191.67,45.61,1.08,0.0119,0.2,22.19,985,4.3,85,Normal
2023-06-29 08:00:00,M-105,65.79,5.12,1503,120.25,50.83,197.64,45.84,1.11,0.0091,0.1,32.13,1024,4.96,96,Normal
2023-06-29 09:00:00,M-104,66.41,5.0,1496,119.09,50.63,202.26,46.87,0.8,0.005,0.14,25.61,984,3.73,95,Normal
2023-06-29 10:00:00,M-102,65.21,6.33,1486,120.2,50.41,200.67,45.23,0.72,0.0116,0.29,16.02,948,3.0,78,Normal
2023-06-29 11:00:00,M-103,62.55,4.95,1504,119.25,50.95,200.28,44.87,1.01,0.0073,0.0,36.78,1008,5.09,126,Normal
2023-06-29 12:00:00,M-104,65.07,5.6,1494,120.08,51.4,198.53,45.61,1.13,0.0062,0.13,34.46,998,5.65,86,Normal
2023-06-29 13:00:00,M-101,63.51,5.52,1509,120.75,50.75,201.1,46.85,1.08,0.0054,0.1,35.37,977,5.73,91,Normal
2023-06-29 14:00:00,M-104,65.37,4.17,1495,120.71,48.18,208.65,43.67,1.38,0.0058,0.04,36.5,978,5.24,110,Normal
2023-06-29 15:00:00,M-103,63.36,6.77,1503,121.79,52.06,210.13,44.1,1.05,0.0139,0.35,31.03,959,5.02,57,Normal
2023-06-29 16:00:00,M-103,69.38,3.47,1497,120.16,51.34,199.58,44.24,1.01,0.0081,0.44,32.62,967,6.57,48,Normal
2023-06-29 17:00:00,M-102,66.36,3.93,1505,120.42,50.2,194.96,44.74,0.68,0.0161,0.14,19.93,966,3.82,103,Normal
2023-06-29 18:00:00,M-105,65.61,5.97,1502,118.89,49.19,203.86,44.91,1.07,0.0093,0.26,32.11,975,5.45,67,Normal
2023-06-29 19:00:00,M-101,65.02,3.78,1496,123.38,50.57,204.7,44.55,0.66,0.0175,0.0,29.24,985,4.22,140,Normal
2023-06-29 20:00:00,M-105,62.15,3.92,1496,120.83,51.72,194.74,44.0,0.71,0.0129,0.0,18.47,1002,2.45,163,Normal
2023-06-29 21:00:00,M-101,63.37,5.1,1493,120.06,48.92,197.08,44.72,0.93,0.0157,0.02,25.31,986,4.31,138,Normal
2023-06-29 22:00:00,M-104,68.94,3.14,1499,114.9,49.17,208.68,46.14,1.2,0.009,0.39,16.03,985,3.36,65,Normal
2023-06-29 23:00:00,M-102,65.41,5.34,1521,124.01,50.85,210.34,43.9,1.16,0.0143,0.11,28.93,978,5.64,98,Normal
2023-06-30 00:00:00,M-103,88.51,24.3,1280,139.82,43.26,154.67,62.95,5.87,0.0609,6.21,100.0,237,27.29,0,Failure
2023-06-30 01:00:00,M-104,63.08,5.83,1508,119.63,51.54,205.41,44.57,1.11,0.006,0.17,18.43,973,3.4,97,Normal
2023-06-30 02:00:00,M-101,61.99,5.07,1496,121.07,50.7,198.33,45.28,0.96,0.0044,0.01,24.51,982,3.1,143,Normal
2023-06-30 03:00:00,M-105,63.95,6.26,1490,120.79,50.41,193.92,44.73,1.03,0.0086,0.25,40.49,981,6.84,59,Normal
2023-06-30 04:00:00,M-105,67.05,4.96,1490,120.47,49.42,203.27,45.29,1.01,0.008,0.21,22.27,995,3.85,85,Normal
2023-06-30 05:00:00,M-102,67.61,4.52,1490,118.13,50.44,205.38,46.02,0.87,0.0024,0.26,20.31,970,4.31,77,Normal
2023-06-30 06:00:00,M-101,67.83,5.47,1473,117.86,51.0,197.21,46.12,1.41,0.0088,0.38,36.73,942,6.1,50,Normal
2023-06-30 07:00:00,M-105,63.08,4.51,1489,123.26,49.63,199.29,43.45,0.6,0.0185,0.0,14.94,995,3.39,170,Normal
2023-06-30 08:00:00,M-101,65.79,4.97,1486,121.77,49.86,202.77,46.55,0.71,0.0014,0.08,25.2,1001,4.54,113,Normal
2023-06-30 09:00:00,M-104,63.3,5.35,1494,119.01,49.14,206.98,45.45,1.07,0.0102,0.07,34.96,999,4.79,101,Normal
2023-06-30 10:00:00,M-105,66.62,5.26,1511,120.73,49.45,196.24,46.15,0.96,0.0196,0.21,25.09,952,3.92,80,Normal
2023-06-30 11:00:00,M-102,66.13,6.52,1518,123.22,49.24,205.72,44.41,0.81,0.0071,0.42,37.35,975,6.2,47,Normal
2023-06-30 12:00:00,M-103,66.28,4.86,1482,117.86,49.3,198.71,46.13,0.98,-0.0005,0.13,19.52,932,2.94,106,Normal
2023-06-30 13:00:00,M-104,63.84,6.95,1514,119.02,48.64,207.6,45.4,0.77,0.0054,0.39,41.56,955,7.89,45,Normal
2023-06-30 14:00:00,M-101,66.32,4.3,1502,117.67,49.45,198.52,45.14,1.48,0.0228,0.13,23.15,976,3.32,100,Normal
2023-06-30 15:00:00,M-105,86.9,25.07,1382,136.33,34.8,155.54,64.78,7.19,0.192,6.21,100.0,305,27.3,0,Failure
2023-06-30 16:00:00,M-104,64.9,4.36,1497,123.08,51.97,198.9,44.27,0.99,0.0157,0.0,13.52,999,1.98,172,Normal
2023-06-30 17:00:00,M-103,65.09,5.04,1501,120.21,49.94,205.68,46.89,0.66,0.0072,0.02,35.88,953,5.66,120,Normal
2023-06-30 18:00:00,M-103,65.06,4.52,1499,119.9,48.33,204.33,45.11,1.09,0.0141,0.01,16.8,1001,3.31,162,Normal
2023-06-30 19:00:00,M-101,69.53,5.65,1503,119.97,50.37,201.69,46.32,0.96,0.0048,0.58,26.76,929,4.72,43,Normal
2023-06-30 20:00:00,M-104,63.25,4.94,1489,120.1,49.7,196.87,45.29,1.08,0.0098,0.0,19.37,1011,2.86,161,Normal
2023-06-30 21:00:00,M-103,65.67,5.53,1491,118.48,49.97,201.52,45.47,1.19,0.0016,0.17,24.46,998,4.42,89,Normal
2023-06-30 22:00:00,M-102,77.45,13.01,1505,125.7,47.32,183.48,53.18,5.6,0.06,2.85,75.66,695,17.21,3,Warning
2023-06-30 23:00:00,M-103,65.79,3.66,1511,117.22,50.5,187.47,44.78,1.0,0.0132,0.08,22.91,1019,3.56,117,Normal
2023-07-01 00:00:00,M-102,66.22,4.31,1498,122.21,49.38,194.57,45.88,1.22,0.007,0.12,13.11,995,1.16,116,Normal
2023-07-01 01:00:00,M-102,73.33,12.64,1495,124.01,39.83,191.79,51.98,2.93,0.0354,2.36,67.58,735,15.23,6,Warning
2023-07-01 02:00:00,M-102,62.59,4.24,1486,120.85,50.13,191.99,44.35,1.06,0.0106,0.0,39.69,1024,5.94,120,Normal
2023-07-01 03:00:00,M-104,68.3,5.13,1488,121.0,49.63,194.93,44.29,1.22,0.0049,0.36,19.46,937,3.66,66,Normal
2023-07-01 04:00:00,M-102,61.96,3.86,1502,122.25,50.31,196.96,45.42,1.1,0.0066,0.0,39.67,1016,5.82,120,Normal
2023-07-01 05:00:00,M-101,64.07,4.33,1499,116.73,48.84,206.64,45.9,1.03,0.0176,0.0,23.13,1007,3.48,153,Normal
2023-07-01 06:00:00,M-104,66.2,3.99,1500,122.71,50.14,209.75,44.55,0.98,0.0096,0.12,23.7,959,4.24,102,Normal
2023-07-01 07:00:00,M-102,68.37,3.97,1503,123.15,50.1,196.92,46.85,1.2,0.0103,0.34,24.27,929,4.14,64,Normal
2023-07-01 08:00:00,M-102,82.33,8.06,1427,133.92,43.41,185.54,54.41,0.84,0.0724,2.35,48.56,722,11.81,9,Warning
2023-07-01 09:00:00,M-102,63.62,3.21,1487,122.12,49.67,202.07,45.46,1.09,0.0065,0.0,31.51,1033,5.19,136,Normal
2023-07-01 10:00:00,M-105,65.47,5.72,1495,119.56,51.72,197.21,44.37,0.93,0.0073,0.19,38.76,967,6.4,69,Normal
2023-07-01 11:00:00,M-102,67.35,5.62,1500,119.11,48.57,199.68,44.63,1.11,0.0093,0.36,38.38,977,6.25,50,Normal
2023-07-01 12:00:00,M-101,67.51,6.71,1497,118.4,50.65,204.67,45.14,0.96,0.0075,0.59,25.6,928,5.38,44,Normal
2023-07-01 13:00:00,M-104,66.71,5.95,1493,120.23,50.68,200.02,44.1,1.19,0.0091,0.36,31.52,962,5.74,56,Normal
2023-07-01 14:00:00,M-102,65.18,6.53,1488,118.3,47.86,209.88,43.3,1.03,0.0187,0.32,39.07,980,7.25,53,Normal
2023-07-01 15:00:00,M-102,66.04,5.35,1496,116.53,52.18,197.58,45.34,0.84,0.0046,0.17,30.29,980,5.1,82,Normal
2023-07-01 16:00:00,M-103,62.82,6.66,1492,121.33,49.29,210.81,44.43,0.79,0.0077,0.33,19.54,1012,2.75,69,Normal
2023-07-01 17:00:00,M-104,89.3,15.13,1280,149.02,39.58,179.63,72.43,12.14,0.0973,4.46,100.0,471,21.36,0,Failure
2023-07-01 18:00:00,M-102,65.82,5.49,1500,120.65,50.3,206.81,43.73,0.8,0.0104,0.18,17.01,963,3.9,96,Normal
2023-07-01 19:00:00,M-104,67.13,3.82,1498,122.02,49.82,189.76,44.45,1.28,0.0175,0.21,28.03,970,4.49,77,Normal
2023-07-01 20:00:00,M-103,62.12,3.93,1482,119.08,51.19,196.67,46.08,1.01,0.0091,0.0,26.05,966,4.0,147,Normal
2023-07-01 21:00:00,M-102,67.29,5.31,1483,123.86,50.84,201.34,43.62,1.46,0.0129,0.29,30.78,973,5.49,63,Normal
2023-07-01 22:00:00,M-104,64.43,5.8,1521,119.78,47.99,195.7,45.29,0.83,0.0083,0.16,17.85,974,2.6,100,Normal
2023-07-01 23:00:00,M-104,65.83,6.47,1483,119.39,49.84,196.18,46.16,1.23,0.0111,0.38,41.73,941,7.59,46,Normal
2023-07-02 00:00:00,M-104,65.0,2.55,1493,120.35,51.47,209.23,44.66,1.17,0.0093,0.0,30.62,967,4.05,138,Normal
2023-07-02 01:00:00,M-104,65.38,4.47,1498,121.08,50.34,200.17,44.39,0.64,0.0196,0.04,25.07,1032,3.85,130,Normal
2023-07-02 02:00:00,M-101,65.16,5.82,1503,119.03,51.69,200.94,44.29,1.0,0.0171,0.18,31.57,948,5.14,79,Normal
2023-07-02 03:00:00,M-103,65.68,5.29,1502,119.26,52.4,198.0,45.56,1.04,-0.0026,0.13,17.54,987,2.74,109,Normal
2023-07-02 04:00:00,M-102,63.19,3.24,1494,120.37,48.74,195.56,44.37,0.9,0.0115,0.0,15.15,1012,2.49,169,Normal
2023-07-02 05:00:00,M-102,64.71,6.44,1515,118.98,52.09,198.62,44.74,1.14,0.0117,0.29,44.08,966,6.23,52,Normal
2023-07-02 06:00:00,M-104,63.69,3.55,1496,119.82,48.53,200.24,45.39,0.86,0.012,0.0,38.02,1005,5.5,123,Normal
2023-07-02 07:00:00,M-103,64.39,4.14,1496,122.6,50.92,201.92,43.93,0.99,0.0081,0.0,27.3,996,4.49,145,Normal
2023-07-02 08:00:00,M-105,68.5,5.26,1494,119.59,51.23,188.61,46.42,1.05,0.0151,0.4,27.23,916,3.87,55,Normal
2023-07-02 09:00:00,M-103,64.71,4.11,1513,123.69,48.3,200.41,45.27,0.94,0.0068,0.0,23.41,1031,3.25,153,Normal
2023-07-02 10:00:00,M-104,66.94,5.46,1502,119.27,50.74,202.83,44.92,1.04,0.002,0.29,24.09,956,4.6,70,Normal
2023-07-02 11:00:00,M-102,64.24,6.37,1505,119.62,50.08,193.36,44.81,1.03,0.0081,0.27,34.93,955,6.29,61,Normal
2023-07-02 12:00:00,M-105,64.48,4.78,1502,121.25,50.14,206.68,44.63,0.79,0.0067,0.0,17.89,984,2.84,164,Normal
2023-07-02 13:00:00,M-103,64.34,4.38,1479,123.61,49.69,204.07,46.34,1.68,0.0134,0.0,24.01,1006,2.83,151,Normal
2023-07-02 14:00:00,M-104,70.87,11.77,1495,128.17,43.92,169.31,51.07,3.56,0.0835,1.94,56.5,749,13.04,9,Warning
2023-07-02 15:00:00,M-103,65.05,5.96,1505,120.35,50.35,193.41,44.52,0.86,0.0024,0.2,27.93,987,4.93,80,Normal
2023-07-02 16:00:00,M-103,63.17,4.76,1493,119.34,50.04,206.7,46.64,1.03,0.0064,0.0,39.85,1013,5.05,120,Normal
2023-07-02 17:00:00,M-105,66.53,4.04,1497,123.3,49.96,205.14,44.75,1.19,0.0097,0.15,14.3,976,2.51,106,Normal
2023-07-02 18:00:00,M-101,82.25,27.76,1315,142.88,36.55,159.27,68.53,6.89,0.1237,6.28,100.0,277,27.33,0,Failure
2023-07-02 19:00:00,M-101,64.94,6.21,1505,119.39,48.74,190.22,45.29,1.36,0.01,0.24,39.51,979,6.52,61,Normal
2023-07-02 20:00:00,M-105,65.08,5.21,1485,118.91,49.39,197.75,45.87,1.26,0.0131,0.05,27.32,987,4.01,121,Normal
2023-07-02 21:00:00,M-104,82.73,23.26,1317,139.86,31.19,183.6,71.67,7.55,0.0512,5.43,100.0,354,26.04,0,Failure
2023-07-02 22:00:00,M-103,66.91,3.89,1502,118.22,51.09,194.71,45.41,0.82,0.0138,0.19,33.48,985,6.15,75,Normal
2023-07-02 23:00:00,M-104,65.24,5.97,1488,118.56,51.51,198.76,44.48,0.94,0.0064,0.22,36.61,970,5.4,67,Normal
2023-07-03 00:00:00,M-103,65.21,4.27,1499,121.65,50.49,207.09,43.79,0.85,0.0079,0.02,37.92,1027,6.45,114,Normal
2023-07-03 01:00:00,M-104,84.55,13.2,1473,138.01,47.88,193.64,54.67,1.87,0.0445,3.59,77.7,563,18.85,2,Warning
2023-07-03 02:00:00,M-102,63.12,4.35,1511,119.64,49.02,202.24,45.77,1.0,0.0038,0.0,38.24,949,5.94,123,Normal
2023-07-03 03:00:00,M-101,72.46,14.24,1437,126.18,47.86,191.07,55.25,3.53,0.0486,2.59,59.12,670,13.94,7,Warning
2023-07-03 04:00:00,M-103,67.33,3.5,1494,119.81,50.86,195.61,45.13,0.72,0.0122,0.23,13.96,1008,2.13,89,Normal
2023-07-03 05:00:00,M-101,60.95,5.6,1479,117.26,50.06,196.7,45.49,1.32,0.0087,0.12,35.46,973,6.44,87,Normal
2023-07-03 06:00:00,M-102,63.38,6.49,1513,118.02,49.62,203.95,44.75,1.01,0.0027,0.3,39.76,941,5.51,54,Normal
2023-07-03 07:00:00,M-104,69.8,10.5,1428,130.06,46.38,189.08,53.58,3.14,0.0531,1.58,56.26,835,11.29,11,Warning
2023-07-03 08:00:00,M-102,59.96,4.55,1494,118.35,51.05,197.28,43.61,1.05,0.01,0.0,29.99,981,4.75,140,Normal
2023-07-03 09:00:00,M-105,66.08,4.79,1512,119.67,51.09,198.22,43.85,0.78,0.0019,0.11,18.37,1012,3.61,113,Normal
2023-07-03 10:00:00,M-102,66.73,3.33,1502,118.9,50.33,198.49,43.63,0.9,0.0131,0.17,17.75,1018,2.92,97,Normal
2023-07-03 11:00:00,M-101,67.55,5.39,1495,123.36,49.57,193.31,44.79,0.84,0.0149,0.33,22.22,937,4.42,66,Normal
2023-07-03 12:00:00,M-104,67.66,4.82,1493,120.33,50.54,207.95,43.5,1.25,-0.0003,0.27,16.43,986,3.23,81,Normal
2023-07-03 13:00:00,M-105,89.48,16.79,1328,135.68,38.55,153.46,76.21,7.51,0.1308,4.81,100.0,429,22.1,0,Failure
2023-07-03 14:00:00,M-101,62.26,5.04,1497,122.03,51.11,199.15,43.04,0.71,0.0156,0.01,27.72,996,4.78,140,Normal
2023-07-03 15:00:00,M-102,78.73,11.37,1467,126.82,43.16,191.75,55.71,2.47,0.0536,2.65,57.16,705,13.42,7,Warning
2023-07-03 16:00:00,M-102,78.01,18.56,1455,129.52,46.4,187.7,52.34,3.09,0.0592,4.01,100.0,528,22.99,0,Warning
2023-07-03 17:00:00,M-103,66.81,5.18,1510,119.45,49.75,206.57,44.77,1.08,0.0118,0.22,35.04,977,6.59,69,Normal
2023-07-03 18:00:00,M-105,72.29,9.86,1360,130.33,32.28,151.76,68.49,7.77,0.1168,1.7,100.0,779,10.66,0,Failure
2023-07-03 19:00:00,M-104,65.17,5.58,1502,121.2,48.95,191.26,45.88,0.75,0.0126,0.13,38.44,947,6.37,80,Normal
2023-07-03 20:00:00,M-104,67.84,5.0,1497,121.14,50.36,203.0,44.87,1.27,0.015,0.28,41.37,965,6.63,54,Normal
2023-07-03 21:00:00,M-101,63.28,4.46,1502,122.48,51.84,202.45,44.4,1.19,0.0024,0.0,25.74,986,3.75,148,Normal
2023-07-03 22:00:00,M-105,64.1,4.8,1504,117.55,49.04,198.38,44.97,1.14,0.0113,0.0,33.42,992,5.16,133,Normal
2023-07-03 23:00:00,M-103,77.29,12.22,1430,137.02,43.03,202.61,56.91,2.75,0.0243,2.67,50.68,685,12.93,8,Warning
2023-07-04 00:00:00,M-103,64.53,4.42,1510,122.36,51.28,202.99,45.64,0.74,0.017,0.0,27.83,1025,4.21,144,Normal
2023-07-04 01:00:00,M-104,64.91,6.57,1476,119.43,49.18,200.21,45.42,1.12,0.0104,0.31,22.78,965,4.53,68,Normal
2023-07-04 02:00:00,M-101,84.94,26.17,1310,138.5,29.81,163.97,69.4,7.39,0.1215,6.23,100.0,286,27.11,0,Failure
2023-07-04 03:00:00,M-104,65.75,3.35,1496,120.75,51.78,193.64,43.81,0.95,0.0084,0.07,21.79,1006,4.18,120,Normal
2023-07-04 04:00:00,M-101,64.88,6.26,1506,121.31,50.16,200.81,46.13,1.16,0.0071,0.25,22.78,979,4.29,76,Normal
2023-07-04 05:00:00,M-104,65.67,5.88,1495,121.48,49.7,198.17,46.17,1.22,0.0111,0.24,15.21,963,2.73,86,Normal
2023-07-04 06:00:00,M-103,63.49,5.33,1494,123.09,51.36,201.43,44.46,0.7,0.0119,0.07,19.71,996,3.34,126,Normal
2023-07-04 07:00:00,M-102,65.27,5.78,1502,120.63,51.57,199.17,44.76,0.94,0.0071,0.18,37.39,975,5.67,72,Normal
2023-07-04 08:00:00,M-102,63.31,5.81,1510,121.64,51.37,200.96,45.16,0.86,0.017,0.16,16.28,978,2.91,101,Normal
2023-07-04 09:00:00,M-102,62.14,4.2,1506,119.54,49.13,206.08,45.31,0.97,0.0214,0.0,33.12,980,4.45,133,Normal
2023-07-04 10:00:00,M-105,76.07,9.2,1450,136.39,50.09,192.04,51.16,2.69,0.0137,1.95,48.13,760,10.75,11,Warning
2023-07-04 11:00:00,M-104,65.52,6.01,1477,121.79,51.41,210.26,45.42,0.64,0.0033,0.25,21.62,987,3.8,77,Normal
2023-07-04 12:00:00,M-102,68.34,3.9,1504,119.2,48.8,206.73,44.04,1.19,0.002,0.33,39.52,950,6.92,51,Normal
2023-07-04 13:00:00,M-101,65.96,6.14,1505,123.74,49.36,203.97,45.4,0.85,0.0148,0.32,20.39,978,3.38,69,Normal
2023-07-04 14:00:00,M-102,63.82,4.7,1499,122.84,50.6,192.69,45.16,0.94,0.0089,0.0,19.58,1000,2.57,160,Normal
2023-07-04 15:00:00,M-104,66.18,3.65,1490,119.11,49.15,202.18,44.97,1.16,0.0049,0.12,21.95,989,3.16,105,Normal
2023-07-04 16:00:00,M-105,63.81,6.76,1504,116.33,50.28,198.41,45.29,1.32,0.0135,0.35,34.32,953,6.29,54,Normal
2023-07-04 17:00:00,M-102,63.77,4.1,1503,121.93,48.75,200.32,44.48,0.9,0.0081,0.0,31.46,1013,5.01,137,Normal
2023-07-04 18:00:00,M-101,67.8,3.98,1506,122.68,49.65,206.97,44.27,1.01,0.0014,0.28,32.55,929,4.77,63,Normal
2023-07-04 19:00:00,M-103,63.75,4.47,1496,121.81,51.48,204.85,47.48,1.26,0.0068,0.0,22.27,997,3.74,155,Normal
2023-07-04 20:00:00,M-101,65.96,4.06,1502,120.06,48.35,203.29,45.3,1.01,0.0068,0.1,21.73,996,3.84,113,Normal
2023-07-04 21:00:00,M-104,64.12,6.22,1504,119.68,49.44,196.43,46.61,0.59,0.0096,0.24,30.19,972,3.88,70,Normal
2023-07-04 22:00:00,M-101,66.1,5.64,1507,121.8,50.78,205.64,45.17,1.21,0.0195,0.24,18.55,975,3.68,83,Normal
2023-07-04 23:00:00,M-103,61.92,6.89,1506,120.62,49.64,204.23,43.88,1.35,0.0152,0.38,27.95,952,5.67,57,Normal
2023-07-05 00:00:00,M-101,66.14,4.79,1508,122.08,49.79,203.0,46.46,1.2,0.0061,0.11,14.66,982,1.78,117,Normal
2023-07-05 01:00:00,M-101,65.09,4.87,1503,120.76,50.29,192.41,44.81,0.9,0.0163,0.01,21.98,1006,4.26,150,Normal
2023-07-05 02:00:00,M-105,64.28,4.19,1503,120.84,49.24,205.93,45.86,1.39,0.0077,0.0,37.93,1003,5.96,124,Normal
2023-07-05 03:00:00,M-104,65.86,4.34,1507,119.04,47.93,200.65,44.29,1.04,0.0101,0.09,34.99,962,6.24,96,Normal
2023-07-05 04:00:00,M-103,76.63,5.86,1445,128.06,50.62,192.08,55.15,2.93,0.0442,1.33,52.98,850,10.67,14,Warning
2023-07-05 05:00:00,M-104,62.34,4.52,1512,120.08,49.55,196.04,43.64,1.19,0.0207,0.0,21.65,991,2.35,156,Normal
2023-07-05 06:00:00,M-105,66.56,5.42,1498,118.21,49.57,202.88,44.87,0.75,0.0056,0.24,32.56,962,5.41,68,Normal
2023-07-05 07:00:00,M-103,65.54,6.34,1490,120.49,48.91,189.08,44.52,0.89,0.0117,0.32,20.89,984,3.83,69,Normal
2023-07-05 08:00:00,M-103,89.23,15.81,1262,152.53,41.62,158.4,74.78,4.53,0.1351,4.58,100.0,427,23.89,0,Failure
2023-07-05 09:00:00,M-102,74.87,7.18,1428,130.89,42.08,207.1,53.52,2.82,0.0385,1.42,45.52,824,9.31,16,Warning
2023-07-05 10:00:00,M-104,66.72,3.17,1482,121.79,48.89,189.62,46.34,0.87,0.0161,0.17,39.09,961,6.15,72,Normal
2023-07-05 11:00:00,M-101,89.94,25.17,1227,149.23,32.13,183.79,73.28,10.44,0.0501,6.53,100.0,222,27.73,0,Failure
2023-07-05 12:00:00,M-103,79.83,12.1,1455,137.68,42.75,173.74,52.1,2.59,0.0772,2.9,82.67,672,18.24,2,Warning
2023-07-05 13:00:00,M-101,64.99,5.53,1489,121.85,47.11,207.59,44.74,0.97,0.0115,0.11,22.21,990,3.54,108,Normal
2023-07-05 14:00:00,M-104,68.07,6.17,1503,119.16,50.01,186.78,43.89,1.35,0.0126,0.54,28.51,896,4.88,45,Normal
2023-07-05 15:00:00,M-102,64.68,4.71,1511,120.11,49.73,195.4,45.6,0.78,0.0037,0.0,18.14,988,3.76,163,Normal
2023-07-05 16:00:00,M-101,74.22,12.78,1399,126.42,44.75,183.77,57.57,4.87,0.0392,2.48,51.23,720,13.25,8,Warning
2023-07-05 17:00:00,M-103,81.92,17.99,1257,145.59,36.1,180.19,66.37,10.04,0.1755,4.29,100.0,476,23.99,0,Failure
2023-07-05 18:00:00,M-102,65.22,5.93,1491,123.4,50.64,210.11,43.82,0.76,0.0119,0.21,19.17,977,3.91,88,Normal
2023-07-05 19:00:00,M-105,64.13,5.61,1502,120.93,50.57,199.57,44.57,1.07,0.0086,0.12,22.62,971,3.8,104,Normal
2023-07-05 20:00:00,M-104,65.23,4.79,1485,119.1,49.41,200.11,44.27,0.89,0.0091,0.02,27.88,1010,5.3,132,Normal
2023-07-05 21:00:00,M-102,65.08,4.38,1496,116.82,49.9,197.77,44.94,1.18,0.0115,0.01,11.33,975,1.22,171,Normal
2023-07-05 22:00:00,M-103,67.03,4.84,1502,120.35,50.11,198.37,46.52,1.45,0.0172,0.2,42.09,976,6.79,63,Normal
2023-07-05 23:00:00,M-103,75.51,17.86,1445,120.95,41.72,197.24,56.46,2.07,0.0108,3.62,65.55,557,17.68,4,Warning
2023-07-06 00:00:00,M-103,62.69,3.33,1495,118.08,51.77,197.72,45.46,0.87,0.0189,0.0,29.32,996,4.71,141,Normal
2023-07-06 01:00:00,M-102,64.02,6.42,1503,120.45,49.21,203.7,44.57,0.89,0.0115,0.28,36.08,953,5.6,59,Normal
2023-07-06 02:00:00,M-104,66.49,3.39,1480,122.82,48.98,200.53,44.73,1.07,0.0103,0.15,30.65,1003,4.48,86,Normal
2023-07-06 03:00:00,M-101,63.55,3.25,1499,116.86,47.98,195.34,43.98,1.01,0.0119,0.0,34.8,1000,5.16,130,Normal
2023-07-06 04:00:00,M-104,92.75,29.23,1252,145.57,31.39,167.83,78.29,5.72,0.0907,7.62,100.0,100,28.6,0,Failure
2023-07-06 05:00:00,M-101,64.7,4.37,1500,120.48,49.99,196.1,45.97,0.77,0.0161,0.0,16.29,1011,2.11,167,Normal
2023-07-06 06:00:00,M-103,64.33,6.0,1491,121.73,48.84,203.07,44.5,1.18,-0.0022,0.2,26.21,960,4.2,81,Normal
2023-07-06 07:00:00,M-102,79.53,9.78,1438,127.04,45.75,191.39,53.74,2.03,0.0625,2.41,58.49,732,13.99,7,Warning
2023-07-06 08:00:00,M-105,67.15,4.87,1483,115.27,50.99,191.94,44.08,1.1,0.0035,0.22,36.68,1022,4.81,68,Normal
2023-07-06 09:00:00,M-105,67.89,3.96,1531,119.63,50.42,200.47,44.73,1.16,0.011,0.29,18.86,966,2.89,75,Normal
2023-07-06 10:00:00,M-104,67.8,4.79,1502,120.43,52.11,203.74,47.07,1.35,0.0089,0.28,27.37,972,5.35,68,Normal
2023-07-06 11:00:00,M-103,77.28,10.64,1459,130.68,44.73,197.4,50.35,3.85,0.0764,2.36,70.49,694,14.31,5,Warning
2023-07-06 12:00:00,M-105,81.73,17.46,1353,129.96,40.49,163.23,71.42,0.16,0.0613,4.16,100.0,486,22.83,0,Failure
2023-07-06 13:00:00,M-104,62.89,4.05,1500,118.79,51.37,200.04,46.41,1.13,0.0054,0.0,29.96,1004,4.08,140,Normal
2023-07-06 14:00:00,M-104,90.1,31.8,1349,135.17,37.69,194.35,62.41,6.97,0.0966,7.87,100.0,100,31.09,0,Failure
2023-07-06 15:00:00,M-104,67.18,5.59,1502,117.22,48.35,195.16,42.59,1.31,0.0104,0.34,30.2,952,4.49,59,Normal
2023-07-06 16:00:00,M-102,66.05,4.14,1501,118.75,49.31,191.0,44.64,1.25,0.0079,0.11,18.89,979,3.59,114,Normal
2023-07-06 17:00:00,M-102,61.36,5.09,1489,123.61,50.91,206.39,45.2,1.13,0.0111,0.02,16.56,986,3.41,155,Normal
2023-07-06 18:00:00,M-101,63.88,4.39,1493,122.86,49.63,199.28,47.26,1.16,0.01,0.0,10.23,1021,1.47,179,Normal
2023-07-06 19:00:00,M-101,64.53,5.39,1494,117.67,50.75,196.02,46.24,0.97,0.0078,0.08,14.78,972,2.22,130,Normal
2023-07-06 20:00:00,M-103,70.41,14.16,1465,139.64,45.11,190.41,56.01,1.93,0.0681,2.37,64.83,722,14.26,6,Warning
2023-07-06 21:00:00,M-103,63.74,5.71,1502,119.42,50.81,200.22,46.28,0.58,0.0075,0.14,23.38,1001,4.62,97,Normal
2023-07-06 22:00:00,M-103,63.77,6.34,1482,122.81,51.07,202.7,43.0,0.93,0.015,0.27,28.07,933,4.96,69,Normal
2023-07-06 23:00:00,M-101,63.28,5.92,1481,119.74,50.13,205.56,43.56,1.26,0.0151,0.18,25.61,1004,3.61,85,Normal
2023-07-07 00:00:00,M-105,68.14,7.19,1502,119.44,49.7,201.88,43.99,0.52,0.008,0.75,44.06,910,7.25,27,Normal
2023-07-07 01:00:00,M-104,65.65,4.95,1485,124.36,50.1,197.15,45.0,0.69,0.0154,0.07,40.53,997,6.09,94,Normal
2023-07-07 02:00:00,M-103,66.51,11.97,1469,135.83,45.23,184.0,55.67,2.92,0.0657,1.55,34.1,813,8.09,18,Warning
2023-07-07 03:00:00,M-105,63.32,5.11,1509,118.89,50.83,198.51,44.54,1.18,0.0117,0.02,29.47,969,4.37,129,Normal
2023-07-07 04:00:00,M-105,65.62,3.66,1501,122.76,50.07,194.34,44.81,1.04,0.0155,0.06,22.84,1014,3.13,123,Normal
2023-07-07 05:00:00,M-103,66.44,6.01,1502,120.73,50.07,193.18,46.07,0.91,0.0142,0.35,43.78,958,7.5,47,Normal
2023-07-07 06:00:00,M-104,63.18,5.9,1514,122.32,50.9,202.55,45.36,0.98,0.0067,0.18,37.14,937,5.94,73,Normal
2023-07-07 07:00:00,M-105,91.53,24.54,1230,144.76,39.18,206.86,70.93,2.84,0.059,6.56,100.0,198,27.65,0,Failure
2023-07-07 08:00:00,M-104,80.97,13.2,1478,135.12,45.94,193.56,56.55,2.64,0.063,3.24,83.27,606,19.18,2,Warning
2023-07-07 09:00:00,M-102,65.0,4.26,1499,118.84,48.27,194.45,45.29,0.48,0.0219,0.0,23.49,989,3.95,153,Normal
2023-07-07 10:00:00,M-103,68.15,3.67,1504,121.86,52.17,197.24,44.14,0.91,0.0071,0.32,27.91,924,4.89,63,Normal
2023-07-07 11:00:00,M-101,65.15,4.24,1497,119.7,49.53,194.99,45.53,1.25,0.0119,0.02,12.68,1006,2.31,164,Normal
2023-07-07 12:00:00,M-105,76.01,11.75,1443,123.18,41.73,185.09,51.97,2.43,0.0485,2.45,65.48,707,13.96,6,Warning
2023-07-07 13:00:00,M-101,66.34,5.83,1491,119.29,50.27,202.9,43.24,1.2,0.0034,0.3,30.41,936,4.95,63,Normal
2023-07-07 14:00:00,M-102,77.67,12.1,1458,127.51,42.21,178.31,51.15,1.63,0.0429,2.69,75.7,676,16.95,4,Warning
2023-07-07 15:00:00,M-104,67.44,5.91,1484,124.56,50.11,207.72,44.86,0.97,0.0081,0.43,21.47,990,4.76,58,Normal
2023-07-07 16:00:00,M-101,61.5,4.1,1484,124.28,51.1,198.31,46.51,1.25,0.0166,0.0,14.56,988,1.91,170,Normal
2023-07-07 17:00:00,M-105,64.77,6.81,1494,118.12,50.67,204.87,43.49,1.07,0.0127,0.36,31.55,991,5.25,55,Normal
2023-07-07 18:00:00,M-104,87.83,25.26,1246,140.54,42.29,187.43,68.21,4.29,0.233,6.33,100.0,261,27.39,0,Failure
2023-07-07 19:00:00,M-103,61.24,4.15,1504,119.44,50.37,193.18,45.34,0.58,0.0139,0.0,17.56,1027,1.94,164,Normal
2023-07-07 20:00:00,M-102,66.45,4.84,1493,122.76,50.69,194.11,45.35,1.06,0.0136,0.14,33.76,1037,5.51,83,Normal
2023-07-07 21:00:00,M-105,64.43,5.17,1492,116.63,50.8,203.49,45.07,1.03,0.0065,0.03,39.1,1019,5.33,107,Normal
2023-07-07 22:00:00,M-101,65.57,5.98,1505,120.77,49.41,205.2,44.42,1.19,0.008,0.25,30.95,981,4.81,68,Normal
2023-07-07 23:00:00,M-105,82.02,16.0,1499,135.7,43.1,185.92,57.97,4.08,0.0777,3.9,78.9,535,19.6,2,Warning
2023-07-08 00:00:00,M-103,62.07,6.47,1506,118.85,52.09,193.18,44.67,1.2,0.0158,0.29,41.38,934,7.41,53,Normal
2023-07-08 01:00:00,M-103,72.15,12.13,1444,134.43,51.18,185.5,48.89,3.49,0.0583,2.14,66.73,706,13.8,6,Warning
2023-07-08 02:00:00,M-104,62.36,3.29,1501,117.79,50.9,191.42,46.61,0.93,0.006,0.0,31.09,989,5.22,137,Normal
2023-07-08 03:00:00,M-102,60.96,4.97,1507,119.52,48.86,207.9,44.87,0.89,0.0045,0.0,32.32,1001,4.74,135,Normal
2023-07-08 04:00:00,M-102,68.92,2.81,1491,121.82,50.43,200.5,44.4,1.05,0.0108,0.39,18.06,915,4.07,63,Normal
2023-07-08 05:00:00,M-101,67.62,5.0,1510,118.13,50.56,199.44,44.32,1.43,0.0076,0.26,37.88,961,5.98,60,Normal
2023-07-08 06:00:00,M-103,64.14,5.07,1503,122.04,49.41,196.29,47.02,1.36,0.0074,0.01,26.69,1021,4.76,138,Normal
2023-07-08 07:00:00,M-101,69.12,4.85,1492,115.1,48.7,204.18,44.97,0.7,0.0176,0.41,45.17,937,6.86,41,Normal
2023-07-08 08:00:00,M-105,60.35,6.4,1495,117.55,49.61,200.56,44.39,0.89,0.0084,0.28,34.03,973,5.78,62,Normal
2023-07-08 09:00:00,M-102,63.09,3.0,1485,119.56,50.23,206.05,45.36,1.31,0.009,0.0,14.19,1011,1.64,171,Normal
2023-07-08 10:00:00,M-104,65.61,6.34,1505,116.49,49.34,196.55,44.27,1.19,-0.001,0.33,42.7,988,7.26,49,Normal
2023-07-08 11:00:00,M-103,67.99,5.25,1509,121.59,50.09,206.45,43.99,1.09,0.0072,0.35,36.69,975,6.19,52,Normal
2023-07-08 12:00:00,M-102,73.23,12.94,1464,128.23,43.7,183.55,54.77,2.35,0.0558,2.41,49.31,694,12.45,9,Warning
2023-07-08 13:00:00,M-102,59.05,7.4,1528,118.33,50.62,194.66,43.34,0.91,0.0031,0.48,20.03,953,4.4,54,Normal
2023-07-08 14:00:00,M-101,75.04,9.92,1476,136.14,49.16,194.41,52.9,1.74,0.0037,1.99,65.65,782,13.49,7,Warning
2023-07-08 15:00:00,M-102,76.38,11.93,1454,136.54,39.63,178.87,53.34,4.4,0.0658,2.52,69.03,694,15.71,5,Warning
2023-07-08 16:00:00,M-104,65.7,5.35,1499,119.39,50.03,198.6,45.25,1.06,0.0074,0.14,13.49,1005,2.56,110,Normal
2023-07-08 17:00:00,M-102,80.12,18.38,1286,145.43,34.9,169.74,70.67,6.53,0.1159,4.19,100.0,498,21.23,0,Failure
2023-07-08 18:00:00,M-105,68.45,5.49,1490,117.95,52.03,198.1,43.99,1.24,0.0093,0.44,32.89,906,6.43,48,Normal
2023-07-08 19:00:00,M-104,68.09,3.55,1490,122.06,48.64,194.64,44.8,0.97,0.0155,0.31,18.42,974,3.48,72,Normal
2023-07-08 20:00:00,M-103,68.41,2.71,1509,122.73,51.51,200.38,45.57,0.86,0.0101,0.34,40.66,955,7.58,50,Normal
2023-07-08 21:00:00,M-104,64.08,7.15,1504,114.46,51.91,195.24,45.21,1.1,0.0103,0.43,40.5,946,6.61,43,Normal
2023-07-08 22:00:00,M-103,65.71,2.72,1497,119.26,50.92,202.61,46.02,1.09,0.0162,0.07,40.55,999,6.2,92,Normal
2023-07-08 23:00:00,M-102,63.31,4.85,1486,124.75,49.99,190.59,44.35,0.96,0.0036,0.0,34.67,974,5.03,130,Normal
2023-07-09 00:00:00,M-105,62.78,6.3,1492,117.4,50.04,195.93,44.18,0.99,0.0068,0.26,38.56,935,6.55,60,Normal
2023-07-09 01:00:00,M-102,65.49,3.76,1489,119.56,49.98,196.89,44.37,0.99,0.0065,0.05,13.96,1011,2.34,143,Normal
2023-07-09 02:00:00,M-105,75.6,11.68,1444,130.71,45.48,200.11,56.31,4.18,0.0801,2.4,65.03,680,14.86,6,Warning
2023-07-09 03:00:00,M-101,77.03,12.43,1452,124.19,41.58,182.96,48.97,1.75,0.0499,2.69,53.09,632,12.86,7,Warning
2023-07-09 04:00:00,M-103,67.37,4.53,1498,119.47,49.36,206.15,43.64,0.98,0.0058,0.24,39.02,982,7.44,62,Normal
2023-07-09 05:00:00,M-102,68.66,5.63,1504,120.51,49.54,196.14,44.06,0.87,0.0121,0.49,32.19,936,4.79,45,Normal
2023-07-09 06:00:00,M-104,63.58,7.44,1508,120.64,50.96,198.7,44.61,0.94,0.0063,0.49,46.87,928,8.77,36,Normal
2023-07-09 07:00:00,M-103,70.17,10.47,1504,128.35,40.59,194.92,54.89,3.45,0.0513,1.61,45.7,784,10.2,14,Warning
2023-07-09 08:00:00,M-102,64.27,6.37,1503,116.96,50.13,206.37,45.76,1.26,0.0026,0.27,40.6,969,6.17,56,Normal
2023-07-09 09:00:00,M-102,63.29,4.58,1497,115.87,49.98,186.36,46.28,0.62,0.0109,0.0,16.25,1002,3.11,167,Normal
2023-07-09 10:00:00,M-101,66.77,6.16,1511,118.28,50.2,191.11,45.08,1.07,0.0081,0.41,36.41,914,6.71,48,Normal
2023-07-09 11:00:00,M-105,64.77,3.9,1492,119.79,50.45,192.7,44.29,1.01,0.0037,0.0,11.06,1007,2.52,177,Normal
2023-07-09 12:00:00,M-102,60.95,4.1,1492,117.96,51.23,203.3,43.79,0.75,0.0037,0.0,37.82,996,5.39,124,Normal
2023-07-09 13:00:00,M-104,68.49,6.44,1499,119.53,52.36,195.32,44.36,1.21,0.0057,0.64,32.26,930,5.49,38,Normal
2023-07-09 14:00:00,M-102,72.13,13.9,1429,122.41,44.56,179.97,55.44,2.97,0.0361,2.49,61.19,703,14.92,7,Warning
2023-07-09 15:00:00,M-101,66.74,4.9,1498,119.05,49.36,199.22,45.95,0.91,0.0164,0.17,39.58,966,7.03,71,Normal
2023-07-09 16:00:00,M-104,65.54,2.97,1521,120.63,51.02,193.11,45.17,0.96,0.0047,0.05,20.63,1019,2.79,130,Normal
2023-07-09 17:00:00,M-101,66.17,5.25,1504,117.65,50.17,196.71,44.38,0.97,0.0024,0.17,38.45,990,5.38,74,Normal
2023-07-09 18:00:00,M-105,63.25,3.49,1485,118.22,51.02,206.5,45.09,1.19,0.0072,0.0,27.71,987,4.19,144,Normal
2023-07-09 19:00:00,M-105,66.67,4.92,1501,119.72,51.02,199.51,44.3,0.96,0.0022,0.17,31.1,919,4.59,82,Normal
2023-07-09 20:00:00,M-102,63.12,6.62,1488,117.1,49.79,197.53,44.36,0.82,0.0091,0.32,32.91,993,5.03,58,Normal
2023-07-09 21:00:00,M-104,61.56,5.66,1504,119.79,50.32,200.41,44.59,0.93,0.0095,0.13,19.55,1033,3.65,105,Normal
2023-07-09 22:00:00,M-101,65.3,5.61,1505,118.37,46.58,199.45,44.82,1.03,0.0176,0.15,32.09,980,5.18,84,Normal
2023-07-09 23:00:00,M-104,65.53,4.67,1508,117.32,48.88,204.65,43.59,0.87,0.0086,0.05,26.03,1003,4.09,122,Normal
2023-07-10 00:00:00,M-105,90.54,21.36,1389,139.04,27.22,148.83,69.95,7.02,0.1563,5.83,100.0,287,26.06,0,Failure
2023-07-10 01:00:00,M-104,69.99,2.62,1507,123.52,48.97,206.14,44.49,0.85,0.0032,0.5,37.33,938,6.67,41,Normal
2023-07-10 02:00:00,M-101,64.06,2.78,1500,118.42,52.19,200.29,45.82,1.13,0.0096,0.0,39.14,1019,6.35,121,Normal
2023-07-10 03:00:00,M-104,71.26,3.89,1504,120.78,49.76,196.65,44.28,1.45,0.0108,0.63,44.58,945,7.8,31,Normal
2023-07-10 04:00:00,M-104,65.91,5.36,1495,117.96,50.52,201.13,43.91,1.12,0.0148,0.16,32.23,996,4.96,81,Normal
2023-07-10 05:00:00,M-101,67.92,5.12,1508,117.38,50.66,200.77,44.7,1.26,0.0111,0.32,33.17,966,4.89,58,Normal
2023-07-10 06:00:00,M-101,65.3,4.73,1490,119.42,49.18,198.85,44.89,1.2,0.008,0.03,32.19,984,4.37,120,Normal
2023-07-10 07:00:00,M-105,63.85,4.93,1489,120.24,51.56,199.93,44.59,1.22,0.0042,0.0,27.94,1010,4.21,144,Normal
2023-07-10 08:00:00,M-105,65.69,7.27,1510,117.1,51.23,195.28,44.35,0.74,0.0191,0.52,37.9,960,6.2,40,Normal
2023-07-10 09:00:00,M-105,67.32,3.8,1509,119.82,48.58,207.38,46.47,1.04,0.0101,0.23,36.25,964,6.18,66,Normal
2023-07-10 10:00:00,M-101,63.53,5.12,1522,122.85,50.54,198.98,45.38,1.04,0.0109,0.02,29.48,979,4.29,128,Normal
2023-07-10 11:00:00,M-102,63.3,3.08,1504,122.46,51.27,197.98,46.25,1.25,0.0148,0.0,34.78,1001,5.19,130,Normal
2023-07-10 12:00:00,M-104,63.44,5.72,1497,119.46,48.87,203.96,44.64,0.99,0.0159,0.14,19.01,961,3.64,102,Normal
2023-07-10 13:00:00,M-102,64.92,5.79,1477,120.86,48.54,195.8,45.65,1.16,0.0005,0.16,25.92,947,3.87,90,Normal
2023-07-10 14:00:00,M-101,62.96,3.92,1495,124.78,50.92,202.42,46.2,1.37,0.0126,0.0,15.98,1028,2.75,168,Normal
2023-07-10 15:00:00,M-105,61.94,4.73,1496,120.08,50.72,204.09,44.9,1.19,0.0031,0.0,34.25,1005,4.13,131,Normal
2023-07-10 16:00:00,M-101,66.06,3.97,1500,121.94,49.7,207.63,43.22,0.93,0.0004,0.11,17.21,993,2.62,116,Normal
2023-07-10 17:00:00,M-105,63.33,5.04,1509,118.7,50.08,210.35,45.25,1.22,0.0076,0.01,38.55,1022,5.4,119,Normal
2023-07-10 18:00:00,M-105,64.84,4.92,1501,119.7,50.28,210.35,45.54,1.08,0.0139,0.0,23.84,997,3.92,152,Normal
2023-07-10 19:00:00,M-105,74.92,13.11,1500,133.41,44.3,189.98,57.03,3.59,0.0951,2.61,72.21,719,15.55,4,Warning
2023-07-10 20:00:00,M-105,67.35,3.24,1500,118.34,50.52,207.6,44.63,1.13,0.0056,0.24,34.53,971,6.32,67,Normal
2023-07-10 21:00:00,M-101,59.95,4.49,1513,123.91,51.15,203.35,43.28,0.79,0.0146,0.0,36.25,974,5.32,127,Normal
2023-07-10 22:00:00,M-102,84.54,19.52,1270,145.23,28.84,185.55,66.18,7.22,0.1338,4.86,100.0,430,24.52,0,Failure
2023-07-10 23:00:00,M-101,68.26,4.86,1509,119.95,51.66,201.7,45.52,1.04,0.0085,0.33,43.35,978,6.78,49,Normal
2023-07-11 00:00:00,M-105,63.29,5.55,1510,120.85,49.43,200.93,44.27,0.96,0.0074,0.11,35.64,971,5.94,89,Normal
2023-07-11 01:00:00,M-101,68.42,3.53,1484,121.6,51.31,208.57,45.81,0.97,0.0105,0.34,18.14,965,4.25,69,Normal
2023-07-11 02:00:00,M-103,62.71,5.73,1482,120.61,49.72,197.8,44.72,0.42,0.0078,0.15,37.98,965,6.03,78,Normal
2023-07-11 03:00:00,M-102,66.75,7.67,1496,118.32,50.79,204.26,43.69,0.78,0.0032,0.71,41.8,900,8.12,30,Normal
2023-07-11 04:00:00,M-102,64.2,5.68,1489,118.52,50.02,200.19,43.92,1.45,0.0058,0.14,40.46,1002,6.44,77,Normal
2023-07-11 05:00:00,M-103,77.07,9.88,1464,132.57,45.7,202.61,55.65,3.36,0.0305,2.18,52.63,758,13.22,9,Warning
2023-07-11 06:00:00,M-101,68.98,5.14,1493,120.42,51.15,206.4,45.91,1.09,0.0134,0.43,45.79,951,7.36,40,Normal
2023-07-11 07:00:00,M-101,67.58,5.27,1496,120.23,50.81,201.54,46.84,1.24,0.0041,0.31,20.56,980,4.21,70,Normal
2023-07-11 08:00:00,M-103,88.52,30.53,1318,153.21,32.81,157.22,74.32,8.76,0.1182,7.46,100.0,100,30.1,0,Failure
2023-07-11 09:00:00,M-102,66.64,5.07,1525,119.3,50.67,197.72,43.6,0.98,0.0086,0.18,28.78,1014,4.89,83,Normal
2023-07-11 10:00:00,M-101,64.67,4.32,1503,118.41,49.85,196.61,43.93,0.82,0.0067,0.0,38.96,979,5.99,122,Normal
2023-07-11 11:00:00,M-101,79.19,10.99,1431,134.18,45.94,185.83,53.84,2.71,0.0722,2.62,54.54,694,14.33,7,Warning
2023-07-11 12:00:00,M-105,72.31,17.12,1466,128.57,44.15,188.99,49.53,3.04,0.0403,3.15,78.92,634,18.51,3,Warning
2023-07-11 13:00:00,M-103,63.99,4.76,1493,119.7,50.58,193.11,47.22,1.45,0.0075,0.0,27.3,1019,3.5,145,Normal
2023-07-11 14:00:00,M-104,68.93,3.45,1498,120.5,50.96,207.13,43.97,0.89,0.0169,0.39,34.92,919,5.92,50,Normal
2023-07-11 15:00:00,M-104,62.5,5.53,1500,124.4,51.35,197.75,46.47,1.27,0.0013,0.11,17.19,999,3.4,115,Normal
2023-07-11 16:00:00,M-105,76.23,4.52,1387,131.55,51.11,192.11,47.65,1.39,0.0625,1.12,39.52,879,8.08,22,Warning
2023-07-11 17:00:00,M-103,64.86,5.49,1506,117.91,50.67,195.28,46.35,0.94,0.0117,0.1,22.01,932,3.94,112,Normal
2023-07-11 18:00:00,M-105,64.08,6.04,1491,119.34,50.81,200.2,46.53,0.97,0.0194,0.21,37.3,1016,6.37,68,Normal
2023-07-11 19:00:00,M-101,65.91,6.53,1502,121.98,52.27,202.46,44.59,0.93,0.0067,0.4,38.5,969,6.79,47,Normal
2023-07-11 20:00:00,M-101,68.46,4.66,1502,118.89,49.86,208.1,44.97,0.86,0.0091,0.35,19.9,948,3.36,67,Normal
2023-07-11 21:00:00,M-102,63.82,4.17,1497,115.09,50.73,201.7,45.35,0.98,0.0165,0.0,30.62,986,3.77,138,Normal
2023-07-11 22:00:00,M-102,96.36,24.72,1325,146.91,40.23,186.52,69.91,6.14,0.0788,7.08,100.0,166,27.93,0,Failure
2023-07-11 23:00:00,M-105,67.98,5.03,1493,119.64,49.07,200.32,44.5,0.91,0.0056,0.3,32.79,964,5.27,60,Normal
2023-07-12 00:00:00,M-105,66.2,6.3,1505,117.19,48.68,186.45,45.2,0.79,0.0071,0.38,29.92,948,5.34,55,Normal
2023-07-12 01:00:00,M-102,67.73,5.11,1484,119.96,50.29,196.54,47.22,0.71,-0.0027,0.3,36.19,945,5.05,58,Normal
2023-07-12 02:00:00,M-104,66.86,5.6,1499,120.63,49.91,189.37,45.46,0.88,0.0031,0.31,40.52,970,6.5,53,Normal
2023-07-12 03:00:00,M-103,65.2,5.16,1498,120.19,49.98,192.74,45.15,0.83,0.011,0.05,39.69,1003,6.64,100,Normal
2023-07-12 04:00:00,M-102,64.46,5.11,1525,116.16,49.87,204.06,43.75,1.07,0.0115,0.02,31.25,965,3.8,125,Normal
2023-07-12 05:00:00,M-101,67.83,14.58,1418,130.03,44.38,205.83,54.29,2.58,0.0613,2.2,59.1,758,13.32,8,Warning
2023-07-12 06:00:00,M-104,68.56,8.05,1494,122.51,44.69,185.59,59.3,3.3,0.0658,0.97,37.79,885,7.94,25,Warning
2023-07-12 07:00:00,M-102,63.86,5.61,1501,119.36,51.6,199.13,46.51,0.93,0.0094,0.12,32.38,980,5.62,91,Normal
2023-07-12 08:00:00,M-101,65.58,4.69,1499,122.62,50.25,210.21,45.98,1.03,0.0095,0.06,20.83,999,3.75,128,Normal
2023-07-12 09:00:00,M-103,81.28,23.23,1265,141.3,33.73,184.78,68.87,9.85,0.1012,5.27,100.0,383,24.89,0,Failure
2023-07-12 10:00:00,M-102,66.09,4.54,1520,119.24,52.23,199.19,44.91,0.94,0.0037,0.11,34.91,1013,5.34,90,Normal
2023-07-12 11:00:00,M-105,65.5,4.19,1526,120.45,50.14,197.05,43.66,1.23,0.0086,0.05,21.28,1000,2.8,131,Normal
2023-07-12 12:00:00,M-105,64.35,5.78,1497,116.84,50.87,195.56,45.58,1.18,0.0098,0.16,41.75,990,6.59,71,Normal
2023-07-12 13:00:00,M-104,72.78,15.48,1448,127.37,50.37,199.91,55.29,2.65,0.0436,2.87,69.88,635,16.71,4,Warning
2023-07-12 14:00:00,M-103,89.59,29.85,1345,156.98,31.19,166.63,70.63,7.26,0.1281,7.43,100.0,100,29.55,0,Failure
2023-07-12 15:00:00,M-104,65.55,5.13,1507,120.58,50.15,197.28,47.02,1.39,0.0113,0.08,21.61,962,3.59,118,Normal
2023-07-12 16:00:00,M-105,62.23,4.09,1506,121.01,50.88,197.7,44.58,1.33,0.0151,0.0,26.83,1015,3.56,146,Normal
2023-07-12 17:00:00,M-103,64.74,5.86,1487,120.46,49.71,195.47,46.2,1.18,0.0127,0.17,14.95,993,2.39,100,Normal
2023-07-12 18:00:00,M-101,61.86,5.16,1492,121.1,49.15,198.2,44.71,1.05,0.0148,0.03,14.76,1016,2.21,150,Normal
2023-07-12 19:00:00,M-104,70.68,5.65,1501,122.59,51.0,200.92,48.05,1.23,0.0044,0.7,46.2,909,7.43,28,Normal
2023-07-12 20:00:00,M-101,65.12,4.12,1476,119.46,49.79,200.22,41.72,0.65,0.0026,0.01,16.41,1000,2.13,159,Normal
2023-07-12 21:00:00,M-103,65.52,5.89,1494,119.85,49.05,195.63,45.41,1.12,0.0008,0.23,20.41,957,3.36,83,Normal
2023-07-12 22:00:00,M-102,75.73,7.27,1503,120.9,50.33,189.88,53.84,3.67,0.0431,1.53,59.74,835,11.67,11,Warning
2023-07-12 23:00:00,M-102,68.78,5.37,1507,119.39,51.22,197.35,46.19,0.91,0.0182,0.45,20.54,971,3.78,56,Normal
2023-07-13 00:00:00,M-101,65.03,5.79,1487,123.45,51.35,204.68,46.27,0.69,0.0135,0.16,39.14,995,6.45,74,Normal
2023-07-13 01:00:00,M-102,66.61,5.75,1506,119.12,51.01,202.89,45.39,0.96,0.015,0.31,19.09,921,3.46,72,Normal
2023-07-13 02:00:00,M-101,64.15,4.67,1488,119.34,51.09,198.51,46.3,1.25,0.0071,0.0,20.38,1011,2.73,159,Normal
2023-07-13 03:00:00,M-101,64.37,4.37,1524,121.41,50.58,201.55,44.5,1.03,0.0135,0.0,30.38,1019,4.71,139,Normal
2023-07-13 04:00:00,M-103,65.7,6.07,1508,119.4,50.1,200.81,45.15,0.9,0.0117,0.28,26.55,955,5.28,68,Normal
2023-07-13 05:00:00,M-104,65.78,4.3,1518,122.31,49.33,202.12,45.29,1.12,0.0107,0.08,17.08,991,4.19,126,Normal
2023-07-13 06:00:00,M-103,66.42,6.03,1491,119.84,48.94,198.06,45.32,1.21,0.0145,0.35,27.4,962,4.78,60,Normal
2023-07-13 07:00:00,M-103,63.56,6.88,1520,120.89,49.47,195.58,45.76,1.29,0.0113,0.38,39.61,979,6.64,48,Normal
2023-07-13 08:00:00,M-105,64.75,3.82,1491,116.75,49.95,215.84,44.9,0.92,0.0111,0.0,20.16,976,3.64,159,Normal
2023-07-13 09:00:00,M-101,62.23,5.35,1499,121.19,51.61,194.96,46.39,1.37,0.002,0.07,18.58,1014,2.56,127,Normal
2023-07-13 10:00:00,M-104,64.09,5.39,1507,118.43,50.82,196.7,44.3,1.16,0.0132,0.08,22.66,999,3.81,118,Normal
2023-07-13 11:00:00,M-105,67.58,2.6,1516,122.12,51.08,192.59,44.58,0.94,0.0115,0.26,33.04,1007,5.64,65,Normal
2023-07-13 12:00:00,M-104,68.08,6.13,1496,121.79,51.46,204.73,45.85,1.04,0.0055,0.53,43.37,973,9.14,36,Normal
2023-07-13 13:00:00,M-102,62.83,3.24,1508,118.98,50.28,201.88,45.54,0.76,0.0067,0.0,10.95,1024,1.42,178,Normal
2023-07-13 14:00:00,M-105,61.68,4.78,1497,122.0,49.01,206.89,43.79,0.76,0.0107,0.0,16.24,1001,1.78,167,Normal
2023-07-13 15:00:00,M-102,66.62,6.84,1521,119.84,46.97,199.28,46.27,0.8,0.0074,0.53,39.81,943,7.66,38,Normal
2023-07-13 16:00:00,M-105,63.15,3.4,1508,121.68,50.76,208.43,45.46,1.02,0.0138,0.0,15.67,1024,2.36,168,Normal
2023-07-13 17:00:00,M-101,76.71,12.32,1456,130.24,43.31,192.43,57.95,2.87,0.0409,2.64,58.22,689,14.22,7,Warning
2023-07-13 18:00:00,M-103,65.43,5.71,1504,118.2,51.32,198.87,44.64,1.04,0.0112,0.18,19.61,1029,3.19,92,Normal
2023-07-13 19:00:00,M-102,67.42,3.79,1502,122.71,49.97,199.84,45.35,0.97,0.0124,0.24,41.05,994,6.84,59,Normal
2023-07-13 20:00:00,M-104,59.9,5.74,1496,123.43,51.04,202.94,44.51,1.14,0.008,0.15,36.15,983,5.13,80,Normal
2023-07-13 21:00:00,M-102,64.34,4.41,1505,122.52,48.01,194.53,44.52,0.79,0.0086,0.0,24.47,983,3.94,151,Normal
2023-07-13 22:00:00,M-103,66.3,5.09,1504,119.14,50.25,192.72,47.27,1.08,0.0185,0.15,22.67,976,3.32,97,Normal
2023-07-13 23:00:00,M-105,61.37,6.08,1505,119.92,48.38,206.76,46.12,0.64,0.0113,0.22,40.89,985,6.01,63,Normal
2023-07-14 00:00:00,M-104,65.7,3.59,1521,120.9,48.42,203.06,43.9,1.19,0.0034,0.07,13.53,1011,1.99,135,Normal
2023-07-14 01:00:00,M-102,63.42,4.75,1498,122.58,50.43,204.97,44.77,1.19,0.0004,0.0,27.46,974,4.62,145,Normal
2023-07-14 02:00:00,M-101,74.88,10.05,1404,123.64,47.0,185.54,50.57,2.36,0.0558,2.0,49.87,746,11.07,11,Warning
2023-07-14 03:00:00,M-104,62.18,3.79,1501,119.81,49.78,205.02,44.02,1.1,0.0105,0.0,21.42,1008,3.27,157,Normal
2023-07-14 04:00:00,M-101,64.29,1.85,1498,121.37,50.03,201.72,44.73,0.96,0.0109,0.0,32.14,1038,4.76,135,Normal
2023-07-14 05:00:00,M-101,64.7,3.93,1501,120.54,49.34,203.72,45.49,0.98,0.0141,0.0,37.65,992,6.05,124,Normal
2023-07-14 06:00:00,M-101,66.46,4.16,1480,117.6,50.14,198.49,44.85,0.74,0.0115,0.15,19.12,961,3.45,102,Normal
2023-07-14 07:00:00,M-101,65.25,4.47,1506,118.12,49.26,203.45,45.54,1.11,0.0215,0.02,20.43,1000,2.91,144,Normal
2023-07-14 08:00:00,M-103,68.02,4.94,1513,120.67,48.34,196.84,44.49,0.93,0.0053,0.3,25.99,944,5.23,67,Normal
2023-07-14 09:00:00,M-104,77.06,13.86,1428,133.98,43.48,186.31,58.22,2.15,0.03,2.98,69.04,620,16.24,4,Warning
2023-07-14 10:00:00,M-101,79.38,29.36,1313,132.71,34.76,167.86,59.66,7.7,0.1976,6.31,100.0,234,28.13,0,Failure
2023-07-14 11:00:00,M-104,62.97,5.28,1504,118.99,47.57,205.86,46.31,1.0,0.0066,0.06,19.37,1029,2.66,131,Normal
2023-07-14 12:00:00,M-102,62.47,5.49,1509,120.56,50.0,198.02,44.88,0.73,0.0109,0.1,26.75,1009,3.58,104,Normal
2023-07-14 13:00:00,M-105,63.46,3.35,1483,123.81,49.58,186.83,44.72,0.9,0.0048,0.0,35.81,991,5.45,128,Normal
2023-07-14 14:00:00,M-105,66.99,3.38,1516,115.22,50.47,196.71,44.83,0.97,0.013,0.2,42.65,936,5.97,63,Normal
2023-07-14 15:00:00,M-104,61.36,5.57,1492,120.3,50.23,206.02,46.65,0.77,0.0093,0.11,30.48,983,5.56,95,Normal
2023-07-14 16:00:00,M-102,70.16,10.47,1433,135.42,44.66,190.8,55.19,4.17,0.0435,1.61,42.5,802,9.2,15,Warning
2023-07-14 17:00:00,M-101,66.23,4.99,1495,118.79,49.54,197.09,44.59,1.15,0.0081,0.12,27.67,988,4.2,96,Normal
2023-07-14 18:00:00,M-105,66.84,4.23,1496,117.25,49.03,206.31,44.72,0.72,0.0003,0.18,27.82,948,5.09,83,Normal
2023-07-14 19:00:00,M-102,91.68,23.77,1293,153.87,32.68,164.35,69.31,5.34,0.2146,6.42,100.0,254,27.37,0,Failure
2023-07-14 20:00:00,M-105,64.53,4.05,1498,120.34,48.92,200.8,44.86,0.9,0.0037,0.0,23.37,1017,4.12,153,Normal
2023-07-14 21:00:00,M-101,64.94,6.78,1490,122.1,50.39,196.03,44.34,1.11,0.0098,0.36,15.96,943,3.98,69,Normal
2023-07-14 22:00:00,M-102,61.02,5.75,1500,117.27,49.7,199.49,45.95,1.18,0.0154,0.15,18.34,989,2.88,102,Normal
2023-07-14 23:00:00,M-105,67.84,5.87,1446,119.87,44.23,186.57,49.72,0.28,0.0353,0.46,18.59,974,3.83,57,Warning
2023-07-15 00:00:00,M-102,63.85,5.66,1505,117.06,51.21,205.31,44.82,1.01,0.0054,0.13,14.32,989,2.95,112,Normal
2023-07-15 01:00:00,M-102,67.13,4.86,1477,115.67,50.45,197.0,46.6,1.28,0.0104,0.21,28.84,963,4.27,76,Normal
2023-07-15 02:00:00,M-101,64.18,6.48,1510,121.92,52.35,191.28,44.61,1.01,0.0063,0.3,30.26,967,5.21,63,Normal
2023-07-15 03:00:00,M-104,67.58,5.88,1497,119.58,50.59,201.86,45.0,0.89,0.0056,0.43,24.68,929,4.49,55,Normal
2023-07-15 04:00:00,M-101,61.95,5.25,1489,122.65,50.17,198.7,46.25,1.05,0.0117,0.05,35.66,992,5.41,107,Normal
2023-07-15 05:00:00,M-102,69.05,9.86,1450,128.96,41.95,179.43,57.4,0.69,0.0601,1.38,56.21,812,12.14,13,Warning
2023-07-15 06:00:00,M-101,64.67,3.74,1512,119.71,50.72,189.67,44.11,1.05,0.0021,0.0,16.2,1007,2.23,167,Normal
2023-07-15 07:00:00,M-104,64.49,5.2,1494,120.32,50.38,194.51,43.75,1.22,0.0106,0.04,25.57,992,3.2,128,Normal
2023-07-15 08:00:00,M-102,65.13,5.76,1499,120.11,51.02,192.08,45.74,1.07,0.0019,0.16,28.64,994,5.09,86,Normal
2023-07-15 09:00:00,M-105,66.4,3.91,1505,118.33,49.57,200.76,45.1,0.98,0.0019,0.14,19.04,984,3.97,103,Normal
2023-07-15 10:00:00,M-103,75.77,14.49,1440,134.41,47.18,187.62,57.46,3.93,0.0282,2.98,56.39,662,14.81,6,Warning
2023-07-15 11:00:00,M-105,72.98,18.96,1432,126.96,48.11,189.81,56.8,4.52,0.0581,3.59,72.78,575,17.82,3,Warning
2023-07-15 12:00:00,M-101,69.11,9.86,1437,124.98,48.12,179.48,52.11,2.32,0.0669,1.38,37.29,863,8.64,19,Warning
2023-07-15 13:00:00,M-105,71.83,8.03,1437,113.95,46.64,184.94,55.59,4.79,0.0421,1.29,51.98,858,10.25,15,Warning
2023-07-15 14:00:00,M-101,62.44,4.7,1493,118.35,50.47,198.31,45.69,1.14,0.0078,0.0,39.37,1009,5.62,121,Normal
2023-07-15 15:00:00,M-105,64.14,5.28,1481,120.73,49.42,205.22,43.04,1.09,0.0114,0.06,40.56,996,6.85,97,Normal
2023-07-15 16:00:00,M-103,69.75,6.96,1497,119.6,50.33,194.1,43.2,0.73,0.0085,0.87,34.35,877,6.17,29,Normal
2023-07-15 17:00:00,M-101,68.1,3.39,1494,119.2,49.26,195.65,44.57,0.75,0.0147,0.31,28.07,993,5.45,64,Normal
2023-07-15 18:00:00,M-102,69.36,3.64,1512,123.23,51.06,199.67,43.07,1.02,0.0121,0.44,19.92,952,3.44,58,Normal
2023-07-15 19:00:00,M-101,68.09,3.29,1498,121.39,50.48,198.02,44.56,0.75,0.0054,0.31,38.43,995,6.48,55,Normal
2023-07-15 20:00:00,M-104,63.9,4.51,1490,119.24,49.8,198.41,46.45,0.65,0.0055,0.0,34.56,1014,5.15,130,Normal
2023-07-15 21:00:00,M-105,64.01,3.59,1509,121.59,50.4,200.14,44.11,1.07,0.0051,0.0,16.17,983,1.94,167,Normal
2023-07-15 22:00:00,M-102,63.44,4.27,1501,120.13,52.52,198.77,44.9,1.27,0.0111,0.0,37.18,998,5.93,125,Normal
2023-07-15 23:00:00,M-104,63.03,6.33,1513,121.01,50.96,206.05,45.06,1.18,0.0042,0.27,43.94,982,7.32,54,Normal
2023-07-16 00:00:00,M-103,63.48,7.82,1516,122.12,48.99,204.9,42.69,0.95,0.0105,0.56,44.69,923,7.85,34,Normal
2023-07-16 01:00:00,M-104,66.65,5.77,1509,118.3,50.97,206.51,47.67,1.1,0.0155,0.32,44.79,970,7.67,48,Normal
2023-07-16 02:00:00,M-103,64.33,5.42,1498,120.58,50.6,200.73,45.47,0.93,0.0071,0.08,23.49,1005,3.46,114,Normal
2023-07-16 03:00:00,M-102,65.63,4.79,1502,118.14,50.15,201.71,43.74,0.73,0.014,0.06,36.17,995,5.04,101,Normal
2023-07-16 04:00:00,M-103,66.27,4.01,1505,119.7,50.3,198.01,44.79,1.02,0.0071,0.13,31.47,1030,4.78,90,Normal
2023-07-16 05:00:00,M-104,69.21,6.3,1498,118.43,49.58,210.17,45.09,1.21,0.0112,0.68,21.91,924,4.95,41,Normal
2023-07-16 06:00:00,M-104,63.03,3.75,1499,120.21,50.69,202.88,45.25,1.34,0.0084,0.0,14.93,996,2.88,170,Normal
2023-07-16 07:00:00,M-103,69.51,6.17,1502,121.18,50.73,189.82,43.85,1.03,0.0096,0.68,27.84,910,5.74,38,Normal
2023-07-16 08:00:00,M-101,61.51,6.64,1506,118.74,50.7,199.2,44.71,0.81,0.0101,0.33,36.54,947,6.62,54,Normal
2023-07-16 09:00:00,M-102,63.08,3.6,1491,121.07,49.87,199.15,45.24,1.03,0.0161,0.0,23.0,988,2.74,153,Normal
2023-07-16 10:00:00,M-103,66.35,6.49,1496,122.42,50.8,203.34,44.83,0.88,0.0117,0.43,29.05,960,4.85,51,Normal
2023-07-16 11:00:00,M-104,63.42,3.88,1495,120.32,49.84,201.94,43.42,0.99,0.0029,0.0,39.47,991,5.8,121,Normal
2023-07-16 12:00:00,M-103,65.98,9.33,1449,122.87,40.74,197.86,50.21,2.88,0.0795,0.96,26.26,887,4.63,30,Warning
2023-07-16 13:00:00,M-102,65.88,5.43,1483,117.19,49.22,209.71,45.28,1.12,0.0161,0.17,28.15,1009,4.64,84,Normal
2023-07-16 14:00:00,M-104,85.13,24.26,1272,129.92,25.87,168.73,68.81,4.64,0.1361,5.87,100.0,305,26.61,0,Failure
2023-07-16 15:00:00,M-103,65.29,5.55,1508,117.13,50.25,199.13,44.74,1.04,0.0185,0.14,20.72,977,3.44,101,Normal
2023-07-16 16:00:00,M-104,62.9,3.68,1506,119.69,50.86,205.44,43.15,0.83,0.0094,0.0,16.16,979,1.88,167,Normal
2023-07-16 17:00:00,M-102,64.31,4.65,1498,122.21,51.78,208.87,45.11,1.03,0.0105,0.0,39.73,1015,5.62,120,Normal
2023-07-16 18:00:00,M-104,64.84,4.69,1512,119.49,50.03,199.14,45.54,1.18,0.0153,0.0,37.68,993,5.32,124,Normal
2023-07-16 19:00:00,M-104,68.02,4.13,1501,120.88,49.47,193.55,45.03,0.84,0.0021,0.3,29.03,927,5.05,64,Normal
2023-07-16 20:00:00,M-101,63.61,4.79,1495,121.36,51.25,209.79,44.99,1.23,0.0173,0.0,10.99,990,1.4,178,Normal
2023-07-16 21:00:00,M-102,67.88,6.6,1503,118.59,50.08,204.36,45.7,0.53,0.0026,0.61,45.56,942,7.4,31,Normal
2023-07-16 22:00:00,M-105,67.37,5.68,1495,121.16,48.68,189.91,44.39,1.02,0.0059,0.37,39.8,958,7.38,48,Normal
2023-07-16 23:00:00,M-102,65.05,4.12,1495,121.76,51.06,203.21,45.1,0.8,0.0063,0.01,21.96,1008,3.81,152,Normal
2023-07-17 00:00:00,M-103,67.18,4.72,1512,121.11,51.21,191.04,44.59,1.31,0.0233,0.22,15.17,966,3.03,90,Normal
2023-07-17 01:00:00,M-105,64.28,4.88,1516,117.79,48.32,187.97,45.95,0.73,0.0082,0.0,39.76,1016,6.73,120,Normal
2023-07-17 02:00:00,M-104,62.6,5.05,1487,120.9,52.41,198.16,43.06,0.91,0.0124,0.01,18.51,1006,2.59,156,Normal
2023-07-17 03:00:00,M-103,67.42,3.42,1499,118.39,50.25,200.59,45.02,1.08,0.0114,0.24,22.29,948,3.77,78,Normal
2023-07-17 04:00:00,M-104,65.01,4.36,1490,123.73,48.15,203.27,44.86,0.83,0.0117,0.0,20.43,1000,3.55,158,Normal
2023-07-17 05:00:00,M-102,66.07,5.54,1497,120.31,49.95,196.59,45.9,1.02,0.0061,0.21,21.5,982,3.55,84,Normal
2023-07-17 06:00:00,M-102,62.43,4.76,1499,119.81,49.61,198.46,44.89,1.29,-0.001,0.0,16.32,1013,2.63,167,Normal
2023-07-17 07:00:00,M-101,73.69,10.16,1414,132.14,53.2,181.53,56.72,4.57,0.0528,1.9,55.86,778,12.14,10,Warning
2023-07-17 08:00:00,M-102,64.08,6.97,1498,122.26,49.85,201.74,45.35,1.18,0.0137,0.39,25.46,943,4.45,57,Normal
2023-07-17 09:00:00,M-104,62.53,4.72,1497,117.68,50.5,202.11,44.98,1.16,0.0082,0.0,20.09,970,2.69,159,Normal
2023-07-17 10:00:00,M-101,65.76,4.21,1524,120.38,51.02,193.43,45.46,0.8,0.0091,0.08,29.43,975,4.72,108,Normal
2023-07-17 11:00:00,M-105,65.71,6.02,1500,126.89,51.18,203.16,45.37,1.12,0.0107,0.28,38.01,969,5.49,59,Normal
2023-07-17 12:00:00,M-102,81.81,26.33,1328,151.86,38.49,173.1,71.32,8.4,0.0775,5.95,100.0,312,27.37,0,Failure
2023-07-17 13:00:00,M-105,66.12,4.36,1500,121.58,51.92,211.77,43.18,1.17,0.0069,0.11,23.4,1009,3.05,105,Normal
2023-07-17 14:00:00,M-102,64.75,4.78,1496,118.81,49.63,203.59,43.28,0.85,0.0175,0.0,16.6,998,3.23,166,Normal
2023-07-17 15:00:00,M-102,62.91,4.05,1492,119.77,50.19,198.47,43.42,0.59,0.0075,0.0,22.22,1010,3.34,155,Normal
2023-07-17 16:00:00,M-103,80.83,23.07,1307,146.55,28.28,171.43,61.39,5.74,0.1498,5.2,100.0,380,25.14,0,Failure
2023-07-17 17:00:00,M-102,63.7,5.3,1518,117.25,49.04,199.26,45.72,0.92,0.0129,0.06,34.01,964,5.24,106,Normal
2023-07-17 18:00:00,M-105,71.46,4.79,1504,121.28,49.91,202.18,47.26,0.85,-0.0012,0.65,29.91,896,5.84,39,Normal
2023-07-17 19:00:00,M-101,67.53,3.72,1504,118.43,48.78,197.02,44.95,0.75,0.0156,0.25,22.39,998,3.51,77,Normal
2023-07-17 20:00:00,M-105,66.61,5.22,1516,116.62,49.79,202.8,45.79,1.16,0.0136,0.2,20.29,1001,2.85,87,Normal
2023-07-17 21:00:00,M-102,66.84,6.75,1494,118.12,51.66,199.66,43.65,0.82,0.0057,0.53,32.93,959,5.5,42,Normal
2023-07-17 22:00:00,M-104,66.59,4.75,1499,123.76,51.26,198.45,45.5,0.8,0.0101,0.16,21.84,996,3.68,95,Normal
2023-07-17 23:00:00,M-105,67.27,5.35,1506,117.52,49.89,206.51,44.5,1.15,0.0052,0.3,17.03,959,2.34,75,Normal
2023-07-18 00:00:00,M-101,69.42,4.12,1479,122.73,48.6,195.94,45.73,1.14,-0.0019,0.44,35.75,940,7.21,46,Normal
2023-07-18 01:00:00,M-103,66.33,6.0,1493,118.45,48.25,193.75,45.68,1.09,0.0139,0.33,25.11,964,4.42,64,Normal
2023-07-18 02:00:00,M-103,65.55,4.52,1505,121.25,48.65,202.43,43.49,0.87,0.0051,0.06,19.94,990,3.09,131,Normal
2023-07-18 03:00:00,M-102,63.44,5.73,1483,116.81,49.73,201.32,44.59,0.93,0.0105,0.15,38.65,992,5.88,77,Normal
2023-07-18 04:00:00,M-101,66.93,5.18,1501,118.98,49.68,199.46,44.57,1.18,0.0056,0.23,30.96,989,5.25,71,Normal
2023-07-18 05:00:00,M-101,67.73,3.95,1492,120.72,49.65,200.96,47.44,0.92,0.0022,0.27,24.92,954,4.38,71,Normal
2023-07-18 06:00:00,M-103,66.41,3.75,1484,121.66,50.24,194.07,44.93,0.74,0.0146,0.14,19.46,988,2.97,103,Normal
2023-07-18 07:00:00,M-104,64.13,6.38,1487,117.83,50.64,199.25,43.92,1.06,0.0083,0.28,15.42,970,2.73,80,Normal
2023-07-18 08:00:00,M-105,65.98,6.18,1491,116.63,48.99,202.78,44.96,1.2,0.0102,0.33,28.58,992,3.85,61,Normal
2023-07-18 09:00:00,M-102,64.02,5.71,1504,118.56,50.63,204.51,44.4,0.93,0.011,0.14,29.98,959,4.38,89,Normal
2023-07-18 10:00:00,M-104,68.9,5.45,1498,121.66,50.63,201.18,43.11,1.08,0.0173,0.48,38.81,931,7.2,41,Normal
2023-07-18 11:00:00,M-103,66.72,5.09,1501,120.46,51.11,201.4,45.09,1.07,0.0122,0.19,29.3,956,5.47,80,Normal
2023-07-18 12:00:00,M-101,64.77,4.38,1503,118.89,50.59,197.89,46.7,1.33,0.0028,0.0,17.3,1006,2.54,165,Normal
2023-07-18 13:00:00,M-102,64.65,3.57,1508,118.45,49.35,202.15,43.81,0.95,0.0137,0.0,23.99,1000,3.97,152,Normal
2023-07-18 14:00:00,M-103,65.04,5.99,1507,119.93,47.62,197.21,45.35,1.01,0.0152,0.2,25.61,975,3.7,82,Normal
2023-07-18 15:00:00,M-105,65.96,3.75,1509,119.1,51.43,207.33,44.4,1.34,0.0071,0.1,35.8,1002,5.55,92,Normal
2023-07-18 16:00:00,M-103,63.13,4.45,1493,118.69,49.05,200.03,44.25,1.23,0.0156,0.0,17.61,1012,2.23,164,Normal
2023-07-18 17:00:00,M-103,63.85,4.97,1491,119.08,50.13,203.59,44.24,0.84,0.0157,0.0,26.98,987,3.67,146,Normal
2023-07-18 18:00:00,M-104,64.82,2.6,1500,122.75,50.0,192.68,44.45,1.12,0.0108,0.0,14.88,1009,2.99,170,Normal
2023-07-18 19:00:00,M-101,63.79,4.82,1505,119.11,50.49,195.24,45.44,0.95,0.002,0.0,20.72,979,3.27,158,Normal
2023-07-18 20:00:00,M-105,67.61,6.38,1497,122.37,50.33,203.51,44.01,1.03,0.0194,0.54,40.81,965,7.32,37,Normal
2023-07-18 21:00:00,M-105,93.95,29.04,1323,137.77,33.16,172.86,69.86,6.05,0.1403,7.7,100.0,100,30.51,0,Failure
2023-07-18 22:00:00,M-102,66.48,5.48,1497,116.68,49.95,202.77,42.84,0.99,0.0095,0.24,36.75,952,5.99,64,Normal
2023-07-18 23:00:00,M-104,82.3,9.32,1489,128.09,45.65,192.34,54.3,2.06,0.0368,2.59,50.91,684,12.43,8,Warning
2023-07-19 00:00:00,M-101,78.36,11.98,1422,127.05,44.18,194.7,54.03,0.55,0.0657,2.73,79.89,685,17.11,3,Warning
2023-07-19 01:00:00,M-105,63.04,4.45,1481,118.8,50.71,196.77,45.62,1.18,0.0132,0.0,19.86,1000,3.57,160,Normal
2023-07-19 02:00:00,M-104,81.41,27.47,1311,143.02,42.59,141.45,79.64,10.75,0.1305,6.13,100.0,281,26.63,0,Failure
2023-07-19 03:00:00,M-102,65.15,2.45,1488,120.96,49.56,191.12,44.37,0.98,0.0147,0.01,19.22,1007,3.12,152,Normal
2023-07-19 04:00:00,M-102,66.06,5.1,1509,117.5,49.42,209.99,41.97,0.87,0.0041,0.13,35.73,986,5.31,85,Normal
2023-07-19 05:00:00,M-102,64.14,5.13,1478,119.62,48.57,197.48,45.16,1.18,0.0063,0.03,32.69,1032,4.51,121,Normal
2023-07-19 06:00:00,M-103,78.84,9.94,1415,126.61,45.84,187.4,56.71,3.11,0.0232,2.37,70.69,740,14.86,5,Warning
2023-07-19 07:00:00,M-105,79.88,17.57,1247,153.8,25.58,178.86,63.87,10.58,0.1701,4.0,100.0,502,22.5,0,Failure
2023-07-19 08:00:00,M-103,63.19,2.26,1501,118.25,51.5,201.5,44.91,1.04,0.0075,0.0,33.51,1033,5.03,132,Normal
2023-07-19 09:00:00,M-101,69.95,12.34,1426,136.88,52.63,189.99,56.43,2.69,0.0524,1.96,62.86,752,13.51,8,Warning
2023-07-19 10:00:00,M-101,64.26,5.75,1499,122.11,48.11,207.61,45.9,0.99,0.0096,0.15,27.69,994,4.28,90,Normal
2023-07-19 11:00:00,M-105,71.99,7.68,1451,138.84,47.19,183.9,60.97,2.27,0.0719,1.24,46.65,816,9.35,17,Warning
2023-07-19 12:00:00,M-105,62.1,4.7,1488,118.08,50.05,204.41,45.54,1.04,0.0157,0.0,15.04,1002,1.84,169,Normal
2023-07-19 13:00:00,M-102,63.76,4.09,1503,118.67,50.78,195.67,44.03,1.05,0.0107,0.0,28.56,1017,3.69,142,Normal
2023-07-19 14:00:00,M-102,66.82,4.62,1503,118.18,50.21,191.21,45.24,0.99,0.0122,0.18,20.38,977,3.8,92,Normal
2023-07-19 15:00:00,M-105,66.89,5.47,1508,122.25,51.27,202.59,44.05,0.95,0.0095,0.28,18.22,952,2.72,76,Normal
2023-07-19 16:00:00,M-102,65.44,5.74,1503,121.53,50.01,201.22,43.23,1.21,0.0085,0.19,27.11,968,4.82,82,Normal
2023-07-19 17:00:00,M-104,65.06,4.75,1492,117.97,50.02,200.79,46.97,1.41,0.0073,0.01,14.97,980,1.63,165,Normal
2023-07-19 18:00:00,M-105,65.87,13.27,1432,128.17,44.71,176.82,57.07,2.44,0.0959,1.74,42.36,781,10.73,14,Warning
2023-07-19 19:00:00,M-101,62.09,3.91,1487,120.89,50.41,204.77,45.08,1.36,0.0127,0.0,19.03,1025,2.93,161,Normal
2023-07-19 20:00:00,M-105,65.36,4.41,1508,121.56,50.58,208.74,46.84,1.01,0.0095,0.04,25.15,967,3.52,130,Normal
2023-07-19 21:00:00,M-104,66.17,6.03,1487,116.67,49.28,196.3,45.22,1.03,0.0173,0.32,18.76,953,2.79,71,Normal
2023-07-19 22:00:00,M-103,68.11,6.07,1482,117.98,50.25,205.65,44.18,1.07,0.0077,0.52,28.87,972,5.13,45,Normal
2023-07-19 23:00:00,M-101,62.61,5.12,1479,122.66,49.54,203.7,45.73,0.75,0.0013,0.02,35.93,984,5.63,116,Normal
2023-07-20 00:00:00,M-102,67.36,5.14,1494,122.46,48.79,192.58,44.6,0.95,0.0018,0.26,21.76,978,3.13,76,Normal
2023-07-20 01:00:00,M-101,71.82,13.13,1478,131.15,45.63,182.65,47.01,3.37,0.0767,2.31,68.76,742,14.88,6,Warning
2023-07-20 02:00:00,M-105,61.49,5.13,1501,117.7,48.96,195.5,44.7,1.04,0.0089,0.03,33.18,1002,5.28,121,Normal
2023-07-20 03:00:00,M-105,66.1,4.64,1508,119.79,50.72,196.92,45.59,0.93,0.0117,0.11,20.36,993,3.07,110,Normal
2023-07-20 04:00:00,M-102,61.32,7.02,1520,120.1,50.41,204.25,44.24,1.11,0.0166,0.4,34.65,915,6.38,49,Normal
2023-07-20 05:00:00,M-103,63.41,3.7,1495,121.72,47.59,196.37,47.68,0.93,0.0102,0.0,18.58,999,3.65,162,Normal
2023-07-20 06:00:00,M-102,61.35,4.66,1508,123.06,48.43,195.28,45.36,1.15,0.0141,0.0,12.26,1029,1.79,175,Normal
2023-07-20 07:00:00,M-105,63.67,5.04,1507,118.13,50.82,190.71,45.22,0.85,0.0179,0.01,18.58,966,2.68,157,Normal
2023-07-20 08:00:00,M-101,65.43,3.71,1495,118.64,48.24,201.19,44.78,1.01,0.0142,0.04,36.74,994,5.17,107,Normal
2023-07-20 09:00:00,M-103,73.8,9.63,1429,131.55,49.84,189.72,58.58,2.27,0.0722,1.81,59.89,816,13.21,9,Warning
2023-07-20 10:00:00,M-103,72.42,14.59,1411,127.51,42.45,197.36,58.74,2.55,0.0246,2.66,69.45,661,15.26,5,Warning
2023-07-20 11:00:00,M-101,61.4,5.37,1501,120.55,49.56,203.29,44.71,1.19,0.0045,0.07,40.9,1008,6.5,91,Normal
2023-07-20 12:00:00,M-102,82.33,17.48,1273,157.81,36.28,199.22,77.41,9.26,0.2227,4.23,100.0,515,22.5,0,Failure
2023-07-20 13:00:00,M-102,66.47,5.47,1503,122.24,49.16,199.24,45.51,0.85,0.0148,0.24,37.81,966,5.51,63,Normal
2023-07-20 14:00:00,M-101,62.79,3.96,1490,118.57,48.6,203.03,44.81,1.11,-0.0015,0.0,38.88,1021,6.65,122,Normal
2023-07-20 15:00:00,M-105,75.25,18.77,1325,144.61,32.5,143.47,72.1,11.53,0.1131,3.78,100.0,548,19.76,0,Failure
2023-07-20 16:00:00,M-103,64.28,2.79,1506,121.39,49.52,203.94,44.05,0.92,0.012,0.0,12.33,1018,1.44,175,Normal
2023-07-20 17:00:00,M-105,64.06,2.99,1499,120.15,50.0,194.96,44.01,0.78,0.0079,0.0,27.43,985,4.82,145,Normal
2023-07-20 18:00:00,M-102,64.51,5.08,1504,124.31,48.03,196.21,47.0,0.82,0.0122,0.02,34.8,979,5.0,122,Normal
2023-07-20 19:00:00,M-105,61.67,3.8,1504,120.81,49.35,197.97,46.93,0.65,0.0101,0.0,31.79,975,4.19,136,Normal
2023-07-20 20:00:00,M-101,68.37,5.41,1511,124.51,49.06,191.9,45.19,1.19,0.0067,0.42,36.4,950,6.86,47,Normal
2023-07-20 21:00:00,M-101,79.43,11.19,1433,135.53,43.69,189.57,55.91,2.81,0.0504,2.68,72.96,661,16.59,4,Warning
2023-07-20 22:00:00,M-102,67.28,4.78,1514,120.44,48.95,202.71,45.42,0.98,0.0063,0.23,21.85,989,3.33,81,Normal
2023-07-20 23:00:00,M-103,62.65,4.88,1507,117.41,49.33,205.11,43.45,1.0,0.0129,0.0,11.0,1041,0.47,178,Normal
2023-07-21 00:00:00,M-101,67.14,3.93,1500,120.95,49.69,193.45,43.8,0.99,0.0069,0.21,21.06,935,2.92,85,Normal
2023-07-21 01:00:00,M-105,63.27,6.3,1518,118.2,50.12,203.12,44.15,0.81,0.0132,0.26,23.5,964,3.94,75,Normal
2023-07-21 02:00:00,M-104,78.65,12.47,1428,130.32,43.87,210.03,54.25,3.74,0.0587,2.86,73.96,654,16.81,4,Warning
2023-07-21 03:00:00,M-103,78.22,13.23,1523,143.02,42.89,185.78,51.14,4.61,0.0412,2.97,62.68,648,14.73,5,Warning
2023-07-21 04:00:00,M-105,69.64,5.29,1486,120.81,50.96,206.52,45.19,1.12,0.0143,0.52,21.0,949,3.66,51,Normal
2023-07-21 05:00:00,M-104,67.32,4.92,1513,116.87,50.53,198.53,45.1,0.86,0.0125,0.23,20.51,953,2.76,82,Normal
2023-07-21 06:00:00,M-103,65.72,4.75,1511,118.14,50.7,197.04,46.13,1.16,0.0151,0.07,22.3,988,4.33,120,Normal
2023-07-21 07:00:00,M-104,67.41,4.88,1488,118.09,49.01,196.56,44.97,1.13,0.0139,0.24,41.82,990,7.21,59,Normal
2023-07-21 08:00:00,M-102,67.13,4.76,1497,117.35,50.88,199.55,46.14,0.76,0.0075,0.21,18.27,993,2.36,88,Normal
2023-07-21 09:00:00,M-104,66.36,4.11,1503,120.9,49.11,201.36,46.81,0.93,0.0154,0.14,39.02,989,6.28,79,Normal
2023-07-21 10:00:00,M-104,66.41,4.94,1514,118.53,50.86,202.82,46.23,1.02,0.0116,0.14,30.19,989,4.83,89,Normal
2023-07-21 11:00:00,M-102,62.29,2.96,1501,122.05,49.79,209.39,45.16,1.48,0.0096,0.0,30.01,1031,4.3,139,Normal
2023-07-21 12:00:00,M-102,64.75,6.26,1503,122.72,51.5,200.09,44.33,1.04,0.015,0.25,40.89,939,6.55,58,Normal
2023-07-21 13:00:00,M-104,68.32,6.69,1392,131.79,41.83,176.18,52.4,1.1,0.0379,0.67,21.73,906,4.85,42,Warning
2023-07-21 14:00:00,M-102,62.58,5.68,1494,120.34,49.37,197.69,44.01,0.76,0.0274,0.14,30.94,967,5.11,89,Normal
2023-07-21 15:00:00,M-101,60.93,5.22,1497,122.24,49.71,198.23,44.94,1.28,0.0021,0.04,40.61,959,5.06,100,Normal
2023-07-21 16:00:00,M-102,82.44,13.25,1465,130.3,42.68,199.73,50.75,2.02,0.0345,3.39,69.6,597,18.85,4,Warning
2023-07-21 17:00:00,M-105,64.67,6.27,1504,119.05,49.42,200.39,45.09,0.9,0.0128,0.25,39.92,970,6.15,59,Normal
2023-07-21 18:00:00,M-102,65.64,4.79,1495,118.46,49.2,197.68,44.76,1.2,0.0081,0.06,23.59,985,3.67,121,Normal
2023-07-21 19:00:00,M-102,65.01,5.93,1508,116.0,50.29,190.15,45.57,1.11,0.005,0.19,35.44,984,5.17,73,Normal
2023-07-21 20:00:00,M-104,65.34,4.66,1496,117.73,47.89,193.62,46.17,0.86,0.0074,0.03,24.99,1016,4.73,132,Normal
2023-07-21 21:00:00,M-105,61.95,5.36,1495,120.8,51.32,200.94,45.71,1.61,0.0151,0.07,33.03,958,3.72,104,Normal
2023-07-21 22:00:00,M-101,63.59,4.34,1497,122.39,47.53,210.05,45.0,1.24,0.0039,0.0,36.01,1014,5.17,127,Normal
2023-07-21 23:00:00,M-104,65.59,4.69,1494,120.74,49.42,202.01,43.43,1.0,0.009,0.06,25.99,948,3.4,119,Normal
2023-07-22 00:00:00,M-101,68.19,8.84,1449,124.89,42.33,197.31,58.56,3.95,0.0173,1.09,46.55,888,9.78,19,Warning
2023-07-22 01:00:00,M-101,64.68,6.47,1503,120.63,50.34,191.53,43.74,0.87,0.0082,0.29,41.44,967,6.57,53,Normal
2023-07-22 02:00:00,M-101,65.58,4.64,1514,117.02,50.78,204.91,44.68,0.71,0.0119,0.06,28.0,1017,4.8,117,Normal
2023-07-22 03:00:00,M-105,66.24,5.35,1506,120.84,48.78,206.65,45.09,1.49,0.0238,0.19,17.5,971,3.11,93,Normal
2023-07-22 04:00:00,M-101,91.19,18.08,1290,140.71,34.21,139.94,79.0,6.39,0.1893,5.24,100.0,376,23.58,0,Failure
2023-07-22 05:00:00,M-101,62.32,6.23,1491,119.08,49.31,204.58,46.67,1.01,0.0078,0.25,22.74,966,4.35,77,Normal
2023-07-22 06:00:00,M-103,68.36,11.46,1410,121.19,38.83,205.88,50.9,2.68,0.0512,1.63,48.31,807,10.54,13,Warning
2023-07-22 07:00:00,M-101,65.32,5.19,1492,118.86,50.53,195.8,44.9,1.23,0.0066,0.07,29.96,989,4.5,109,Normal
2023-07-22 08:00:00,M-104,64.05,4.48,1506,117.45,50.0,200.39,45.92,0.83,0.0035,0.0,21.98,1009,3.36,156,Normal
2023-07-22 09:00:00,M-104,74.67,10.13,1390,128.97,44.61,198.82,55.11,4.19,0.0374,1.99,66.72,755,13.49,7,Warning
2023-07-22 10:00:00,M-103,67.68,3.36,1497,121.55,49.28,198.83,46.26,0.85,0.0124,0.27,14.22,982,2.84,82,Normal
2023-07-22 11:00:00,M-102,63.86,5.15,1503,119.31,49.76,201.52,43.91,0.88,0.0067,0.03,38.94,1016,5.63,109,Normal
2023-07-22 12:00:00,M-105,68.12,5.11,1492,117.12,51.16,200.88,44.77,1.01,0.0138,0.33,22.23,951,3.34,66,Normal
2023-07-22 13:00:00,M-105,61.83,4.58,1490,120.71,50.32,208.81,45.8,0.88,0.0102,0.0,23.99,1004,3.86,152,Normal
2023-07-22 14:00:00,M-101,67.44,3.54,1521,121.0,50.13,202.59,44.04,1.04,0.0085,0.24,25.54,963,4.87,75,Normal
2023-07-22 15:00:00,M-103,65.99,5.29,1505,114.47,51.7,186.77,45.89,1.02,0.0047,0.16,36.4,983,6.02,78,Normal
2023-07-22 16:00:00,M-104,62.16,3.53,1497,121.22,51.31,196.65,42.79,1.09,0.0102,0.0,30.7,1002,4.27,138,Normal
2023-07-22 17:00:00,M-102,64.41,5.29,1492,118.02,50.74,204.85,43.98,1.07,0.0117,0.06,35.42,970,5.59,104,Normal
2023-07-22 18:00:00,M-104,66.04,5.45,1504,118.23,49.02,204.4,44.85,0.61,0.0031,0.19,27.39,950,4.16,81,Normal
2023-07-22 19:00:00,M-103,65.15,5.35,1492,119.1,49.48,203.03,46.31,0.85,0.0169,0.08,15.47,992,2.39,126,Normal
2023-07-22 20:00:00,M-102,69.29,9.88,1473,122.07,44.41,180.19,57.74,3.34,0.0206,1.41,42.12,810,8.14,17,Warning
2023-07-22 21:00:00,M-104,65.02,4.32,1486,118.55,50.81,197.59,45.77,1.07,0.0104,0.0,12.05,998,2.11,174,Normal
2023-07-22 22:00:00,M-101,65.36,5.32,1501,121.01,49.99,200.87,43.99,0.68,0.0044,0.1,38.06,954,6.69,88,Normal
2023-07-22 23:00:00,M-101,66.28,4.23,1495,121.12,50.46,204.39,42.73,0.67,0.0065,0.13,26.48,996,4.58,97,Normal
2023-07-23 00:00:00,M-103,62.38,4.82,1506,120.42,50.05,209.08,43.89,0.79,-0.0026,0.0,38.87,978,6.08,122,Normal
2023-07-23 01:00:00,M-105,63.22,4.69,1494,121.72,50.63,207.31,44.84,0.74,0.0046,0.0,21.77,1017,3.91,156,Normal
2023-07-23 02:00:00,M-103,77.32,8.02,1418,129.0,49.18,197.85,58.2,2.56,0.0498,1.84,66.22,763,13.37,8,Warning
2023-07-23 03:00:00,M-101,73.23,7.72,1427,127.52,44.48,189.05,57.76,2.23,0.0773,1.37,50.4,832,10.46,15,Warning
2023-07-23 04:00:00,M-105,63.93,5.66,1505,121.2,51.41,191.33,43.75,1.11,0.0141,0.13,33.38,997,5.27,87,Normal
2023-07-23 05:00:00,M-104,65.33,2.96,1513,120.68,50.58,201.64,45.46,1.08,0.0174,0.03,22.21,1045,3.94,137,Normal
2023-07-23 06:00:00,M-105,66.28,4.26,1496,121.76,50.05,199.76,44.31,0.85,0.0052,0.13,40.54,974,6.94,78,Normal
2023-07-23 07:00:00,M-104,63.4,5.76,1490,121.3,48.73,206.91,44.73,1.04,0.0106,0.15,41.35,1008,6.18,72,Normal
2023-07-23 08:00:00,M-103,62.5,4.02,1496,123.04,51.01,188.82,44.01,0.98,0.0163,0.0,24.11,1004,4.04,151,Normal
2023-07-23 09:00:00,M-103,64.74,5.69,1500,120.61,49.77,200.9,43.51,0.84,0.0159,0.14,25.77,976,3.61,95,Normal
2023-07-23 10:00:00,M-101,63.42,5.64,1500,122.72,50.14,204.42,43.24,0.91,0.0087,0.13,24.32,968,4.45,100,Normal
2023-07-23 11:00:00,M-104,65.42,3.06,1496,120.76,50.6,195.57,44.49,0.86,0.0081,0.04,36.53,999,5.97,108,Normal
2023-07-23 12:00:00,M-103,73.59,12.98,1463,129.73,45.46,172.7,54.68,2.36,0.034,2.45,54.73,691,13.41,8,Warning
2023-07-23 13:00:00,M-101,65.25,5.47,1504,118.03,51.09,197.62,46.13,0.92,0.0036,0.12,16.99,964,3.26,112,Normal
2023-07-23 14:00:00,M-102,66.11,5.35,1507,125.07,50.82,204.5,47.86,1.1,0.008,0.18,21.86,972,3.27,90,Normal
2023-07-23 15:00:00,M-102,68.81,6.3,1491,120.54,50.23,208.67,44.56,0.56,0.0094,0.64,43.51,917,8.03,31,Normal
2023-07-23 16:00:00,M-104,65.47,5.4,1496,120.27,50.61,194.59,45.18,1.44,0.0059,0.13,15.42,1005,2.79,112,Normal
2023-07-23 17:00:00,M-104,61.58,11.94,1428,125.7,46.0,191.15,55.61,3.17,0.078,1.39,37.59,856,7.72,19,Warning
2023-07-23 18:00:00,M-101,65.24,3.88,1488,119.85,52.48,208.12,45.36,1.1,0.013,0.02,39.42,986,6.42,110,Normal
2023-07-23 19:00:00,M-103,66.38,5.55,1492,116.71,48.8,197.62,43.27,1.36,0.005,0.25,42.53,966,6.94,57,Normal
2023-07-23 20:00:00,M-103,86.44,26.0,1320,153.68,49.28,177.58,65.7,9.08,0.1427,6.34,100.0,245,27.32,0,Failure
2023-07-23 21:00:00,M-102,67.79,4.24,1499,119.22,49.93,201.01,45.01,0.82,0.008,0.28,39.96,979,6.66,56,Normal
2023-07-23 22:00:00,M-103,62.88,5.53,1505,121.02,49.7,205.47,43.88,0.94,0.0137,0.11,14.57,1004,2.4,120,Normal
2023-07-23 23:00:00,M-104,64.89,6.5,1497,120.52,49.41,205.18,45.34,1.35,0.0107,0.3,31.27,970,5.27,62,Normal
2023-07-24 00:00:00,M-104,64.31,5.22,1492,119.88,50.02,194.72,44.43,0.58,0.0038,0.04,21.62,994,4.16,133,Normal
2023-07-24 01:00:00,M-103,64.87,6.24,1504,122.03,52.3,204.09,48.21,1.12,0.0161,0.25,29.57,963,4.22,70,Normal
2023-07-24 02:00:00,M-102,62.04,4.54,1492,116.78,50.38,206.21,44.81,0.67,0.011,0.0,10.69,977,1.9,178,Normal
2023-07-24 03:00:00,M-105,63.24,4.42,1483,117.82,50.76,198.15,45.91,0.81,0.0061,0.0,22.18,1022,3.44,155,Normal
2023-07-24 04:00:00,M-105,64.01,3.46,1497,121.36,48.7,205.94,45.76,1.07,0.0129,0.0,28.05,1002,4.72,143,Normal
2023-07-24 05:00:00,M-105,76.9,11.06,1443,125.77,41.35,200.53,56.84,4.45,0.0622,2.4,71.0,704,14.87,5,Warning
2023-07-24 06:00:00,M-104,66.64,4.17,1488,119.07,51.35,197.71,45.04,0.8,0.0143,0.16,24.14,996,4.52,91,Normal
2023-07-24 07:00:00,M-104,64.78,3.38,1494,121.45,51.25,200.71,44.92,0.9,0.0137,0.0,29.28,979,4.12,141,Normal
2023-07-24 08:00:00,M-102,63.36,6.58,1515,122.38,50.76,205.78,46.96,1.22,0.0113,0.32,33.98,979,6.52,58,Normal
2023-07-24 09:00:00,M-102,61.0,4.77,1491,123.76,49.28,203.12,47.01,1.07,0.0083,0.0,32.02,1004,4.14,135,Normal
2023-07-24 10:00:00,M-102,85.62,19.14,1299,131.64,42.7,155.63,60.41,6.79,0.1677,4.89,100.0,439,24.24,0,Failure
2023-07-24 11:00:00,M-101,65.62,5.17,1501,120.93,51.08,201.92,43.74,0.7,0.0082,0.1,30.36,979,4.93,100,Normal
2023-07-24 12:00:00,M-104,77.23,26.38,1250,143.55,36.03,167.26,64.86,7.12,0.1574,5.5,100.0,357,24.92,0,Failure
2023-07-24 13:00:00,M-101,68.18,7.31,1506,121.39,48.61,197.91,45.89,1.08,0.0126,0.78,36.26,872,5.94,30,Normal
2023-07-24 14:00:00,M-103,63.37,5.44,1499,117.43,49.28,193.35,43.79,0.82,0.0105,0.09,25.6,941,3.72,110,Normal
2023-07-24 15:00:00,M-102,66.9,5.04,1481,119.94,51.41,199.5,44.28,0.71,0.0071,0.2,26.44,953,4.12,82,Normal
2023-07-24 16:00:00,M-102,81.85,7.63,1495,119.97,51.02,194.67,57.37,1.63,0.0435,2.21,68.11,729,13.43,6,Warning
2023-07-24 17:00:00,M-105,81.92,22.95,1319,136.84,37.95,168.72,62.66,4.74,0.2322,5.28,100.0,369,25.35,0,Failure
2023-07-24 18:00:00,M-104,64.75,5.61,1502,119.72,49.7,200.74,44.58,1.01,0.0098,0.12,20.8,956,3.35,106,Normal
2023-07-24 19:00:00,M-102,63.25,4.79,1500,120.65,50.82,187.74,45.46,0.68,0.0047,0.0,18.65,1021,2.18,162,Normal
2023-07-24 20:00:00,M-102,64.09,6.18,1489,123.92,48.33,199.93,44.0,1.01,0.0051,0.24,34.67,928,6.51,67,Normal
2023-07-24 21:00:00,M-102,62.99,1.66,1507,117.55,51.11,199.28,45.6,1.18,0.0211,0.0,32.09,1021,4.91,135,Normal
2023-07-24 22:00:00,M-101,64.54,5.15,1504,118.18,51.52,201.12,45.14,0.83,0.0158,0.03,16.06,995,1.99,149,Normal
2023-07-24 23:00:00,M-104,64.17,6.02,1498,122.36,50.82,199.48,44.11,1.06,0.0115,0.2,13.11,975,2.52,95,Normal
2023-07-25 00:00:00,M-101,64.12,4.65,1492,120.86,49.93,202.99,46.02,0.79,0.0058,0.0,29.46,1013,5.34,141,Normal
2023-07-25 01:00:00,M-101,65.64,4.88,1508,119.77,47.12,201.32,46.09,1.08,0.0007,0.06,18.0,1009,2.96,130,Normal
2023-07-25 02:00:00,M-105,78.2,12.34,1489,124.34,43.79,193.67,57.09,2.45,0.0409,2.79,73.8,652,16.83,4,Warning
2023-07-25 03:00:00,M-101,64.27,2.06,1494,120.8,49.18,201.75,45.7,1.23,0.0047,0.0,23.79,1023,3.58,152,Normal
2023-07-25 04:00:00,M-102,64.28,4.76,1504,116.6,47.98,196.61,43.7,0.55,0.0137,0.0,30.44,984,5.09,139,Normal
2023-07-25 05:00:00,M-101,66.34,5.22,1482,123.15,48.86,207.46,44.71,1.2,0.0143,0.18,36.07,985,5.95,74,Normal
2023-07-25 06:00:00,M-104,65.35,4.38,1488,120.85,51.29,199.37,45.15,0.74,0.0077,0.03,26.43,971,3.26,129,Normal
2023-07-25 07:00:00,M-102,64.64,5.5,1502,119.72,50.83,203.03,44.8,0.97,0.0035,0.1,27.21,989,4.56,103,Normal
2023-07-25 08:00:00,M-102,64.76,4.77,1491,120.64,51.14,197.51,44.61,0.9,0.0042,0.0,21.48,1002,3.24,157,Normal
2023-07-25 09:00:00,M-103,65.72,6.02,1512,120.99,49.59,197.44,45.46,1.15,0.0039,0.28,15.07,1014,3.02,80,Normal
2023-07-25 10:00:00,M-103,65.47,4.49,1495,121.99,49.49,195.56,46.78,0.76,0.0144,0.05,22.74,990,3.22,130,Normal
2023-07-25 11:00:00,M-101,63.57,6.49,1498,119.55,50.26,203.16,44.47,0.56,0.0158,0.3,39.01,972,6.01,55,Normal
2023-07-25 12:00:00,M-102,60.4,3.33,1500,123.28,49.57,203.24,45.08,1.12,0.0154,0.0,18.78,1018,3.35,162,Normal
2023-07-25 13:00:00,M-101,64.17,5.47,1514,117.68,48.19,196.63,43.24,0.75,0.0157,0.09,34.3,971,5.3,95,Normal
2023-07-25 14:00:00,M-102,62.52,6.31,1510,120.14,51.14,199.54,45.71,1.17,0.0047,0.26,17.62,977,2.83,80,Normal
2023-07-25 15:00:00,M-101,65.19,5.66,1514,118.72,49.34,207.91,44.66,1.04,0.0113,0.15,16.62,981,3.77,103,Normal
2023-07-25 16:00:00,M-104,68.04,4.09,1517,119.35,49.93,193.03,43.64,0.87,0.0144,0.3,29.43,1010,4.49,63,Normal
2023-07-25 17:00:00,M-104,65.54,3.53,1489,120.86,49.78,195.93,44.53,1.22,0.0089,0.05,17.61,1004,1.88,135,Normal
2023-07-25 18:00:00,M-103,74.04,8.59,1413,123.78,43.16,199.01,52.96,3.56,0.0812,1.62,47.83,808,10.49,13,Warning
2023-07-25 19:00:00,M-105,64.49,3.0,1499,120.19,49.53,198.33,44.9,1.01,0.0091,0.0,23.63,1023,3.03,152,Normal
2023-07-25 20:00:00,M-102,66.35,5.57,1490,123.61,52.82,210.06,44.0,0.96,0.0041,0.25,40.74,957,5.96,59,Normal
2023-07-25 21:00:00,M-102,66.89,6.13,1502,120.33,49.99,200.6,45.35,0.91,0.014,0.42,31.52,953,5.95,51,Normal
2023-07-25 22:00:00,M-101,67.41,5.36,1507,120.15,50.07,204.75,44.4,0.97,0.0031,0.31,34.77,977,5.64,57,Normal
2023-07-25 23:00:00,M-102,67.62,3.11,1505,122.88,51.1,201.99,44.04,1.18,0.0069,0.26,33.83,965,5.57,64,Normal
2023-07-26 00:00:00,M-104,62.83,4.45,1498,119.7,50.72,196.79,44.97,1.3,0.0141,0.0,37.24,1002,5.37,125,Normal
2023-07-26 01:00:00,M-102,67.21,5.84,1497,120.71,51.56,194.05,44.26,1.09,0.0066,0.39,16.03,940,3.8,65,Normal
2023-07-26 02:00:00,M-105,64.8,5.69,1496,118.42,51.26,206.63,44.36,0.89,0.0145,0.14,19.32,969,3.54,104,Normal
2023-07-26 03:00:00,M-101,76.58,10.71,1425,126.98,42.33,186.86,55.11,3.74,0.0508,2.3,71.93,720,16.24,5,Warning
2023-07-26 04:00:00,M-104,65.04,6.49,1513,119.81,49.37,204.29,46.13,1.28,0.0129,0.3,42.27,956,7.04,52,Normal
2023-07-26 05:00:00,M-104,71.23,5.93,1410,126.43,46.18,178.48,56.23,3.31,0.0911,0.81,31.67,910,5.33,32,Warning
2023-07-26 06:00:00,M-102,63.9,6.62,1503,118.43,51.45,200.11,45.13,1.18,0.007,0.32,23.16,990,3.95,67,Normal
2023-07-26 07:00:00,M-103,65.47,4.74,1496,117.54,49.59,198.75,45.42,0.84,0.0055,0.05,13.02,970,2.12,146,Normal
2023-07-26 08:00:00,M-102,63.95,4.02,1504,118.8,50.47,197.33,46.63,1.01,0.0146,0.0,18.3,997,2.44,163,Normal
2023-07-26 09:00:00,M-101,65.97,2.69,1487,118.04,52.05,205.27,45.26,0.92,0.0071,0.1,38.62,976,6.32,88,Normal
2023-07-26 10:00:00,M-105,63.34,5.08,1495,121.14,48.99,202.36,45.86,0.98,0.0034,0.02,14.77,1032,1.78,160,Normal
2023-07-26 11:00:00,M-103,66.91,7.0,1513,116.84,50.35,202.75,46.73,0.88,0.0094,0.59,42.59,905,6.9,34,Normal
2023-07-26 12:00:00,M-103,66.52,5.02,1502,123.26,49.51,197.1,44.8,0.76,0.0147,0.16,15.24,997,0.83,104,Normal
2023-07-26 13:00:00,M-101,63.44,3.21,1494,123.81,47.22,191.67,46.35,0.97,0.0122,0.0,23.96,1001,3.66,152,Normal
2023-07-26 14:00:00,M-105,67.2,4.99,1520,119.84,49.49,200.63,45.3,0.76,0.0124,0.22,34.44,1015,5.34,69,Normal
2023-07-26 15:00:00,M-103,65.93,5.76,1519,119.41,49.59,205.3,44.77,0.88,0.0073,0.24,21.27,930,3.32,79,Normal
2023-07-26 16:00:00,M-102,64.97,4.09,1496,124.99,48.49,207.12,45.34,0.76,0.0134,0.0,29.49,1000,4.31,141,Normal
2023-07-26 17:00:00,M-101,65.31,6.24,1508,119.89,50.25,198.16,46.19,1.37,0.0057,0.28,23.86,950,3.96,71,Normal
2023-07-26 18:00:00,M-101,82.83,26.15,1331,146.3,32.0,164.14,69.34,5.21,0.1445,6.01,100.0,259,27.23,0,Failure
2023-07-26 19:00:00,M-105,67.84,4.09,1502,114.31,48.61,203.74,44.47,1.06,0.0024,0.28,15.26,911,2.51,79,Normal
2023-07-26 20:00:00,M-104,63.87,5.78,1497,118.04,48.17,202.87,45.65,1.07,0.0089,0.16,12.94,974,2.18,107,Normal
2023-07-26 21:00:00,M-103,66.98,4.94,1507,122.37,48.61,205.63,44.8,1.01,0.0107,0.2,25.61,984,3.5,82,Normal
2023-07-26 22:00:00,M-103,66.69,4.25,1512,121.1,50.47,198.67,45.55,0.72,0.0103,0.17,15.49,966,3.09,100,Normal
2023-07-26 23:00:00,M-103,64.19,5.25,1503,122.22,48.13,203.52,43.91,0.76,0.0068,0.05,31.35,975,4.91,114,Normal
2023-07-27 00:00:00,M-104,65.45,3.67,1512,116.01,49.19,194.59,45.38,0.9,0.0091,0.05,24.15,981,3.48,128,Normal
2023-07-27 01:00:00,M-103,62.55,3.57,1495,119.44,50.08,202.47,43.79,0.72,0.0138,0.0,25.82,993,4.86,148,Normal
2023-07-27 02:00:00,M-103,80.58,26.17,1337,139.2,31.07,166.77,69.57,6.06,0.2329,5.79,100.0,291,26.22,0,Failure
2023-07-27 03:00:00,M-101,67.17,5.87,1502,120.37,49.62,204.53,45.66,0.89,0.0021,0.39,44.93,937,6.99,42,Normal
2023-07-27 04:00:00,M-105,67.33,4.82,1497,122.81,48.05,199.11,44.93,0.84,0.0169,0.23,14.09,953,2.43,88,Normal
2023-07-27 05:00:00,M-102,67.39,3.66,1498,119.7,50.64,197.67,45.61,1.05,0.0062,0.24,22.1,949,4.84,79,Normal
2023-07-27 06:00:00,M-104,62.73,4.78,1499,116.56,50.37,197.75,45.78,1.01,0.0014,0.0,20.57,1012,2.57,158,Normal
2023-07-27 07:00:00,M-101,63.96,4.94,1488,119.11,49.75,200.55,43.5,0.83,0.0061,0.0,17.24,1030,3.07,165,Normal
2023-07-27 08:00:00,M-102,68.16,4.83,1495,120.4,51.36,195.75,44.52,0.9,0.0029,0.32,24.45,979,5.13,66,Normal
2023-07-27 09:00:00,M-101,75.6,14.94,1449,131.39,43.71,200.6,55.55,2.81,0.0102,3.05,66.99,642,16.34,5,Warning
2023-07-27 10:00:00,M-101,87.7,26.77,1320,144.36,34.56,164.68,72.0,6.65,0.1627,6.62,100.0,189,28.07,0,Failure
2023-07-27 11:00:00,M-102,73.7,11.22,1473,133.94,46.63,195.74,56.54,0.54,0.0565,2.11,52.93,738,13.24,9,Warning
2023-07-27 12:00:00,M-102,63.03,4.56,1518,125.39,49.05,201.12,45.2,1.07,0.0031,0.0,19.57,1024,2.71,160,Normal
2023-07-27 13:00:00,M-102,89.91,25.07,1409,138.18,29.0,167.54,72.15,7.91,0.168,6.51,100.0,223,27.74,0,Failure
2023-07-27 14:00:00,M-105,68.73,3.23,1495,118.19,50.78,207.87,44.63,1.12,0.0172,0.37,25.91,961,3.71,59,Normal
2023-07-27 15:00:00,M-105,69.11,4.87,1516,122.33,50.23,201.31,46.89,0.79,0.0094,0.41,34.49,938,5.58,49,Normal
2023-07-27 16:00:00,M-103,65.74,5.36,1498,118.81,49.93,204.31,45.82,1.0,0.0111,0.15,12.46,979,2.14,110,Normal
2023-07-27 17:00:00,M-102,63.35,4.77,1496,119.65,48.11,203.58,44.81,1.06,0.0125,0.0,28.05,977,4.51,143,Normal
2023-07-27 18:00:00,M-103,64.69,3.85,1519,119.23,49.51,204.61,44.96,1.21,0.0044,0.0,22.51,1001,2.6,154,Normal
2023-07-27 19:00:00,M-104,65.19,3.68,1503,120.52,50.95,201.22,47.94,0.92,0.0115,0.02,18.95,983,3.35,150,Normal
2023-07-27 20:00:00,M-104,60.06,5.17,1502,118.1,49.72,192.79,45.53,0.92,0.0139,0.03,20.28,989,3.26,140,Normal
2023-07-27 21:00:00,M-105,62.49,7.1,1509,117.87,48.83,205.53,45.79,1.11,0.0046,0.42,21.03,935,4.59,58,Normal
2023-07-27 22:00:00,M-102,66.75,6.55,1487,120.61,50.73,193.02,46.02,1.42,0.0133,0.49,25.58,953,4.6,50,Normal
2023-07-27 23:00:00,M-104,64.07,5.1,1499,118.84,48.86,198.64,44.3,0.72,0.0106,0.02,36.87,1000,5.92,116,Normal
2023-07-28 00:00:00,M-101,65.45,6.16,1509,121.21,50.28,199.95,44.42,0.81,0.0119,0.28,19.7,974,3.6,76,Normal
2023-07-28 01:00:00,M-103,71.58,6.0,1476,120.56,48.16,197.93,45.18,0.91,-0.001,0.86,48.98,898,8.78,23,Normal
2023-07-28 02:00:00,M-101,64.42,5.67,1514,120.63,50.19,191.7,43.64,0.7,0.009,0.13,16.85,967,2.27,108,Normal
2023-07-28 03:00:00,M-104,62.55,5.81,1498,120.48,50.07,206.43,45.38,1.1,0.0136,0.16,29.44,963,5.63,85,Normal
2023-07-28 04:00:00,M-103,65.93,3.79,1514,120.13,50.28,200.59,45.21,1.33,0.0162,0.09,21.62,1020,2.63,114,Normal
2023-07-28 05:00:00,M-103,64.82,4.19,1517,123.77,50.01,198.45,44.75,1.04,0.0143,0.0,17.09,1067,2.03,165,Normal
2023-07-28 06:00:00,M-103,66.23,4.59,1494,122.65,50.84,196.01,43.52,1.12,0.0116,0.12,39.12,996,5.59,81,Normal
2023-07-28 07:00:00,M-102,64.65,5.17,1507,122.84,51.79,191.64,44.81,1.3,0.0139,0.03,33.77,1012,4.77,116,Normal
